2025-11-25T14:53:41.557+05:30  INFO 8556 --- [crm-system-backend] [main] c.e.c.CrmSystemBackendApplication        : Starting CrmSystemBackendApplication using Java 17.0.16 with PID 8556 (D:\assignments\case_studys\crm-system\crm-system-backend\target\classes started by Perennial in D:\assignments\case_studys\crm-system)
2025-11-25T14:53:41.563+05:30  INFO 8556 --- [crm-system-backend] [main] c.e.c.CrmSystemBackendApplication        : No active profile set, falling back to 1 default profile: "default"
2025-11-25T14:53:42.529+05:30  INFO 8556 --- [crm-system-backend] [main] .s.d.r.c.RepositoryConfigurationDelegate : Bootstrapping Spring Data JPA repositories in DEFAULT mode.
2025-11-25T14:53:42.625+05:30  INFO 8556 --- [crm-system-backend] [main] .s.d.r.c.RepositoryConfigurationDelegate : Finished Spring Data repository scanning in 88 ms. Found 5 JPA repository interfaces.
2025-11-25T14:53:43.200+05:30  INFO 8556 --- [crm-system-backend] [main] o.s.b.w.embedded.tomcat.TomcatWebServer  : Tomcat initialized with port 8080 (http)
2025-11-25T14:53:43.213+05:30  INFO 8556 --- [crm-system-backend] [main] o.apache.catalina.core.StandardService   : Starting service [Tomcat]
2025-11-25T14:53:43.213+05:30  INFO 8556 --- [crm-system-backend] [main] o.apache.catalina.core.StandardEngine    : Starting Servlet engine: [Apache Tomcat/10.1.48]
2025-11-25T14:53:43.461+05:30  INFO 8556 --- [crm-system-backend] [main] org.apache.jasper.servlet.TldScanner     : At least one JAR was scanned for TLDs yet contained no TLDs. Enable debug logging for this logger for a complete list of JARs that were scanned but no TLDs were found in them. Skipping unneeded JARs during scanning can improve startup time and JSP compilation time.
2025-11-25T14:53:43.469+05:30  INFO 8556 --- [crm-system-backend] [main] o.a.c.c.C.[Tomcat].[localhost].[/]       : Initializing Spring embedded WebApplicationContext
2025-11-25T14:53:43.470+05:30  INFO 8556 --- [crm-system-backend] [main] w.s.c.ServletWebServerApplicationContext : Root WebApplicationContext: initialization completed in 1820 ms
2025-11-25T14:53:43.567+05:30  INFO 8556 --- [crm-system-backend] [main] com.zaxxer.hikari.HikariDataSource       : HikariPool-1 - Starting...
2025-11-25T14:53:43.744+05:30  INFO 8556 --- [crm-system-backend] [main] com.zaxxer.hikari.pool.HikariPool        : HikariPool-1 - Added connection com.mysql.cj.jdbc.ConnectionImpl@59e7564b
2025-11-25T14:53:43.747+05:30  INFO 8556 --- [crm-system-backend] [main] com.zaxxer.hikari.HikariDataSource       : HikariPool-1 - Start completed.
2025-11-25T14:53:44.531+05:30  INFO 8556 --- [crm-system-backend] [main] o.hibernate.jpa.internal.util.LogHelper  : HHH000204: Processing PersistenceUnitInfo [name: default]
2025-11-25T14:53:44.610+05:30  INFO 8556 --- [crm-system-backend] [main] org.hibernate.Version                    : HHH000412: Hibernate ORM core version 6.6.33.Final
2025-11-25T14:53:44.652+05:30  INFO 8556 --- [crm-system-backend] [main] o.h.c.internal.RegionFactoryInitiator    : HHH000026: Second-level cache disabled
2025-11-25T14:53:44.991+05:30  INFO 8556 --- [crm-system-backend] [main] o.s.o.j.p.SpringPersistenceUnitInfo      : No LoadTimeWeaver setup: ignoring JPA class transformer
2025-11-25T14:53:45.103+05:30  INFO 8556 --- [crm-system-backend] [main] org.hibernate.orm.connections.pooling    : HHH10001005: Database info:
	Database JDBC URL [Connecting through datasource 'HikariDataSource (HikariPool-1)']
	Database driver: undefined/unknown
	Database version: 8.0.43
	Autocommit mode: undefined/unknown
	Isolation level: undefined/unknown
	Minimum pool size: undefined/unknown
	Maximum pool size: undefined/unknown
2025-11-25T14:53:46.271+05:30  INFO 8556 --- [crm-system-backend] [main] o.h.e.t.j.p.i.JtaPlatformInitiator       : HHH000489: No JTA platform available (set 'hibernate.transaction.jta.platform' to enable JTA platform integration)
2025-11-25T14:53:46.358+05:30  INFO 8556 --- [crm-system-backend] [main] j.LocalContainerEntityManagerFactoryBean : Initialized JPA EntityManagerFactory for persistence unit 'default'
2025-11-25T14:53:46.756+05:30  INFO 8556 --- [crm-system-backend] [main] org.quartz.impl.StdSchedulerFactory      : Using default implementation for ThreadExecutor
2025-11-25T14:53:46.767+05:30  INFO 8556 --- [crm-system-backend] [main] org.quartz.core.SchedulerSignalerImpl    : Initialized Scheduler Signaller of type: class org.quartz.core.SchedulerSignalerImpl
2025-11-25T14:53:46.768+05:30  INFO 8556 --- [crm-system-backend] [main] org.quartz.core.QuartzScheduler          : Quartz Scheduler v2.5.0 created.
2025-11-25T14:53:46.771+05:30  INFO 8556 --- [crm-system-backend] [main] o.s.s.quartz.LocalDataSourceJobStore     : Using db table-based data access locking (synchronization).
2025-11-25T14:53:46.773+05:30  INFO 8556 --- [crm-system-backend] [main] o.s.s.quartz.LocalDataSourceJobStore     : JobStoreCMT initialized.
2025-11-25T14:53:46.773+05:30  INFO 8556 --- [crm-system-backend] [main] org.quartz.core.QuartzScheduler          : Scheduler meta-data: Quartz Scheduler (v2.5.0) 'quartzScheduler' with instanceId 'NON_CLUSTERED'
  Scheduler class: 'org.quartz.core.QuartzScheduler' - running locally.
  NOT STARTED.
  Currently in standby mode.
  Number of jobs executed: 0
  Using thread pool 'org.quartz.simpl.SimpleThreadPool' - with 5 threads.
  Using job-store 'org.springframework.scheduling.quartz.LocalDataSourceJobStore' - which supports persistence. and is not clustered.

2025-11-25T14:53:46.774+05:30  INFO 8556 --- [crm-system-backend] [main] org.quartz.impl.StdSchedulerFactory      : Quartz scheduler 'quartzScheduler' initialized from an externally provided properties instance.
2025-11-25T14:53:46.774+05:30  INFO 8556 --- [crm-system-backend] [main] org.quartz.impl.StdSchedulerFactory      : Quartz scheduler version: 2.5.0
2025-11-25T14:53:46.774+05:30  INFO 8556 --- [crm-system-backend] [main] org.quartz.core.QuartzScheduler          : JobFactory set to: org.springframework.scheduling.quartz.SpringBeanJobFactory@6a0a0f12
2025-11-25T14:53:47.036+05:30  INFO 8556 --- [crm-system-backend] [main] o.s.d.j.r.query.QueryEnhancerFactory     : Hibernate is in classpath; If applicable, HQL parser will be used.
2025-11-25T14:53:47.789+05:30  WARN 8556 --- [crm-system-backend] [main] JpaBaseConfiguration$JpaWebConfiguration : spring.jpa.open-in-view is enabled by default. Therefore, database queries may be performed during view rendering. Explicitly configure spring.jpa.open-in-view to disable this warning
2025-11-25T14:53:48.452+05:30  INFO 8556 --- [crm-system-backend] [main] o.s.b.w.embedded.tomcat.TomcatWebServer  : Tomcat started on port 8080 (http) with context path '/'
2025-11-25T14:53:48.455+05:30  INFO 8556 --- [crm-system-backend] [main] o.s.s.quartz.SchedulerFactoryBean        : Starting Quartz Scheduler now
2025-11-25T14:53:48.473+05:30  INFO 8556 --- [crm-system-backend] [main] o.s.s.quartz.LocalDataSourceJobStore     : Freed 0 triggers from 'acquired' / 'blocked' state.
2025-11-25T14:53:48.476+05:30  INFO 8556 --- [crm-system-backend] [main] o.s.s.quartz.LocalDataSourceJobStore     : Recovering 0 jobs that were in-progress at the time of the last shut-down.
2025-11-25T14:53:48.476+05:30  INFO 8556 --- [crm-system-backend] [main] o.s.s.quartz.LocalDataSourceJobStore     : Recovery complete.
2025-11-25T14:53:48.477+05:30  INFO 8556 --- [crm-system-backend] [main] o.s.s.quartz.LocalDataSourceJobStore     : Removed 0 'complete' triggers.
2025-11-25T14:53:48.478+05:30  INFO 8556 --- [crm-system-backend] [main] o.s.s.quartz.LocalDataSourceJobStore     : Removed 0 stale fired job entries.
2025-11-25T14:53:48.480+05:30  INFO 8556 --- [crm-system-backend] [main] org.quartz.core.QuartzScheduler          : Scheduler quartzScheduler_$_NON_CLUSTERED started.
2025-11-25T14:53:48.493+05:30  INFO 8556 --- [crm-system-backend] [main] c.e.c.CrmSystemBackendApplication        : Started CrmSystemBackendApplication in 7.717 seconds (process running for 9.078)
2025-11-25T14:55:04.075+05:30  INFO 8556 --- [crm-system-backend] [http-nio-8080-exec-1] o.a.c.c.C.[Tomcat].[localhost].[/]       : Initializing Spring DispatcherServlet 'dispatcherServlet'
2025-11-25T14:55:04.076+05:30  INFO 8556 --- [crm-system-backend] [http-nio-8080-exec-1] o.s.web.servlet.DispatcherServlet        : Initializing Servlet 'dispatcherServlet'
2025-11-25T14:55:04.077+05:30  INFO 8556 --- [crm-system-backend] [http-nio-8080-exec-1] o.s.web.servlet.DispatcherServlet        : Completed initialization in 1 ms
2025-11-25T15:03:19.200+05:30  INFO 8556 --- [crm-system-backend] [SpringApplicationShutdownHook] org.quartz.core.QuartzScheduler          : Scheduler quartzScheduler_$_NON_CLUSTERED paused.
2025-11-25T15:03:19.202+05:30  INFO 8556 --- [crm-system-backend] [SpringApplicationShutdownHook] o.s.b.w.e.tomcat.GracefulShutdown        : Commencing graceful shutdown. Waiting for active requests to complete
2025-11-25T15:03:19.393+05:30  INFO 8556 --- [crm-system-backend] [tomcat-shutdown] o.s.b.w.e.tomcat.GracefulShutdown        : Graceful shutdown complete
2025-11-25T15:03:19.397+05:30  INFO 8556 --- [crm-system-backend] [SpringApplicationShutdownHook] o.s.s.quartz.SchedulerFactoryBean        : Shutting down Quartz Scheduler
2025-11-25T15:03:19.397+05:30  INFO 8556 --- [crm-system-backend] [SpringApplicationShutdownHook] org.quartz.core.QuartzScheduler          : Scheduler quartzScheduler_$_NON_CLUSTERED shutting down.
2025-11-25T15:03:19.397+05:30  INFO 8556 --- [crm-system-backend] [SpringApplicationShutdownHook] org.quartz.core.QuartzScheduler          : Scheduler quartzScheduler_$_NON_CLUSTERED paused.
2025-11-25T15:03:19.398+05:30  INFO 8556 --- [crm-system-backend] [SpringApplicationShutdownHook] org.quartz.core.QuartzScheduler          : Scheduler quartzScheduler_$_NON_CLUSTERED shutdown complete.
2025-11-25T15:03:19.400+05:30  INFO 8556 --- [crm-system-backend] [SpringApplicationShutdownHook] j.LocalContainerEntityManagerFactoryBean : Closing JPA EntityManagerFactory for persistence unit 'default'
2025-11-25T15:03:19.402+05:30  INFO 8556 --- [crm-system-backend] [SpringApplicationShutdownHook] com.zaxxer.hikari.HikariDataSource       : HikariPool-1 - Shutdown initiated...
2025-11-25T15:03:19.409+05:30  INFO 8556 --- [crm-system-backend] [SpringApplicationShutdownHook] com.zaxxer.hikari.HikariDataSource       : HikariPool-1 - Shutdown completed.
2025-11-25 15:03:23 INFO  o.h.validator.internal.util.Version - HV000001: Hibernate Validator 8.0.3.Final
2025-11-25 15:03:23 INFO  c.e.c.CrmSystemBackendApplication - Starting CrmSystemBackendApplication using Java 17.0.16 with PID 14760 (D:\assignments\case_studys\crm-system\crm-system-backend\target\classes started by Perennial in D:\assignments\case_studys\crm-system)
2025-11-25 15:03:23 INFO  c.e.c.CrmSystemBackendApplication - No active profile set, falling back to 1 default profile: "default"
2025-11-25 15:03:24 INFO  o.s.d.r.c.RepositoryConfigurationDelegate - Bootstrapping Spring Data JPA repositories in DEFAULT mode.
2025-11-25 15:03:24 INFO  o.s.d.r.c.RepositoryConfigurationDelegate - Finished Spring Data repository scanning in 91 ms. Found 5 JPA repository interfaces.
2025-11-25 15:03:25 INFO  o.s.b.w.e.tomcat.TomcatWebServer - Tomcat initialized with port 8080 (http)
2025-11-25 15:03:25 INFO  o.a.coyote.http11.Http11NioProtocol - Initializing ProtocolHandler ["http-nio-8080"]
2025-11-25 15:03:25 INFO  o.a.catalina.core.StandardService - Starting service [Tomcat]
2025-11-25 15:03:25 INFO  o.a.catalina.core.StandardEngine - Starting Servlet engine: [Apache Tomcat/10.1.48]
2025-11-25 15:03:25 INFO  o.apache.jasper.servlet.TldScanner - At least one JAR was scanned for TLDs yet contained no TLDs. Enable debug logging for this logger for a complete list of JARs that were scanned but no TLDs were found in them. Skipping unneeded JARs during scanning can improve startup time and JSP compilation time.
2025-11-25 15:03:25 INFO  o.a.c.c.C.[Tomcat].[localhost].[/] - Initializing Spring embedded WebApplicationContext
2025-11-25 15:03:25 INFO  o.s.b.w.s.c.ServletWebServerApplicationContext - Root WebApplicationContext: initialization completed in 1742 ms
2025-11-25 15:03:25 INFO  com.zaxxer.hikari.HikariDataSource - HikariPool-1 - Starting...
2025-11-25 15:03:25 INFO  com.zaxxer.hikari.pool.HikariPool - HikariPool-1 - Added connection com.mysql.cj.jdbc.ConnectionImpl@362a561e
2025-11-25 15:03:25 INFO  com.zaxxer.hikari.HikariDataSource - HikariPool-1 - Start completed.
2025-11-25 15:03:26 INFO  o.h.jpa.internal.util.LogHelper - HHH000204: Processing PersistenceUnitInfo [name: default]
2025-11-25 15:03:26 INFO  org.hibernate.Version - HHH000412: Hibernate ORM core version 6.6.33.Final
2025-11-25 15:03:26 INFO  o.h.c.i.RegionFactoryInitiator - HHH000026: Second-level cache disabled
2025-11-25 15:03:26 INFO  o.s.o.j.p.SpringPersistenceUnitInfo - No LoadTimeWeaver setup: ignoring JPA class transformer
2025-11-25 15:03:27 INFO  o.hibernate.orm.connections.pooling - HHH10001005: Database info:
	Database JDBC URL [Connecting through datasource 'HikariDataSource (HikariPool-1)']
	Database driver: undefined/unknown
	Database version: 8.0.43
	Autocommit mode: undefined/unknown
	Isolation level: undefined/unknown
	Minimum pool size: undefined/unknown
	Maximum pool size: undefined/unknown
2025-11-25 15:03:28 INFO  o.h.e.t.j.p.i.JtaPlatformInitiator - HHH000489: No JTA platform available (set 'hibernate.transaction.jta.platform' to enable JTA platform integration)
2025-11-25 15:03:28 INFO  o.s.o.j.LocalContainerEntityManagerFactoryBean - Initialized JPA EntityManagerFactory for persistence unit 'default'
2025-11-25 15:03:28 INFO  org.quartz.impl.StdSchedulerFactory - Using default implementation for ThreadExecutor
2025-11-25 15:03:28 INFO  o.quartz.core.SchedulerSignalerImpl - Initialized Scheduler Signaller of type: class org.quartz.core.SchedulerSignalerImpl
2025-11-25 15:03:28 INFO  org.quartz.core.QuartzScheduler - Quartz Scheduler v2.5.0 created.
2025-11-25 15:03:28 INFO  o.s.s.quartz.LocalDataSourceJobStore - Using db table-based data access locking (synchronization).
2025-11-25 15:03:28 INFO  o.s.s.quartz.LocalDataSourceJobStore - JobStoreCMT initialized.
2025-11-25 15:03:28 INFO  org.quartz.core.QuartzScheduler - Scheduler meta-data: Quartz Scheduler (v2.5.0) 'quartzScheduler' with instanceId 'NON_CLUSTERED'
  Scheduler class: 'org.quartz.core.QuartzScheduler' - running locally.
  NOT STARTED.
  Currently in standby mode.
  Number of jobs executed: 0
  Using thread pool 'org.quartz.simpl.SimpleThreadPool' - with 5 threads.
  Using job-store 'org.springframework.scheduling.quartz.LocalDataSourceJobStore' - which supports persistence. and is not clustered.

2025-11-25 15:03:28 INFO  org.quartz.impl.StdSchedulerFactory - Quartz scheduler 'quartzScheduler' initialized from an externally provided properties instance.
2025-11-25 15:03:28 INFO  org.quartz.impl.StdSchedulerFactory - Quartz scheduler version: 2.5.0
2025-11-25 15:03:28 INFO  org.quartz.core.QuartzScheduler - JobFactory set to: org.springframework.scheduling.quartz.SpringBeanJobFactory@900ffc4
2025-11-25 15:03:28 INFO  o.s.d.j.r.query.QueryEnhancerFactory - Hibernate is in classpath; If applicable, HQL parser will be used.
2025-11-25 15:03:29 WARN  o.s.b.a.o.j.JpaBaseConfiguration$JpaWebConfiguration - spring.jpa.open-in-view is enabled by default. Therefore, database queries may be performed during view rendering. Explicitly configure spring.jpa.open-in-view to disable this warning
2025-11-25 15:03:30 INFO  o.a.coyote.http11.Http11NioProtocol - Starting ProtocolHandler ["http-nio-8080"]
2025-11-25 15:03:30 INFO  o.s.b.w.e.tomcat.TomcatWebServer - Tomcat started on port 8080 (http) with context path '/'
2025-11-25 15:03:30 INFO  o.s.s.quartz.SchedulerFactoryBean - Starting Quartz Scheduler now
2025-11-25 15:03:30 INFO  o.s.s.quartz.LocalDataSourceJobStore - Freed 0 triggers from 'acquired' / 'blocked' state.
2025-11-25 15:03:30 INFO  o.s.s.quartz.LocalDataSourceJobStore - Recovering 0 jobs that were in-progress at the time of the last shut-down.
2025-11-25 15:03:30 INFO  o.s.s.quartz.LocalDataSourceJobStore - Recovery complete.
2025-11-25 15:03:30 INFO  o.s.s.quartz.LocalDataSourceJobStore - Removed 0 'complete' triggers.
2025-11-25 15:03:30 INFO  o.s.s.quartz.LocalDataSourceJobStore - Removed 0 stale fired job entries.
2025-11-25 15:03:30 INFO  org.quartz.core.QuartzScheduler - Scheduler quartzScheduler_$_NON_CLUSTERED started.
2025-11-25 15:03:30 INFO  c.e.c.CrmSystemBackendApplication - Started CrmSystemBackendApplication in 7.548 seconds (process running for 9.074)
2025-11-25 15:06:44 INFO  o.a.c.c.C.[Tomcat].[localhost].[/] - Initializing Spring DispatcherServlet 'dispatcherServlet'
2025-11-25 15:06:44 INFO  o.s.web.servlet.DispatcherServlet - Initializing Servlet 'dispatcherServlet'
2025-11-25 15:06:44 INFO  o.s.web.servlet.DispatcherServlet - Completed initialization in 2 ms
2025-11-25 15:24:42 INFO  c.e.c.handler.AuthHandler - Request for login is received in AuthHandler:loginRequest
2025-11-25 15:24:42 INFO  c.e.c.s.s.UserSessionService - Enter : UserSessionService:findSessionByEmail
2025-11-25 15:24:42 INFO  c.e.c.s.s.UserSessionService - email:akshay@gmail.com
2025-11-25 15:24:42 INFO  c.e.c.s.s.UserSessionService - Exit : UserSessionService:findSessionByEmail
2025-11-25 15:24:42 INFO  c.e.c.s.s.UserSessionService - Enter : UserSessionService:deleteSessionByEmail
2025-11-25 15:24:42 INFO  c.e.c.s.s.UserSessionService - email:akshay@gmail.com
2025-11-25 15:24:42 INFO  c.e.c.s.s.UserSessionService - Exit : UserSessionService:deleteSessionByEmail
2025-11-25 15:24:42 INFO  c.e.c.s.serviceImpl.UserService - Enter : UserService:getUser
2025-11-25 15:24:42 INFO  c.e.c.s.serviceImpl.UserService - Password matched successfully
2025-11-25 15:24:42 INFO  c.e.c.s.serviceImpl.UserService - Exit : UserService:getUser
2025-11-25 15:24:42 INFO  c.e.crm_system_backend.utils.JwtUtil - Enter: JwtUtil:generateToken
2025-11-25 15:24:42 INFO  c.e.crm_system_backend.utils.JwtUtil - Exit: JwtUtil:generateToken
2025-11-25 15:24:42 INFO  c.e.crm_system_backend.utils.JwtUtil - Enter: JwtUtil:getSigningKey
2025-11-25 15:24:42 INFO  c.e.crm_system_backend.utils.JwtUtil - Exit: JwtUtil:getSigningKey
2025-11-25 15:24:42 INFO  c.e.c.s.s.UserSessionService - Enter : UserSessionService:saveSession
2025-11-25 15:24:42 INFO  c.e.c.s.s.UserSessionService - userSession:UserSession(email=akshay@gmail.com, token=eyJhbGciOiJIUzI1NiJ9.eyJzdWIiOiIyIiwiZW1haWwiOiJha3NoYXlAZ21haWwuY29tIiwicm9sZSI6Ik1BU1RFUl9BRE1JTiIsImlhdCI6MTc2NDA2NDQ4MiwiZXhwIjoxNzY0MDY4MDgyfQ.FLTNmapnsAWAhbEeBxY-yV97fwE5bOHe1GIxZ0uNhZM)
2025-11-25 15:24:42 INFO  c.e.c.s.s.UserSessionService - Exit : UserSessionService:saveSession
2025-11-25 15:24:43 INFO  c.e.c.interceptor.RequestInterceptor - Enter: RequestInterceptor.preHandle
2025-11-25 15:24:43 INFO  c.e.c.interceptor.RequestInterceptor - Request URI: /crm/lead/by/2
2025-11-25 15:24:43 INFO  c.e.c.interceptor.RequestInterceptor - Enter: RequestInterceptor.preHandle
2025-11-25 15:24:43 INFO  c.e.c.interceptor.RequestInterceptor - Request URI: /crm/lead/by/2
2025-11-25 15:24:43 INFO  c.e.c.interceptor.RequestInterceptor - Token: Bearer eyJhbGciOiJIUzI1NiJ9.eyJzdWIiOiIyIiwiZW1haWwiOiJha3NoYXlAZ21haWwuY29tIiwicm9sZSI6Ik1BU1RFUl9BRE1JTiIsImlhdCI6MTc2NDA2NDQ4MiwiZXhwIjoxNzY0MDY4MDgyfQ.FLTNmapnsAWAhbEeBxY-yV97fwE5bOHe1GIxZ0uNhZM
2025-11-25 15:24:43 INFO  c.e.crm_system_backend.utils.JwtUtil - Enter: JwtUtil:getEmail
2025-11-25 15:24:43 INFO  c.e.crm_system_backend.utils.JwtUtil - Exit: JwtUtil:getEmail
2025-11-25 15:24:43 INFO  c.e.crm_system_backend.utils.JwtUtil - Enter: JwtUtil:extractAllClaims
2025-11-25 15:24:43 INFO  c.e.crm_system_backend.utils.JwtUtil - Exit: JwtUtil:extractAllClaims
2025-11-25 15:24:43 INFO  c.e.c.interceptor.RequestInterceptor - Enter: RequestInterceptor.preHandle
2025-11-25 15:24:43 INFO  c.e.c.interceptor.RequestInterceptor - Request URI: /crm/user/users
2025-11-25 15:24:43 INFO  c.e.c.interceptor.RoleInterceptor - Enter: RoleInterceptor.preHandle
2025-11-25 15:24:43 INFO  c.e.c.interceptor.RequestInterceptor - Enter: RequestInterceptor.preHandle
2025-11-25 15:24:43 INFO  c.e.c.interceptor.RequestInterceptor - Request URI: /crm/user/users
2025-11-25 15:24:43 INFO  c.e.c.interceptor.RequestInterceptor - Token: Bearer eyJhbGciOiJIUzI1NiJ9.eyJzdWIiOiIyIiwiZW1haWwiOiJha3NoYXlAZ21haWwuY29tIiwicm9sZSI6Ik1BU1RFUl9BRE1JTiIsImlhdCI6MTc2NDA2NDQ4MiwiZXhwIjoxNzY0MDY4MDgyfQ.FLTNmapnsAWAhbEeBxY-yV97fwE5bOHe1GIxZ0uNhZM
2025-11-25 15:24:43 INFO  c.e.crm_system_backend.utils.JwtUtil - Enter: JwtUtil:getEmail
2025-11-25 15:24:43 INFO  c.e.crm_system_backend.utils.JwtUtil - Exit: JwtUtil:getEmail
2025-11-25 15:24:43 INFO  c.e.crm_system_backend.utils.JwtUtil - Enter: JwtUtil:extractAllClaims
2025-11-25 15:24:43 INFO  c.e.crm_system_backend.utils.JwtUtil - Exit: JwtUtil:extractAllClaims
2025-11-25 15:24:43 INFO  c.e.crm_system_backend.utils.JwtUtil - Enter: JwtUtil:getSigningKey
2025-11-25 15:24:43 INFO  c.e.crm_system_backend.utils.JwtUtil - Enter: JwtUtil:getSigningKey
2025-11-25 15:24:43 INFO  c.e.crm_system_backend.utils.JwtUtil - Exit: JwtUtil:getSigningKey
2025-11-25 15:24:43 INFO  c.e.crm_system_backend.utils.JwtUtil - Exit: JwtUtil:getSigningKey
2025-11-25 15:24:43 INFO  c.e.crm_system_backend.utils.JwtUtil - Enter: JwtUtil:validateToken
2025-11-25 15:24:43 INFO  c.e.crm_system_backend.utils.JwtUtil - Enter: JwtUtil:validateToken
2025-11-25 15:24:43 INFO  c.e.crm_system_backend.utils.JwtUtil - Enter: JwtUtil:getSigningKey
2025-11-25 15:24:43 INFO  c.e.crm_system_backend.utils.JwtUtil - Enter: JwtUtil:getSigningKey
2025-11-25 15:24:43 INFO  c.e.crm_system_backend.utils.JwtUtil - Exit: JwtUtil:getSigningKey
2025-11-25 15:24:43 INFO  c.e.crm_system_backend.utils.JwtUtil - Exit: JwtUtil:getSigningKey
2025-11-25 15:24:43 INFO  c.e.crm_system_backend.utils.JwtUtil - Enter: JwtUtil:validateToken
2025-11-25 15:24:43 INFO  c.e.crm_system_backend.utils.JwtUtil - Enter: JwtUtil:validateToken
2025-11-25 15:24:43 INFO  c.e.crm_system_backend.utils.JwtUtil - Enter: JwtUtil:getSigningKey
2025-11-25 15:24:43 INFO  c.e.crm_system_backend.utils.JwtUtil - Enter: JwtUtil:getSigningKey
2025-11-25 15:24:43 INFO  c.e.crm_system_backend.utils.JwtUtil - Exit: JwtUtil:getSigningKey
2025-11-25 15:24:43 INFO  c.e.crm_system_backend.utils.JwtUtil - Exit: JwtUtil:getSigningKey
2025-11-25 15:24:43 INFO  c.e.crm_system_backend.utils.JwtUtil - Enter: JwtUtil:isTokenExpired
2025-11-25 15:24:43 INFO  c.e.crm_system_backend.utils.JwtUtil - Enter: JwtUtil:isTokenExpired
2025-11-25 15:24:43 INFO  c.e.crm_system_backend.utils.JwtUtil - Enter: JwtUtil:extractAllClaims
2025-11-25 15:24:43 INFO  c.e.crm_system_backend.utils.JwtUtil - Enter: JwtUtil:extractAllClaims
2025-11-25 15:24:43 INFO  c.e.crm_system_backend.utils.JwtUtil - Exit: JwtUtil:extractAllClaims
2025-11-25 15:24:43 INFO  c.e.crm_system_backend.utils.JwtUtil - Exit: JwtUtil:extractAllClaims
2025-11-25 15:24:43 INFO  c.e.crm_system_backend.utils.JwtUtil - Enter: JwtUtil:getSigningKey
2025-11-25 15:24:43 INFO  c.e.crm_system_backend.utils.JwtUtil - Enter: JwtUtil:getSigningKey
2025-11-25 15:24:43 INFO  c.e.crm_system_backend.utils.JwtUtil - Exit: JwtUtil:getSigningKey
2025-11-25 15:24:43 INFO  c.e.crm_system_backend.utils.JwtUtil - Exit: JwtUtil:getSigningKey
2025-11-25 15:24:43 INFO  c.e.c.s.s.UserSessionService - Enter : UserSessionService:findSessionByToken
2025-11-25 15:24:43 INFO  c.e.c.s.s.UserSessionService - Enter : UserSessionService:findSessionByToken
2025-11-25 15:24:43 INFO  c.e.c.s.s.UserSessionService - token:eyJhbGciOiJIUzI1NiJ9.eyJzdWIiOiIyIiwiZW1haWwiOiJha3NoYXlAZ21haWwuY29tIiwicm9sZSI6Ik1BU1RFUl9BRE1JTiIsImlhdCI6MTc2NDA2NDQ4MiwiZXhwIjoxNzY0MDY4MDgyfQ.FLTNmapnsAWAhbEeBxY-yV97fwE5bOHe1GIxZ0uNhZM
2025-11-25 15:24:43 INFO  c.e.c.s.s.UserSessionService - token:eyJhbGciOiJIUzI1NiJ9.eyJzdWIiOiIyIiwiZW1haWwiOiJha3NoYXlAZ21haWwuY29tIiwicm9sZSI6Ik1BU1RFUl9BRE1JTiIsImlhdCI6MTc2NDA2NDQ4MiwiZXhwIjoxNzY0MDY4MDgyfQ.FLTNmapnsAWAhbEeBxY-yV97fwE5bOHe1GIxZ0uNhZM
2025-11-25 15:24:43 INFO  c.e.c.s.s.UserSessionService - email:akshay@gmail.com
2025-11-25 15:24:43 INFO  c.e.c.s.s.UserSessionService - email:akshay@gmail.com
2025-11-25 15:24:43 INFO  c.e.c.s.s.UserSessionService - Exit : UserSessionService:findSessionByToken
2025-11-25 15:24:43 INFO  c.e.c.s.s.UserSessionService - Exit : UserSessionService:findSessionByToken
2025-11-25 15:24:43 INFO  c.e.crm_system_backend.utils.JwtUtil - Enter: JwtUtil:getRole
2025-11-25 15:24:43 INFO  c.e.crm_system_backend.utils.JwtUtil - Exit: JwtUtil:getRole
2025-11-25 15:24:43 INFO  c.e.crm_system_backend.utils.JwtUtil - Enter: JwtUtil:extractAllClaims
2025-11-25 15:24:43 INFO  c.e.crm_system_backend.utils.JwtUtil - Exit: JwtUtil:extractAllClaims
2025-11-25 15:24:43 INFO  c.e.crm_system_backend.utils.JwtUtil - Enter: JwtUtil:getSigningKey
2025-11-25 15:24:43 INFO  c.e.crm_system_backend.utils.JwtUtil - Exit: JwtUtil:getSigningKey
2025-11-25 15:24:43 INFO  c.e.crm_system_backend.utils.JwtUtil - Enter: JwtUtil:getRole
2025-11-25 15:24:43 INFO  c.e.crm_system_backend.utils.JwtUtil - Exit: JwtUtil:getRole
2025-11-25 15:24:43 INFO  c.e.crm_system_backend.utils.JwtUtil - Enter: JwtUtil:extractAllClaims
2025-11-25 15:24:43 INFO  c.e.crm_system_backend.utils.JwtUtil - Exit: JwtUtil:extractAllClaims
2025-11-25 15:24:43 INFO  c.e.crm_system_backend.utils.JwtUtil - Enter: JwtUtil:getSigningKey
2025-11-25 15:24:43 INFO  c.e.crm_system_backend.utils.JwtUtil - Exit: JwtUtil:getSigningKey
2025-11-25 15:24:43 INFO  c.e.crm_system_backend.utils.JwtUtil - Enter: JwtUtil:getId
2025-11-25 15:24:43 INFO  c.e.crm_system_backend.utils.JwtUtil - Enter: JwtUtil:getId
2025-11-25 15:24:43 INFO  c.e.crm_system_backend.utils.JwtUtil - Exit: JwtUtil:getId
2025-11-25 15:24:43 INFO  c.e.crm_system_backend.utils.JwtUtil - Exit: JwtUtil:getId
2025-11-25 15:24:43 INFO  c.e.crm_system_backend.utils.JwtUtil - Enter: JwtUtil:extractAllClaims
2025-11-25 15:24:43 INFO  c.e.crm_system_backend.utils.JwtUtil - Enter: JwtUtil:extractAllClaims
2025-11-25 15:24:43 INFO  c.e.crm_system_backend.utils.JwtUtil - Exit: JwtUtil:extractAllClaims
2025-11-25 15:24:43 INFO  c.e.crm_system_backend.utils.JwtUtil - Exit: JwtUtil:extractAllClaims
2025-11-25 15:24:43 INFO  c.e.crm_system_backend.utils.JwtUtil - Enter: JwtUtil:getSigningKey
2025-11-25 15:24:43 INFO  c.e.crm_system_backend.utils.JwtUtil - Enter: JwtUtil:getSigningKey
2025-11-25 15:24:43 INFO  c.e.crm_system_backend.utils.JwtUtil - Exit: JwtUtil:getSigningKey
2025-11-25 15:24:43 INFO  c.e.crm_system_backend.utils.JwtUtil - Exit: JwtUtil:getSigningKey
2025-11-25 15:24:43 INFO  c.e.c.interceptor.RoleInterceptor - Enter: RoleInterceptor.preHandle
2025-11-25 15:24:43 INFO  c.e.c.controller.UserController - userId:2
2025-11-25 15:24:43 INFO  c.e.c.handler.UserHandler - Enter : UserHandler:getUsers
2025-11-25 15:24:43 INFO  c.e.c.s.serviceImpl.UserService - Enter : UserService:getUserById
2025-11-25 15:24:43 INFO  c.e.c.s.serviceImpl.UserService - id:2
2025-11-25 15:24:43 INFO  c.e.c.s.serviceImpl.UserService - Exit : UserService:getUserById
2025-11-25 15:24:43 INFO  c.e.c.controller.LeadController - Enter: LeadController.getAllLeadsByUser
2025-11-25 15:24:43 INFO  c.e.c.handler.LeadHandler - Enter: LeadHandler.getLeadsByUser
2025-11-25 15:24:43 INFO  c.e.c.s.serviceImpl.UserService - Enter : UserService:getUserById
2025-11-25 15:24:43 INFO  c.e.c.s.serviceImpl.UserService - id:2
2025-11-25 15:24:43 INFO  c.e.c.s.serviceImpl.UserService - Exit : UserService:getUserById
2025-11-25 15:24:43 INFO  c.e.c.s.serviceImpl.UserService - Enter: UserService.getAllUsersRegisterById
2025-11-25 15:24:43 INFO  c.e.c.s.serviceImpl.UserService - Exit: UserService.getAllUsersRegisterById
2025-11-25 15:24:43 INFO  c.e.c.s.serviceImpl.LeadService - Enter: LeadService.findByUserIn
2025-11-25 15:24:43 INFO  c.e.c.handler.UserHandler - Request for getting users is in user Handler for master admin
2025-11-25 15:24:43 INFO  c.e.c.s.serviceImpl.UserService - Enter : UserService:getAllUserByMasterAdmin
2025-11-25 15:24:43 INFO  c.e.c.handler.LeadHandler - Exit: LeadHandler.getLeadsByUser
2025-11-25 15:24:43 INFO  c.e.c.s.serviceImpl.UserService - users:[User(id=3, firstName=Akshay, lastName=jadhav, email=akshay2002@gmail.com, mobileNumber=8308575626, password=Akshay@123, address=, city=, state=, country=, pinCode=, role=USER, registeredBy=2, registeredOn=2025-11-10T18:23:51.032489), User(id=4, firstName=rohan, lastName=rote, email=rohan@yahoo.com, mobileNumber=8123456780, password=Admin@123, address=, city=, state=, country=, pinCode=, role=ADMIN, registeredBy=2, registeredOn=2025-11-20T19:47:50.780109)]
2025-11-25 15:24:43 INFO  c.e.c.s.serviceImpl.UserService - admins:[User(id=4, firstName=rohan, lastName=rote, email=rohan@yahoo.com, mobileNumber=8123456780, password=Admin@123, address=, city=, state=, country=, pinCode=, role=ADMIN, registeredBy=2, registeredOn=2025-11-20T19:47:50.780109)]
2025-11-25 15:24:43 INFO  c.e.c.s.serviceImpl.UserService - Enter : UserService:getAllUsersByAdmin
2025-11-25 15:24:43 INFO  c.e.c.s.serviceImpl.UserService - id:4
2025-11-25 15:24:43 INFO  c.e.c.s.serviceImpl.UserService - Exit : UserService:getAllUsersByAdmin
2025-11-25 15:24:43 INFO  c.e.c.s.serviceImpl.UserService - users2:[]
2025-11-25 15:24:43 INFO  c.e.c.s.serviceImpl.UserService - Exit : UserService:getAllUserByMasterAdmin
2025-11-25 15:24:43 INFO  c.e.c.handler.UserHandler - Exit : UserHandler:getUsers
2025-11-25 15:24:46 INFO  c.e.c.interceptor.RequestInterceptor - Enter: RequestInterceptor.preHandle
2025-11-25 15:24:46 INFO  c.e.c.interceptor.RequestInterceptor - Request URI: /crm/lead/by/2
2025-11-25 15:24:46 INFO  c.e.c.interceptor.RequestInterceptor - Enter: RequestInterceptor.preHandle
2025-11-25 15:24:46 INFO  c.e.c.interceptor.RequestInterceptor - Request URI: /crm/user/users
2025-11-25 15:24:46 INFO  c.e.c.interceptor.RequestInterceptor - Token: Bearer eyJhbGciOiJIUzI1NiJ9.eyJzdWIiOiIyIiwiZW1haWwiOiJha3NoYXlAZ21haWwuY29tIiwicm9sZSI6Ik1BU1RFUl9BRE1JTiIsImlhdCI6MTc2NDA2NDQ4MiwiZXhwIjoxNzY0MDY4MDgyfQ.FLTNmapnsAWAhbEeBxY-yV97fwE5bOHe1GIxZ0uNhZM
2025-11-25 15:24:46 INFO  c.e.crm_system_backend.utils.JwtUtil - Enter: JwtUtil:getEmail
2025-11-25 15:24:46 INFO  c.e.crm_system_backend.utils.JwtUtil - Exit: JwtUtil:getEmail
2025-11-25 15:24:46 INFO  c.e.crm_system_backend.utils.JwtUtil - Enter: JwtUtil:extractAllClaims
2025-11-25 15:24:46 INFO  c.e.crm_system_backend.utils.JwtUtil - Exit: JwtUtil:extractAllClaims
2025-11-25 15:24:46 INFO  c.e.crm_system_backend.utils.JwtUtil - Enter: JwtUtil:getSigningKey
2025-11-25 15:24:46 INFO  c.e.crm_system_backend.utils.JwtUtil - Exit: JwtUtil:getSigningKey
2025-11-25 15:24:46 INFO  c.e.crm_system_backend.utils.JwtUtil - Enter: JwtUtil:validateToken
2025-11-25 15:24:46 INFO  c.e.crm_system_backend.utils.JwtUtil - Enter: JwtUtil:getSigningKey
2025-11-25 15:24:46 INFO  c.e.crm_system_backend.utils.JwtUtil - Exit: JwtUtil:getSigningKey
2025-11-25 15:24:46 INFO  c.e.c.interceptor.RequestInterceptor - Enter: RequestInterceptor.preHandle
2025-11-25 15:24:46 INFO  c.e.c.interceptor.RequestInterceptor - Request URI: /crm/lead/by/2
2025-11-25 15:24:46 INFO  c.e.c.interceptor.RequestInterceptor - Token: Bearer eyJhbGciOiJIUzI1NiJ9.eyJzdWIiOiIyIiwiZW1haWwiOiJha3NoYXlAZ21haWwuY29tIiwicm9sZSI6Ik1BU1RFUl9BRE1JTiIsImlhdCI6MTc2NDA2NDQ4MiwiZXhwIjoxNzY0MDY4MDgyfQ.FLTNmapnsAWAhbEeBxY-yV97fwE5bOHe1GIxZ0uNhZM
2025-11-25 15:24:46 INFO  c.e.crm_system_backend.utils.JwtUtil - Enter: JwtUtil:getEmail
2025-11-25 15:24:46 INFO  c.e.crm_system_backend.utils.JwtUtil - Exit: JwtUtil:getEmail
2025-11-25 15:24:46 INFO  c.e.crm_system_backend.utils.JwtUtil - Enter: JwtUtil:extractAllClaims
2025-11-25 15:24:46 INFO  c.e.crm_system_backend.utils.JwtUtil - Exit: JwtUtil:extractAllClaims
2025-11-25 15:24:46 INFO  c.e.crm_system_backend.utils.JwtUtil - Enter: JwtUtil:getSigningKey
2025-11-25 15:24:46 INFO  c.e.crm_system_backend.utils.JwtUtil - Exit: JwtUtil:getSigningKey
2025-11-25 15:24:46 INFO  c.e.crm_system_backend.utils.JwtUtil - Enter: JwtUtil:validateToken
2025-11-25 15:24:46 INFO  c.e.crm_system_backend.utils.JwtUtil - Enter: JwtUtil:validateToken
2025-11-25 15:24:46 INFO  c.e.crm_system_backend.utils.JwtUtil - Enter: JwtUtil:getSigningKey
2025-11-25 15:24:46 INFO  c.e.crm_system_backend.utils.JwtUtil - Exit: JwtUtil:getSigningKey
2025-11-25 15:24:46 INFO  c.e.crm_system_backend.utils.JwtUtil - Enter: JwtUtil:getSigningKey
2025-11-25 15:24:46 INFO  c.e.crm_system_backend.utils.JwtUtil - Exit: JwtUtil:getSigningKey
2025-11-25 15:24:46 INFO  c.e.crm_system_backend.utils.JwtUtil - Enter: JwtUtil:validateToken
2025-11-25 15:24:46 INFO  c.e.crm_system_backend.utils.JwtUtil - Enter: JwtUtil:getSigningKey
2025-11-25 15:24:46 INFO  c.e.crm_system_backend.utils.JwtUtil - Exit: JwtUtil:getSigningKey
2025-11-25 15:24:46 INFO  c.e.crm_system_backend.utils.JwtUtil - Enter: JwtUtil:isTokenExpired
2025-11-25 15:24:46 INFO  c.e.crm_system_backend.utils.JwtUtil - Enter: JwtUtil:extractAllClaims
2025-11-25 15:24:46 INFO  c.e.crm_system_backend.utils.JwtUtil - Exit: JwtUtil:extractAllClaims
2025-11-25 15:24:46 INFO  c.e.crm_system_backend.utils.JwtUtil - Enter: JwtUtil:getSigningKey
2025-11-25 15:24:46 INFO  c.e.crm_system_backend.utils.JwtUtil - Exit: JwtUtil:getSigningKey
2025-11-25 15:24:46 INFO  c.e.crm_system_backend.utils.JwtUtil - Enter: JwtUtil:isTokenExpired
2025-11-25 15:24:46 INFO  c.e.crm_system_backend.utils.JwtUtil - Enter: JwtUtil:extractAllClaims
2025-11-25 15:24:46 INFO  c.e.crm_system_backend.utils.JwtUtil - Exit: JwtUtil:extractAllClaims
2025-11-25 15:24:46 INFO  c.e.crm_system_backend.utils.JwtUtil - Enter: JwtUtil:getSigningKey
2025-11-25 15:24:46 INFO  c.e.crm_system_backend.utils.JwtUtil - Exit: JwtUtil:getSigningKey
2025-11-25 15:24:46 INFO  c.e.c.s.s.UserSessionService - Enter : UserSessionService:findSessionByToken
2025-11-25 15:24:46 INFO  c.e.c.s.s.UserSessionService - token:eyJhbGciOiJIUzI1NiJ9.eyJzdWIiOiIyIiwiZW1haWwiOiJha3NoYXlAZ21haWwuY29tIiwicm9sZSI6Ik1BU1RFUl9BRE1JTiIsImlhdCI6MTc2NDA2NDQ4MiwiZXhwIjoxNzY0MDY4MDgyfQ.FLTNmapnsAWAhbEeBxY-yV97fwE5bOHe1GIxZ0uNhZM
2025-11-25 15:24:46 INFO  c.e.c.s.s.UserSessionService - email:akshay@gmail.com
2025-11-25 15:24:46 INFO  c.e.c.s.s.UserSessionService - Exit : UserSessionService:findSessionByToken
2025-11-25 15:24:46 INFO  c.e.c.s.s.UserSessionService - Enter : UserSessionService:findSessionByToken
2025-11-25 15:24:46 INFO  c.e.c.s.s.UserSessionService - token:eyJhbGciOiJIUzI1NiJ9.eyJzdWIiOiIyIiwiZW1haWwiOiJha3NoYXlAZ21haWwuY29tIiwicm9sZSI6Ik1BU1RFUl9BRE1JTiIsImlhdCI6MTc2NDA2NDQ4MiwiZXhwIjoxNzY0MDY4MDgyfQ.FLTNmapnsAWAhbEeBxY-yV97fwE5bOHe1GIxZ0uNhZM
2025-11-25 15:24:46 INFO  c.e.c.s.s.UserSessionService - email:akshay@gmail.com
2025-11-25 15:24:46 INFO  c.e.c.s.s.UserSessionService - Exit : UserSessionService:findSessionByToken
2025-11-25 15:24:46 INFO  c.e.crm_system_backend.utils.JwtUtil - Enter: JwtUtil:getRole
2025-11-25 15:24:46 INFO  c.e.crm_system_backend.utils.JwtUtil - Enter: JwtUtil:getRole
2025-11-25 15:24:46 INFO  c.e.crm_system_backend.utils.JwtUtil - Exit: JwtUtil:getRole
2025-11-25 15:24:46 INFO  c.e.crm_system_backend.utils.JwtUtil - Exit: JwtUtil:getRole
2025-11-25 15:24:46 INFO  c.e.crm_system_backend.utils.JwtUtil - Enter: JwtUtil:extractAllClaims
2025-11-25 15:24:46 INFO  c.e.crm_system_backend.utils.JwtUtil - Enter: JwtUtil:extractAllClaims
2025-11-25 15:24:46 INFO  c.e.crm_system_backend.utils.JwtUtil - Exit: JwtUtil:extractAllClaims
2025-11-25 15:24:46 INFO  c.e.crm_system_backend.utils.JwtUtil - Exit: JwtUtil:extractAllClaims
2025-11-25 15:24:46 INFO  c.e.crm_system_backend.utils.JwtUtil - Enter: JwtUtil:getSigningKey
2025-11-25 15:24:46 INFO  c.e.crm_system_backend.utils.JwtUtil - Enter: JwtUtil:getSigningKey
2025-11-25 15:24:46 INFO  c.e.crm_system_backend.utils.JwtUtil - Exit: JwtUtil:getSigningKey
2025-11-25 15:24:46 INFO  c.e.crm_system_backend.utils.JwtUtil - Exit: JwtUtil:getSigningKey
2025-11-25 15:24:46 INFO  c.e.crm_system_backend.utils.JwtUtil - Enter: JwtUtil:getId
2025-11-25 15:24:46 INFO  c.e.crm_system_backend.utils.JwtUtil - Enter: JwtUtil:getId
2025-11-25 15:24:46 INFO  c.e.crm_system_backend.utils.JwtUtil - Exit: JwtUtil:getId
2025-11-25 15:24:46 INFO  c.e.crm_system_backend.utils.JwtUtil - Exit: JwtUtil:getId
2025-11-25 15:24:46 INFO  c.e.crm_system_backend.utils.JwtUtil - Enter: JwtUtil:extractAllClaims
2025-11-25 15:24:46 INFO  c.e.crm_system_backend.utils.JwtUtil - Enter: JwtUtil:extractAllClaims
2025-11-25 15:24:46 INFO  c.e.crm_system_backend.utils.JwtUtil - Exit: JwtUtil:extractAllClaims
2025-11-25 15:24:46 INFO  c.e.crm_system_backend.utils.JwtUtil - Enter: JwtUtil:getSigningKey
2025-11-25 15:24:46 INFO  c.e.crm_system_backend.utils.JwtUtil - Exit: JwtUtil:getSigningKey
2025-11-25 15:24:46 INFO  c.e.crm_system_backend.utils.JwtUtil - Exit: JwtUtil:extractAllClaims
2025-11-25 15:24:46 INFO  c.e.crm_system_backend.utils.JwtUtil - Enter: JwtUtil:getSigningKey
2025-11-25 15:24:46 INFO  c.e.crm_system_backend.utils.JwtUtil - Exit: JwtUtil:getSigningKey
2025-11-25 15:24:46 INFO  c.e.c.interceptor.RoleInterceptor - Enter: RoleInterceptor.preHandle
2025-11-25 15:24:46 INFO  c.e.c.controller.UserController - userId:2
2025-11-25 15:24:46 INFO  c.e.c.controller.LeadController - Enter: LeadController.getAllLeadsByUser
2025-11-25 15:24:46 INFO  c.e.c.handler.UserHandler - Enter : UserHandler:getUsers
2025-11-25 15:24:46 INFO  c.e.c.handler.LeadHandler - Enter: LeadHandler.getLeadsByUser
2025-11-25 15:24:46 INFO  c.e.c.s.serviceImpl.UserService - Enter : UserService:getUserById
2025-11-25 15:24:46 INFO  c.e.c.s.serviceImpl.UserService - Enter : UserService:getUserById
2025-11-25 15:24:46 INFO  c.e.c.s.serviceImpl.UserService - id:2
2025-11-25 15:24:46 INFO  c.e.c.s.serviceImpl.UserService - id:2
2025-11-25 15:24:46 INFO  c.e.c.s.serviceImpl.UserService - Exit : UserService:getUserById
2025-11-25 15:24:46 INFO  c.e.c.s.serviceImpl.UserService - Exit : UserService:getUserById
2025-11-25 15:24:46 INFO  c.e.c.s.serviceImpl.UserService - Enter: UserService.getAllUsersRegisterById
2025-11-25 15:24:46 INFO  c.e.c.handler.UserHandler - Request for getting users is in user Handler for master admin
2025-11-25 15:24:46 INFO  c.e.c.s.serviceImpl.UserService - Enter : UserService:getAllUserByMasterAdmin
2025-11-25 15:24:46 INFO  c.e.c.s.serviceImpl.UserService - Exit: UserService.getAllUsersRegisterById
2025-11-25 15:24:46 INFO  c.e.c.s.serviceImpl.LeadService - Enter: LeadService.findByUserIn
2025-11-25 15:24:47 INFO  c.e.c.s.serviceImpl.UserService - users:[User(id=3, firstName=Akshay, lastName=jadhav, email=akshay2002@gmail.com, mobileNumber=8308575626, password=Akshay@123, address=, city=, state=, country=, pinCode=, role=USER, registeredBy=2, registeredOn=2025-11-10T18:23:51.032489), User(id=4, firstName=rohan, lastName=rote, email=rohan@yahoo.com, mobileNumber=8123456780, password=Admin@123, address=, city=, state=, country=, pinCode=, role=ADMIN, registeredBy=2, registeredOn=2025-11-20T19:47:50.780109)]
2025-11-25 15:24:47 INFO  c.e.c.s.serviceImpl.UserService - admins:[User(id=4, firstName=rohan, lastName=rote, email=rohan@yahoo.com, mobileNumber=8123456780, password=Admin@123, address=, city=, state=, country=, pinCode=, role=ADMIN, registeredBy=2, registeredOn=2025-11-20T19:47:50.780109)]
2025-11-25 15:24:47 INFO  c.e.c.s.serviceImpl.UserService - Enter : UserService:getAllUsersByAdmin
2025-11-25 15:24:47 INFO  c.e.c.s.serviceImpl.UserService - id:4
2025-11-25 15:24:47 INFO  c.e.c.s.serviceImpl.UserService - Exit : UserService:getAllUsersByAdmin
2025-11-25 15:24:47 INFO  c.e.c.handler.LeadHandler - Exit: LeadHandler.getLeadsByUser
2025-11-25 15:24:47 INFO  c.e.c.s.serviceImpl.UserService - users2:[]
2025-11-25 15:24:47 INFO  c.e.c.s.serviceImpl.UserService - Exit : UserService:getAllUserByMasterAdmin
2025-11-25 15:24:47 INFO  c.e.c.handler.UserHandler - Exit : UserHandler:getUsers
2025-11-25 15:24:50 INFO  c.e.c.interceptor.RequestInterceptor - Enter: RequestInterceptor.preHandle
2025-11-25 15:24:50 INFO  c.e.c.interceptor.RequestInterceptor - Enter: RequestInterceptor.preHandle
2025-11-25 15:24:50 INFO  c.e.c.interceptor.RequestInterceptor - Request URI: /crm/user/users
2025-11-25 15:24:50 INFO  c.e.c.interceptor.RequestInterceptor - Token: Bearer eyJhbGciOiJIUzI1NiJ9.eyJzdWIiOiIyIiwiZW1haWwiOiJha3NoYXlAZ21haWwuY29tIiwicm9sZSI6Ik1BU1RFUl9BRE1JTiIsImlhdCI6MTc2NDA2NDQ4MiwiZXhwIjoxNzY0MDY4MDgyfQ.FLTNmapnsAWAhbEeBxY-yV97fwE5bOHe1GIxZ0uNhZM
2025-11-25 15:24:50 INFO  c.e.c.interceptor.RequestInterceptor - Request URI: /crm/history/lead/akshay@gmail.com
2025-11-25 15:24:50 INFO  c.e.crm_system_backend.utils.JwtUtil - Enter: JwtUtil:getEmail
2025-11-25 15:24:50 INFO  c.e.crm_system_backend.utils.JwtUtil - Exit: JwtUtil:getEmail
2025-11-25 15:24:50 INFO  c.e.crm_system_backend.utils.JwtUtil - Enter: JwtUtil:extractAllClaims
2025-11-25 15:24:50 INFO  c.e.crm_system_backend.utils.JwtUtil - Exit: JwtUtil:extractAllClaims
2025-11-25 15:24:50 INFO  c.e.crm_system_backend.utils.JwtUtil - Enter: JwtUtil:getSigningKey
2025-11-25 15:24:50 INFO  c.e.crm_system_backend.utils.JwtUtil - Exit: JwtUtil:getSigningKey
2025-11-25 15:24:50 INFO  c.e.crm_system_backend.utils.JwtUtil - Enter: JwtUtil:validateToken
2025-11-25 15:24:50 INFO  c.e.crm_system_backend.utils.JwtUtil - Enter: JwtUtil:getSigningKey
2025-11-25 15:24:50 INFO  c.e.crm_system_backend.utils.JwtUtil - Exit: JwtUtil:getSigningKey
2025-11-25 15:24:50 INFO  c.e.crm_system_backend.utils.JwtUtil - Enter: JwtUtil:validateToken
2025-11-25 15:24:50 INFO  c.e.crm_system_backend.utils.JwtUtil - Enter: JwtUtil:getSigningKey
2025-11-25 15:24:50 INFO  c.e.crm_system_backend.utils.JwtUtil - Exit: JwtUtil:getSigningKey
2025-11-25 15:24:50 INFO  c.e.c.interceptor.RequestInterceptor - Enter: RequestInterceptor.preHandle
2025-11-25 15:24:50 INFO  c.e.c.interceptor.RequestInterceptor - Request URI: /crm/history/lead/akshay@gmail.com
2025-11-25 15:24:50 INFO  c.e.c.interceptor.RequestInterceptor - Token: Bearer eyJhbGciOiJIUzI1NiJ9.eyJzdWIiOiIyIiwiZW1haWwiOiJha3NoYXlAZ21haWwuY29tIiwicm9sZSI6Ik1BU1RFUl9BRE1JTiIsImlhdCI6MTc2NDA2NDQ4MiwiZXhwIjoxNzY0MDY4MDgyfQ.FLTNmapnsAWAhbEeBxY-yV97fwE5bOHe1GIxZ0uNhZM
2025-11-25 15:24:50 INFO  c.e.crm_system_backend.utils.JwtUtil - Enter: JwtUtil:getEmail
2025-11-25 15:24:50 INFO  c.e.crm_system_backend.utils.JwtUtil - Exit: JwtUtil:getEmail
2025-11-25 15:24:50 INFO  c.e.crm_system_backend.utils.JwtUtil - Enter: JwtUtil:extractAllClaims
2025-11-25 15:24:50 INFO  c.e.crm_system_backend.utils.JwtUtil - Exit: JwtUtil:extractAllClaims
2025-11-25 15:24:50 INFO  c.e.crm_system_backend.utils.JwtUtil - Enter: JwtUtil:getSigningKey
2025-11-25 15:24:50 INFO  c.e.crm_system_backend.utils.JwtUtil - Exit: JwtUtil:getSigningKey
2025-11-25 15:24:50 INFO  c.e.crm_system_backend.utils.JwtUtil - Enter: JwtUtil:isTokenExpired
2025-11-25 15:24:50 INFO  c.e.crm_system_backend.utils.JwtUtil - Enter: JwtUtil:extractAllClaims
2025-11-25 15:24:50 INFO  c.e.crm_system_backend.utils.JwtUtil - Exit: JwtUtil:extractAllClaims
2025-11-25 15:24:50 INFO  c.e.crm_system_backend.utils.JwtUtil - Enter: JwtUtil:getSigningKey
2025-11-25 15:24:50 INFO  c.e.crm_system_backend.utils.JwtUtil - Exit: JwtUtil:getSigningKey
2025-11-25 15:24:50 INFO  c.e.crm_system_backend.utils.JwtUtil - Enter: JwtUtil:validateToken
2025-11-25 15:24:50 INFO  c.e.crm_system_backend.utils.JwtUtil - Enter: JwtUtil:getSigningKey
2025-11-25 15:24:50 INFO  c.e.crm_system_backend.utils.JwtUtil - Exit: JwtUtil:getSigningKey
2025-11-25 15:24:50 INFO  c.e.crm_system_backend.utils.JwtUtil - Enter: JwtUtil:validateToken
2025-11-25 15:24:50 INFO  c.e.c.s.s.UserSessionService - Enter : UserSessionService:findSessionByToken
2025-11-25 15:24:50 INFO  c.e.crm_system_backend.utils.JwtUtil - Enter: JwtUtil:getSigningKey
2025-11-25 15:24:50 INFO  c.e.c.s.s.UserSessionService - token:eyJhbGciOiJIUzI1NiJ9.eyJzdWIiOiIyIiwiZW1haWwiOiJha3NoYXlAZ21haWwuY29tIiwicm9sZSI6Ik1BU1RFUl9BRE1JTiIsImlhdCI6MTc2NDA2NDQ4MiwiZXhwIjoxNzY0MDY4MDgyfQ.FLTNmapnsAWAhbEeBxY-yV97fwE5bOHe1GIxZ0uNhZM
2025-11-25 15:24:50 INFO  c.e.crm_system_backend.utils.JwtUtil - Exit: JwtUtil:getSigningKey
2025-11-25 15:24:50 INFO  c.e.c.s.s.UserSessionService - email:akshay@gmail.com
2025-11-25 15:24:50 INFO  c.e.c.s.s.UserSessionService - Exit : UserSessionService:findSessionByToken
2025-11-25 15:24:50 INFO  c.e.crm_system_backend.utils.JwtUtil - Enter: JwtUtil:isTokenExpired
2025-11-25 15:24:50 INFO  c.e.crm_system_backend.utils.JwtUtil - Enter: JwtUtil:extractAllClaims
2025-11-25 15:24:50 INFO  c.e.crm_system_backend.utils.JwtUtil - Exit: JwtUtil:extractAllClaims
2025-11-25 15:24:50 INFO  c.e.crm_system_backend.utils.JwtUtil - Enter: JwtUtil:getSigningKey
2025-11-25 15:24:50 INFO  c.e.crm_system_backend.utils.JwtUtil - Exit: JwtUtil:getSigningKey
2025-11-25 15:24:50 INFO  c.e.crm_system_backend.utils.JwtUtil - Enter: JwtUtil:getRole
2025-11-25 15:24:50 INFO  c.e.crm_system_backend.utils.JwtUtil - Exit: JwtUtil:getRole
2025-11-25 15:24:50 INFO  c.e.crm_system_backend.utils.JwtUtil - Enter: JwtUtil:extractAllClaims
2025-11-25 15:24:50 INFO  c.e.crm_system_backend.utils.JwtUtil - Exit: JwtUtil:extractAllClaims
2025-11-25 15:24:50 INFO  c.e.crm_system_backend.utils.JwtUtil - Enter: JwtUtil:getSigningKey
2025-11-25 15:24:50 INFO  c.e.crm_system_backend.utils.JwtUtil - Exit: JwtUtil:getSigningKey
2025-11-25 15:24:50 INFO  c.e.c.s.s.UserSessionService - Enter : UserSessionService:findSessionByToken
2025-11-25 15:24:50 INFO  c.e.c.s.s.UserSessionService - token:eyJhbGciOiJIUzI1NiJ9.eyJzdWIiOiIyIiwiZW1haWwiOiJha3NoYXlAZ21haWwuY29tIiwicm9sZSI6Ik1BU1RFUl9BRE1JTiIsImlhdCI6MTc2NDA2NDQ4MiwiZXhwIjoxNzY0MDY4MDgyfQ.FLTNmapnsAWAhbEeBxY-yV97fwE5bOHe1GIxZ0uNhZM
2025-11-25 15:24:50 INFO  c.e.c.s.s.UserSessionService - email:akshay@gmail.com
2025-11-25 15:24:50 INFO  c.e.c.s.s.UserSessionService - Exit : UserSessionService:findSessionByToken
2025-11-25 15:24:50 INFO  c.e.crm_system_backend.utils.JwtUtil - Enter: JwtUtil:getId
2025-11-25 15:24:50 INFO  c.e.crm_system_backend.utils.JwtUtil - Exit: JwtUtil:getId
2025-11-25 15:24:50 INFO  c.e.crm_system_backend.utils.JwtUtil - Enter: JwtUtil:extractAllClaims
2025-11-25 15:24:50 INFO  c.e.crm_system_backend.utils.JwtUtil - Exit: JwtUtil:extractAllClaims
2025-11-25 15:24:50 INFO  c.e.crm_system_backend.utils.JwtUtil - Enter: JwtUtil:getSigningKey
2025-11-25 15:24:50 INFO  c.e.crm_system_backend.utils.JwtUtil - Exit: JwtUtil:getSigningKey
2025-11-25 15:24:50 INFO  c.e.c.interceptor.RoleInterceptor - Enter: RoleInterceptor.preHandle
2025-11-25 15:24:50 INFO  c.e.crm_system_backend.utils.JwtUtil - Enter: JwtUtil:getRole
2025-11-25 15:24:50 INFO  c.e.crm_system_backend.utils.JwtUtil - Exit: JwtUtil:getRole
2025-11-25 15:24:50 INFO  c.e.crm_system_backend.utils.JwtUtil - Enter: JwtUtil:extractAllClaims
2025-11-25 15:24:50 INFO  c.e.crm_system_backend.utils.JwtUtil - Exit: JwtUtil:extractAllClaims
2025-11-25 15:24:50 INFO  c.e.c.controller.UserController - userId:2
2025-11-25 15:24:50 INFO  c.e.crm_system_backend.utils.JwtUtil - Enter: JwtUtil:getSigningKey
2025-11-25 15:24:50 INFO  c.e.c.handler.UserHandler - Enter : UserHandler:getUsers
2025-11-25 15:24:50 INFO  c.e.crm_system_backend.utils.JwtUtil - Exit: JwtUtil:getSigningKey
2025-11-25 15:24:50 INFO  c.e.c.s.serviceImpl.UserService - Enter : UserService:getUserById
2025-11-25 15:24:50 INFO  c.e.c.s.serviceImpl.UserService - id:2
2025-11-25 15:24:50 INFO  c.e.c.s.serviceImpl.UserService - Exit : UserService:getUserById
2025-11-25 15:24:50 INFO  c.e.crm_system_backend.utils.JwtUtil - Enter: JwtUtil:getId
2025-11-25 15:24:50 INFO  c.e.crm_system_backend.utils.JwtUtil - Exit: JwtUtil:getId
2025-11-25 15:24:50 INFO  c.e.crm_system_backend.utils.JwtUtil - Enter: JwtUtil:extractAllClaims
2025-11-25 15:24:50 INFO  c.e.crm_system_backend.utils.JwtUtil - Exit: JwtUtil:extractAllClaims
2025-11-25 15:24:50 INFO  c.e.crm_system_backend.utils.JwtUtil - Enter: JwtUtil:getSigningKey
2025-11-25 15:24:50 INFO  c.e.crm_system_backend.utils.JwtUtil - Exit: JwtUtil:getSigningKey
2025-11-25 15:24:50 INFO  c.e.c.handler.UserHandler - Request for getting users is in user Handler for master admin
2025-11-25 15:24:50 INFO  c.e.c.s.serviceImpl.UserService - Enter : UserService:getAllUserByMasterAdmin
2025-11-25 15:24:50 INFO  c.e.c.s.serviceImpl.UserService - users:[User(id=3, firstName=Akshay, lastName=jadhav, email=akshay2002@gmail.com, mobileNumber=8308575626, password=Akshay@123, address=, city=, state=, country=, pinCode=, role=USER, registeredBy=2, registeredOn=2025-11-10T18:23:51.032489), User(id=4, firstName=rohan, lastName=rote, email=rohan@yahoo.com, mobileNumber=8123456780, password=Admin@123, address=, city=, state=, country=, pinCode=, role=ADMIN, registeredBy=2, registeredOn=2025-11-20T19:47:50.780109)]
2025-11-25 15:24:50 INFO  c.e.c.s.serviceImpl.UserService - admins:[User(id=4, firstName=rohan, lastName=rote, email=rohan@yahoo.com, mobileNumber=8123456780, password=Admin@123, address=, city=, state=, country=, pinCode=, role=ADMIN, registeredBy=2, registeredOn=2025-11-20T19:47:50.780109)]
2025-11-25 15:24:50 INFO  c.e.c.s.serviceImpl.UserService - Enter : UserService:getAllUsersByAdmin
2025-11-25 15:24:50 INFO  c.e.c.s.serviceImpl.UserService - id:4
2025-11-25 15:24:50 INFO  c.e.c.s.serviceImpl.UserService - Exit : UserService:getAllUsersByAdmin
2025-11-25 15:24:50 INFO  c.e.c.s.serviceImpl.UserService - users2:[]
2025-11-25 15:24:50 INFO  c.e.c.s.serviceImpl.UserService - Exit : UserService:getAllUserByMasterAdmin
2025-11-25 15:24:50 INFO  c.e.c.handler.UserHandler - Exit : UserHandler:getUsers
2025-11-25 15:24:50 INFO  c.e.c.handler.UploadedHistoryHandler - Enter : findLeadUploadHistoryByEmail
2025-11-25 15:24:50 INFO  c.e.c.s.s.UploadHistoryService - Enter: ErrorRecordHandler.findByUser
2025-11-25 15:24:50 INFO  c.e.c.handler.UploadedHistoryHandler - Exit : findLeadUploadHistoryByEmail
2025-11-25 15:24:54 INFO  c.e.c.interceptor.RequestInterceptor - Enter: RequestInterceptor.preHandle
2025-11-25 15:24:54 INFO  c.e.c.interceptor.RequestInterceptor - Request URI: /crm/error/records/350c02e8-afaa-44cd-a3a9-4afaa71899ff
2025-11-25 15:24:54 INFO  c.e.c.interceptor.RequestInterceptor - Enter: RequestInterceptor.preHandle
2025-11-25 15:24:54 INFO  c.e.c.interceptor.RequestInterceptor - Request URI: /crm/error/records/350c02e8-afaa-44cd-a3a9-4afaa71899ff
2025-11-25 15:24:54 INFO  c.e.c.interceptor.RequestInterceptor - Token: Bearer eyJhbGciOiJIUzI1NiJ9.eyJzdWIiOiIyIiwiZW1haWwiOiJha3NoYXlAZ21haWwuY29tIiwicm9sZSI6Ik1BU1RFUl9BRE1JTiIsImlhdCI6MTc2NDA2NDQ4MiwiZXhwIjoxNzY0MDY4MDgyfQ.FLTNmapnsAWAhbEeBxY-yV97fwE5bOHe1GIxZ0uNhZM
2025-11-25 15:24:54 INFO  c.e.crm_system_backend.utils.JwtUtil - Enter: JwtUtil:getEmail
2025-11-25 15:24:54 INFO  c.e.crm_system_backend.utils.JwtUtil - Exit: JwtUtil:getEmail
2025-11-25 15:24:54 INFO  c.e.crm_system_backend.utils.JwtUtil - Enter: JwtUtil:extractAllClaims
2025-11-25 15:24:54 INFO  c.e.crm_system_backend.utils.JwtUtil - Exit: JwtUtil:extractAllClaims
2025-11-25 15:24:54 INFO  c.e.crm_system_backend.utils.JwtUtil - Enter: JwtUtil:getSigningKey
2025-11-25 15:24:54 INFO  c.e.crm_system_backend.utils.JwtUtil - Exit: JwtUtil:getSigningKey
2025-11-25 15:24:54 INFO  c.e.crm_system_backend.utils.JwtUtil - Enter: JwtUtil:validateToken
2025-11-25 15:24:54 INFO  c.e.crm_system_backend.utils.JwtUtil - Enter: JwtUtil:getSigningKey
2025-11-25 15:24:54 INFO  c.e.crm_system_backend.utils.JwtUtil - Exit: JwtUtil:getSigningKey
2025-11-25 15:24:54 INFO  c.e.crm_system_backend.utils.JwtUtil - Enter: JwtUtil:validateToken
2025-11-25 15:24:54 INFO  c.e.crm_system_backend.utils.JwtUtil - Enter: JwtUtil:getSigningKey
2025-11-25 15:24:54 INFO  c.e.crm_system_backend.utils.JwtUtil - Exit: JwtUtil:getSigningKey
2025-11-25 15:24:54 INFO  c.e.crm_system_backend.utils.JwtUtil - Enter: JwtUtil:isTokenExpired
2025-11-25 15:24:54 INFO  c.e.crm_system_backend.utils.JwtUtil - Enter: JwtUtil:extractAllClaims
2025-11-25 15:24:54 INFO  c.e.crm_system_backend.utils.JwtUtil - Exit: JwtUtil:extractAllClaims
2025-11-25 15:24:54 INFO  c.e.crm_system_backend.utils.JwtUtil - Enter: JwtUtil:getSigningKey
2025-11-25 15:24:54 INFO  c.e.crm_system_backend.utils.JwtUtil - Exit: JwtUtil:getSigningKey
2025-11-25 15:24:54 INFO  c.e.c.s.s.UserSessionService - Enter : UserSessionService:findSessionByToken
2025-11-25 15:24:54 INFO  c.e.c.s.s.UserSessionService - token:eyJhbGciOiJIUzI1NiJ9.eyJzdWIiOiIyIiwiZW1haWwiOiJha3NoYXlAZ21haWwuY29tIiwicm9sZSI6Ik1BU1RFUl9BRE1JTiIsImlhdCI6MTc2NDA2NDQ4MiwiZXhwIjoxNzY0MDY4MDgyfQ.FLTNmapnsAWAhbEeBxY-yV97fwE5bOHe1GIxZ0uNhZM
2025-11-25 15:24:54 INFO  c.e.c.s.s.UserSessionService - email:akshay@gmail.com
2025-11-25 15:24:54 INFO  c.e.c.s.s.UserSessionService - Exit : UserSessionService:findSessionByToken
2025-11-25 15:24:54 INFO  c.e.crm_system_backend.utils.JwtUtil - Enter: JwtUtil:getRole
2025-11-25 15:24:54 INFO  c.e.crm_system_backend.utils.JwtUtil - Exit: JwtUtil:getRole
2025-11-25 15:24:54 INFO  c.e.crm_system_backend.utils.JwtUtil - Enter: JwtUtil:extractAllClaims
2025-11-25 15:24:54 INFO  c.e.crm_system_backend.utils.JwtUtil - Exit: JwtUtil:extractAllClaims
2025-11-25 15:24:54 INFO  c.e.crm_system_backend.utils.JwtUtil - Enter: JwtUtil:getSigningKey
2025-11-25 15:24:54 INFO  c.e.crm_system_backend.utils.JwtUtil - Exit: JwtUtil:getSigningKey
2025-11-25 15:24:54 INFO  c.e.crm_system_backend.utils.JwtUtil - Enter: JwtUtil:getId
2025-11-25 15:24:54 INFO  c.e.crm_system_backend.utils.JwtUtil - Exit: JwtUtil:getId
2025-11-25 15:24:54 INFO  c.e.crm_system_backend.utils.JwtUtil - Enter: JwtUtil:extractAllClaims
2025-11-25 15:24:54 INFO  c.e.crm_system_backend.utils.JwtUtil - Exit: JwtUtil:extractAllClaims
2025-11-25 15:24:54 INFO  c.e.crm_system_backend.utils.JwtUtil - Enter: JwtUtil:getSigningKey
2025-11-25 15:24:54 INFO  c.e.crm_system_backend.utils.JwtUtil - Exit: JwtUtil:getSigningKey
2025-11-25 15:24:54 INFO  c.e.c.c.ErrorRecordController - Enter: ErrorRecordController.findErrorRecordByUploadHistoryId
2025-11-25 15:24:54 INFO  c.e.c.handler.ErrorRecordHandler - Enter:ErrorRecordHandler.findErrorRecordByUploadHistoryId
2025-11-25 15:24:54 INFO  c.e.c.s.s.UploadHistoryService - Enter: ErrorRecordHandler.findById
2025-11-25 15:24:54 INFO  c.e.c.s.s.UploadHistoryService - Exit: ErrorRecordHandler.findById
2025-11-25 15:24:54 INFO  c.e.c.handler.ErrorRecordHandler - Exit: ErrorRecordHandler.findErrorRecordByUploadHistoryId
2025-11-25 15:24:54 INFO  c.e.c.c.ErrorRecordController - Exit: ErrorRecordController.findErrorRecordByUploadHistoryId
2025-11-25 15:24:55 INFO  c.e.c.interceptor.RequestInterceptor - Enter: RequestInterceptor.preHandle
2025-11-25 15:24:55 INFO  c.e.c.interceptor.RequestInterceptor - Request URI: /crm/history/lead/akshay@gmail.com
2025-11-25 15:24:55 INFO  c.e.c.interceptor.RequestInterceptor - Enter: RequestInterceptor.preHandle
2025-11-25 15:24:55 INFO  c.e.c.interceptor.RequestInterceptor - Request URI: /crm/user/users
2025-11-25 15:24:55 INFO  c.e.c.interceptor.RequestInterceptor - Token: Bearer eyJhbGciOiJIUzI1NiJ9.eyJzdWIiOiIyIiwiZW1haWwiOiJha3NoYXlAZ21haWwuY29tIiwicm9sZSI6Ik1BU1RFUl9BRE1JTiIsImlhdCI6MTc2NDA2NDQ4MiwiZXhwIjoxNzY0MDY4MDgyfQ.FLTNmapnsAWAhbEeBxY-yV97fwE5bOHe1GIxZ0uNhZM
2025-11-25 15:24:55 INFO  c.e.crm_system_backend.utils.JwtUtil - Enter: JwtUtil:getEmail
2025-11-25 15:24:55 INFO  c.e.crm_system_backend.utils.JwtUtil - Exit: JwtUtil:getEmail
2025-11-25 15:24:55 INFO  c.e.crm_system_backend.utils.JwtUtil - Enter: JwtUtil:extractAllClaims
2025-11-25 15:24:55 INFO  c.e.crm_system_backend.utils.JwtUtil - Exit: JwtUtil:extractAllClaims
2025-11-25 15:24:55 INFO  c.e.crm_system_backend.utils.JwtUtil - Enter: JwtUtil:getSigningKey
2025-11-25 15:24:55 INFO  c.e.crm_system_backend.utils.JwtUtil - Exit: JwtUtil:getSigningKey
2025-11-25 15:24:55 INFO  c.e.crm_system_backend.utils.JwtUtil - Enter: JwtUtil:validateToken
2025-11-25 15:24:55 INFO  c.e.crm_system_backend.utils.JwtUtil - Enter: JwtUtil:getSigningKey
2025-11-25 15:24:55 INFO  c.e.crm_system_backend.utils.JwtUtil - Exit: JwtUtil:getSigningKey
2025-11-25 15:24:55 INFO  c.e.c.interceptor.RequestInterceptor - Enter: RequestInterceptor.preHandle
2025-11-25 15:24:55 INFO  c.e.c.interceptor.RequestInterceptor - Request URI: /crm/history/lead/akshay@gmail.com
2025-11-25 15:24:55 INFO  c.e.c.interceptor.RequestInterceptor - Token: Bearer eyJhbGciOiJIUzI1NiJ9.eyJzdWIiOiIyIiwiZW1haWwiOiJha3NoYXlAZ21haWwuY29tIiwicm9sZSI6Ik1BU1RFUl9BRE1JTiIsImlhdCI6MTc2NDA2NDQ4MiwiZXhwIjoxNzY0MDY4MDgyfQ.FLTNmapnsAWAhbEeBxY-yV97fwE5bOHe1GIxZ0uNhZM
2025-11-25 15:24:55 INFO  c.e.crm_system_backend.utils.JwtUtil - Enter: JwtUtil:getEmail
2025-11-25 15:24:55 INFO  c.e.crm_system_backend.utils.JwtUtil - Exit: JwtUtil:getEmail
2025-11-25 15:24:55 INFO  c.e.crm_system_backend.utils.JwtUtil - Enter: JwtUtil:extractAllClaims
2025-11-25 15:24:55 INFO  c.e.crm_system_backend.utils.JwtUtil - Exit: JwtUtil:extractAllClaims
2025-11-25 15:24:55 INFO  c.e.crm_system_backend.utils.JwtUtil - Enter: JwtUtil:getSigningKey
2025-11-25 15:24:55 INFO  c.e.crm_system_backend.utils.JwtUtil - Exit: JwtUtil:getSigningKey
2025-11-25 15:24:55 INFO  c.e.crm_system_backend.utils.JwtUtil - Enter: JwtUtil:validateToken
2025-11-25 15:24:55 INFO  c.e.crm_system_backend.utils.JwtUtil - Enter: JwtUtil:getSigningKey
2025-11-25 15:24:55 INFO  c.e.crm_system_backend.utils.JwtUtil - Exit: JwtUtil:getSigningKey
2025-11-25 15:24:55 INFO  c.e.crm_system_backend.utils.JwtUtil - Enter: JwtUtil:validateToken
2025-11-25 15:24:55 INFO  c.e.crm_system_backend.utils.JwtUtil - Enter: JwtUtil:getSigningKey
2025-11-25 15:24:55 INFO  c.e.crm_system_backend.utils.JwtUtil - Exit: JwtUtil:getSigningKey
2025-11-25 15:24:55 INFO  c.e.crm_system_backend.utils.JwtUtil - Enter: JwtUtil:isTokenExpired
2025-11-25 15:24:55 INFO  c.e.crm_system_backend.utils.JwtUtil - Enter: JwtUtil:extractAllClaims
2025-11-25 15:24:55 INFO  c.e.crm_system_backend.utils.JwtUtil - Exit: JwtUtil:extractAllClaims
2025-11-25 15:24:55 INFO  c.e.crm_system_backend.utils.JwtUtil - Enter: JwtUtil:getSigningKey
2025-11-25 15:24:55 INFO  c.e.crm_system_backend.utils.JwtUtil - Exit: JwtUtil:getSigningKey
2025-11-25 15:24:55 INFO  c.e.crm_system_backend.utils.JwtUtil - Enter: JwtUtil:validateToken
2025-11-25 15:24:55 INFO  c.e.crm_system_backend.utils.JwtUtil - Enter: JwtUtil:getSigningKey
2025-11-25 15:24:55 INFO  c.e.crm_system_backend.utils.JwtUtil - Exit: JwtUtil:getSigningKey
2025-11-25 15:24:55 INFO  c.e.c.s.s.UserSessionService - Enter : UserSessionService:findSessionByToken
2025-11-25 15:24:55 INFO  c.e.c.s.s.UserSessionService - token:eyJhbGciOiJIUzI1NiJ9.eyJzdWIiOiIyIiwiZW1haWwiOiJha3NoYXlAZ21haWwuY29tIiwicm9sZSI6Ik1BU1RFUl9BRE1JTiIsImlhdCI6MTc2NDA2NDQ4MiwiZXhwIjoxNzY0MDY4MDgyfQ.FLTNmapnsAWAhbEeBxY-yV97fwE5bOHe1GIxZ0uNhZM
2025-11-25 15:24:55 INFO  c.e.c.s.s.UserSessionService - email:akshay@gmail.com
2025-11-25 15:24:55 INFO  c.e.c.s.s.UserSessionService - Exit : UserSessionService:findSessionByToken
2025-11-25 15:24:55 INFO  c.e.crm_system_backend.utils.JwtUtil - Enter: JwtUtil:isTokenExpired
2025-11-25 15:24:55 INFO  c.e.crm_system_backend.utils.JwtUtil - Enter: JwtUtil:extractAllClaims
2025-11-25 15:24:55 INFO  c.e.crm_system_backend.utils.JwtUtil - Exit: JwtUtil:extractAllClaims
2025-11-25 15:24:55 INFO  c.e.crm_system_backend.utils.JwtUtil - Enter: JwtUtil:getSigningKey
2025-11-25 15:24:55 INFO  c.e.crm_system_backend.utils.JwtUtil - Exit: JwtUtil:getSigningKey
2025-11-25 15:24:55 INFO  c.e.c.s.s.UserSessionService - Enter : UserSessionService:findSessionByToken
2025-11-25 15:24:55 INFO  c.e.c.s.s.UserSessionService - token:eyJhbGciOiJIUzI1NiJ9.eyJzdWIiOiIyIiwiZW1haWwiOiJha3NoYXlAZ21haWwuY29tIiwicm9sZSI6Ik1BU1RFUl9BRE1JTiIsImlhdCI6MTc2NDA2NDQ4MiwiZXhwIjoxNzY0MDY4MDgyfQ.FLTNmapnsAWAhbEeBxY-yV97fwE5bOHe1GIxZ0uNhZM
2025-11-25 15:24:55 INFO  c.e.c.s.s.UserSessionService - email:akshay@gmail.com
2025-11-25 15:24:55 INFO  c.e.c.s.s.UserSessionService - Exit : UserSessionService:findSessionByToken
2025-11-25 15:24:55 INFO  c.e.crm_system_backend.utils.JwtUtil - Enter: JwtUtil:getRole
2025-11-25 15:24:55 INFO  c.e.crm_system_backend.utils.JwtUtil - Exit: JwtUtil:getRole
2025-11-25 15:24:55 INFO  c.e.crm_system_backend.utils.JwtUtil - Enter: JwtUtil:extractAllClaims
2025-11-25 15:24:55 INFO  c.e.crm_system_backend.utils.JwtUtil - Exit: JwtUtil:extractAllClaims
2025-11-25 15:24:55 INFO  c.e.crm_system_backend.utils.JwtUtil - Enter: JwtUtil:getSigningKey
2025-11-25 15:24:55 INFO  c.e.crm_system_backend.utils.JwtUtil - Exit: JwtUtil:getSigningKey
2025-11-25 15:24:55 INFO  c.e.crm_system_backend.utils.JwtUtil - Enter: JwtUtil:getId
2025-11-25 15:24:55 INFO  c.e.crm_system_backend.utils.JwtUtil - Exit: JwtUtil:getId
2025-11-25 15:24:55 INFO  c.e.crm_system_backend.utils.JwtUtil - Enter: JwtUtil:getRole
2025-11-25 15:24:55 INFO  c.e.crm_system_backend.utils.JwtUtil - Enter: JwtUtil:extractAllClaims
2025-11-25 15:24:55 INFO  c.e.crm_system_backend.utils.JwtUtil - Exit: JwtUtil:getRole
2025-11-25 15:24:55 INFO  c.e.crm_system_backend.utils.JwtUtil - Exit: JwtUtil:extractAllClaims
2025-11-25 15:24:55 INFO  c.e.crm_system_backend.utils.JwtUtil - Enter: JwtUtil:extractAllClaims
2025-11-25 15:24:55 INFO  c.e.crm_system_backend.utils.JwtUtil - Enter: JwtUtil:getSigningKey
2025-11-25 15:24:55 INFO  c.e.crm_system_backend.utils.JwtUtil - Exit: JwtUtil:extractAllClaims
2025-11-25 15:24:55 INFO  c.e.crm_system_backend.utils.JwtUtil - Exit: JwtUtil:getSigningKey
2025-11-25 15:24:55 INFO  c.e.crm_system_backend.utils.JwtUtil - Enter: JwtUtil:getSigningKey
2025-11-25 15:24:55 INFO  c.e.crm_system_backend.utils.JwtUtil - Exit: JwtUtil:getSigningKey
2025-11-25 15:24:55 INFO  c.e.c.interceptor.RoleInterceptor - Enter: RoleInterceptor.preHandle
2025-11-25 15:24:55 INFO  c.e.crm_system_backend.utils.JwtUtil - Enter: JwtUtil:getId
2025-11-25 15:24:55 INFO  c.e.crm_system_backend.utils.JwtUtil - Exit: JwtUtil:getId
2025-11-25 15:24:55 INFO  c.e.crm_system_backend.utils.JwtUtil - Enter: JwtUtil:extractAllClaims
2025-11-25 15:24:55 INFO  c.e.crm_system_backend.utils.JwtUtil - Exit: JwtUtil:extractAllClaims
2025-11-25 15:24:55 INFO  c.e.crm_system_backend.utils.JwtUtil - Enter: JwtUtil:getSigningKey
2025-11-25 15:24:55 INFO  c.e.crm_system_backend.utils.JwtUtil - Exit: JwtUtil:getSigningKey
2025-11-25 15:24:55 INFO  c.e.c.controller.UserController - userId:2
2025-11-25 15:24:55 INFO  c.e.c.handler.UserHandler - Enter : UserHandler:getUsers
2025-11-25 15:24:55 INFO  c.e.c.s.serviceImpl.UserService - Enter : UserService:getUserById
2025-11-25 15:24:55 INFO  c.e.c.s.serviceImpl.UserService - id:2
2025-11-25 15:24:55 INFO  c.e.c.s.serviceImpl.UserService - Exit : UserService:getUserById
2025-11-25 15:24:55 INFO  c.e.c.handler.UploadedHistoryHandler - Enter : findLeadUploadHistoryByEmail
2025-11-25 15:24:55 INFO  c.e.c.s.s.UploadHistoryService - Enter: ErrorRecordHandler.findByUser
2025-11-25 15:24:55 INFO  c.e.c.handler.UserHandler - Request for getting users is in user Handler for master admin
2025-11-25 15:24:55 INFO  c.e.c.s.serviceImpl.UserService - Enter : UserService:getAllUserByMasterAdmin
2025-11-25 15:24:55 INFO  c.e.c.s.serviceImpl.UserService - users:[User(id=3, firstName=Akshay, lastName=jadhav, email=akshay2002@gmail.com, mobileNumber=8308575626, password=Akshay@123, address=, city=, state=, country=, pinCode=, role=USER, registeredBy=2, registeredOn=2025-11-10T18:23:51.032489), User(id=4, firstName=rohan, lastName=rote, email=rohan@yahoo.com, mobileNumber=8123456780, password=Admin@123, address=, city=, state=, country=, pinCode=, role=ADMIN, registeredBy=2, registeredOn=2025-11-20T19:47:50.780109)]
2025-11-25 15:24:55 INFO  c.e.c.s.serviceImpl.UserService - admins:[User(id=4, firstName=rohan, lastName=rote, email=rohan@yahoo.com, mobileNumber=8123456780, password=Admin@123, address=, city=, state=, country=, pinCode=, role=ADMIN, registeredBy=2, registeredOn=2025-11-20T19:47:50.780109)]
2025-11-25 15:24:55 INFO  c.e.c.s.serviceImpl.UserService - Enter : UserService:getAllUsersByAdmin
2025-11-25 15:24:55 INFO  c.e.c.s.serviceImpl.UserService - id:4
2025-11-25 15:24:55 INFO  c.e.c.s.serviceImpl.UserService - Exit : UserService:getAllUsersByAdmin
2025-11-25 15:24:55 INFO  c.e.c.handler.UploadedHistoryHandler - Exit : findLeadUploadHistoryByEmail
2025-11-25 15:24:55 INFO  c.e.c.s.serviceImpl.UserService - users2:[]
2025-11-25 15:24:55 INFO  c.e.c.s.serviceImpl.UserService - Exit : UserService:getAllUserByMasterAdmin
2025-11-25 15:24:55 INFO  c.e.c.handler.UserHandler - Exit : UserHandler:getUsers
2025-11-25 15:24:56 INFO  c.e.c.interceptor.RequestInterceptor - Enter: RequestInterceptor.preHandle
2025-11-25 15:24:56 INFO  c.e.c.interceptor.RequestInterceptor - Request URI: /crm/error/records/0116375e-2688-49e1-8321-ee23fbece247
2025-11-25 15:24:56 INFO  c.e.c.interceptor.RequestInterceptor - Enter: RequestInterceptor.preHandle
2025-11-25 15:24:56 INFO  c.e.c.interceptor.RequestInterceptor - Request URI: /crm/error/records/0116375e-2688-49e1-8321-ee23fbece247
2025-11-25 15:24:56 INFO  c.e.c.interceptor.RequestInterceptor - Token: Bearer eyJhbGciOiJIUzI1NiJ9.eyJzdWIiOiIyIiwiZW1haWwiOiJha3NoYXlAZ21haWwuY29tIiwicm9sZSI6Ik1BU1RFUl9BRE1JTiIsImlhdCI6MTc2NDA2NDQ4MiwiZXhwIjoxNzY0MDY4MDgyfQ.FLTNmapnsAWAhbEeBxY-yV97fwE5bOHe1GIxZ0uNhZM
2025-11-25 15:24:56 INFO  c.e.crm_system_backend.utils.JwtUtil - Enter: JwtUtil:getEmail
2025-11-25 15:24:56 INFO  c.e.crm_system_backend.utils.JwtUtil - Exit: JwtUtil:getEmail
2025-11-25 15:24:56 INFO  c.e.crm_system_backend.utils.JwtUtil - Enter: JwtUtil:extractAllClaims
2025-11-25 15:24:56 INFO  c.e.crm_system_backend.utils.JwtUtil - Exit: JwtUtil:extractAllClaims
2025-11-25 15:24:56 INFO  c.e.crm_system_backend.utils.JwtUtil - Enter: JwtUtil:getSigningKey
2025-11-25 15:24:56 INFO  c.e.crm_system_backend.utils.JwtUtil - Exit: JwtUtil:getSigningKey
2025-11-25 15:24:56 INFO  c.e.crm_system_backend.utils.JwtUtil - Enter: JwtUtil:validateToken
2025-11-25 15:24:56 INFO  c.e.crm_system_backend.utils.JwtUtil - Enter: JwtUtil:getSigningKey
2025-11-25 15:24:56 INFO  c.e.crm_system_backend.utils.JwtUtil - Exit: JwtUtil:getSigningKey
2025-11-25 15:24:56 INFO  c.e.crm_system_backend.utils.JwtUtil - Enter: JwtUtil:validateToken
2025-11-25 15:24:56 INFO  c.e.crm_system_backend.utils.JwtUtil - Enter: JwtUtil:getSigningKey
2025-11-25 15:24:56 INFO  c.e.crm_system_backend.utils.JwtUtil - Exit: JwtUtil:getSigningKey
2025-11-25 15:24:56 INFO  c.e.crm_system_backend.utils.JwtUtil - Enter: JwtUtil:isTokenExpired
2025-11-25 15:24:56 INFO  c.e.crm_system_backend.utils.JwtUtil - Enter: JwtUtil:extractAllClaims
2025-11-25 15:24:56 INFO  c.e.crm_system_backend.utils.JwtUtil - Exit: JwtUtil:extractAllClaims
2025-11-25 15:24:56 INFO  c.e.crm_system_backend.utils.JwtUtil - Enter: JwtUtil:getSigningKey
2025-11-25 15:24:56 INFO  c.e.crm_system_backend.utils.JwtUtil - Exit: JwtUtil:getSigningKey
2025-11-25 15:24:57 INFO  c.e.c.s.s.UserSessionService - Enter : UserSessionService:findSessionByToken
2025-11-25 15:24:57 INFO  c.e.c.s.s.UserSessionService - token:eyJhbGciOiJIUzI1NiJ9.eyJzdWIiOiIyIiwiZW1haWwiOiJha3NoYXlAZ21haWwuY29tIiwicm9sZSI6Ik1BU1RFUl9BRE1JTiIsImlhdCI6MTc2NDA2NDQ4MiwiZXhwIjoxNzY0MDY4MDgyfQ.FLTNmapnsAWAhbEeBxY-yV97fwE5bOHe1GIxZ0uNhZM
2025-11-25 15:24:57 INFO  c.e.c.s.s.UserSessionService - email:akshay@gmail.com
2025-11-25 15:24:57 INFO  c.e.c.s.s.UserSessionService - Exit : UserSessionService:findSessionByToken
2025-11-25 15:24:57 INFO  c.e.crm_system_backend.utils.JwtUtil - Enter: JwtUtil:getRole
2025-11-25 15:24:57 INFO  c.e.crm_system_backend.utils.JwtUtil - Exit: JwtUtil:getRole
2025-11-25 15:24:57 INFO  c.e.crm_system_backend.utils.JwtUtil - Enter: JwtUtil:extractAllClaims
2025-11-25 15:24:57 INFO  c.e.crm_system_backend.utils.JwtUtil - Exit: JwtUtil:extractAllClaims
2025-11-25 15:24:57 INFO  c.e.crm_system_backend.utils.JwtUtil - Enter: JwtUtil:getSigningKey
2025-11-25 15:24:57 INFO  c.e.crm_system_backend.utils.JwtUtil - Exit: JwtUtil:getSigningKey
2025-11-25 15:24:57 INFO  c.e.crm_system_backend.utils.JwtUtil - Enter: JwtUtil:getId
2025-11-25 15:24:57 INFO  c.e.crm_system_backend.utils.JwtUtil - Exit: JwtUtil:getId
2025-11-25 15:24:57 INFO  c.e.crm_system_backend.utils.JwtUtil - Enter: JwtUtil:extractAllClaims
2025-11-25 15:24:57 INFO  c.e.crm_system_backend.utils.JwtUtil - Exit: JwtUtil:extractAllClaims
2025-11-25 15:24:57 INFO  c.e.crm_system_backend.utils.JwtUtil - Enter: JwtUtil:getSigningKey
2025-11-25 15:24:57 INFO  c.e.crm_system_backend.utils.JwtUtil - Exit: JwtUtil:getSigningKey
2025-11-25 15:24:57 INFO  c.e.c.c.ErrorRecordController - Enter: ErrorRecordController.findErrorRecordByUploadHistoryId
2025-11-25 15:24:57 INFO  c.e.c.handler.ErrorRecordHandler - Enter:ErrorRecordHandler.findErrorRecordByUploadHistoryId
2025-11-25 15:24:57 INFO  c.e.c.s.s.UploadHistoryService - Enter: ErrorRecordHandler.findById
2025-11-25 15:24:57 INFO  c.e.c.s.s.UploadHistoryService - Exit: ErrorRecordHandler.findById
2025-11-25 15:24:57 INFO  c.e.c.handler.ErrorRecordHandler - Exit: ErrorRecordHandler.findErrorRecordByUploadHistoryId
2025-11-25 15:24:57 INFO  c.e.c.c.ErrorRecordController - Exit: ErrorRecordController.findErrorRecordByUploadHistoryId
2025-11-25 15:25:02 INFO  c.e.c.interceptor.RequestInterceptor - Enter: RequestInterceptor.preHandle
2025-11-25 15:25:02 INFO  c.e.c.interceptor.RequestInterceptor - Request URI: /crm/error/5/0116375e-2688-49e1-8321-ee23fbece247
2025-11-25 15:25:02 INFO  c.e.c.interceptor.RequestInterceptor - Enter: RequestInterceptor.preHandle
2025-11-25 15:25:02 INFO  c.e.c.interceptor.RequestInterceptor - Request URI: /crm/error/5/0116375e-2688-49e1-8321-ee23fbece247
2025-11-25 15:25:02 INFO  c.e.c.interceptor.RequestInterceptor - Token: Bearer eyJhbGciOiJIUzI1NiJ9.eyJzdWIiOiIyIiwiZW1haWwiOiJha3NoYXlAZ21haWwuY29tIiwicm9sZSI6Ik1BU1RFUl9BRE1JTiIsImlhdCI6MTc2NDA2NDQ4MiwiZXhwIjoxNzY0MDY4MDgyfQ.FLTNmapnsAWAhbEeBxY-yV97fwE5bOHe1GIxZ0uNhZM
2025-11-25 15:25:02 INFO  c.e.crm_system_backend.utils.JwtUtil - Enter: JwtUtil:getEmail
2025-11-25 15:25:02 INFO  c.e.crm_system_backend.utils.JwtUtil - Exit: JwtUtil:getEmail
2025-11-25 15:25:02 INFO  c.e.crm_system_backend.utils.JwtUtil - Enter: JwtUtil:extractAllClaims
2025-11-25 15:25:02 INFO  c.e.crm_system_backend.utils.JwtUtil - Exit: JwtUtil:extractAllClaims
2025-11-25 15:25:02 INFO  c.e.crm_system_backend.utils.JwtUtil - Enter: JwtUtil:getSigningKey
2025-11-25 15:25:02 INFO  c.e.crm_system_backend.utils.JwtUtil - Exit: JwtUtil:getSigningKey
2025-11-25 15:25:02 INFO  c.e.crm_system_backend.utils.JwtUtil - Enter: JwtUtil:validateToken
2025-11-25 15:25:02 INFO  c.e.crm_system_backend.utils.JwtUtil - Enter: JwtUtil:getSigningKey
2025-11-25 15:25:02 INFO  c.e.crm_system_backend.utils.JwtUtil - Exit: JwtUtil:getSigningKey
2025-11-25 15:25:02 INFO  c.e.crm_system_backend.utils.JwtUtil - Enter: JwtUtil:validateToken
2025-11-25 15:25:02 INFO  c.e.crm_system_backend.utils.JwtUtil - Enter: JwtUtil:getSigningKey
2025-11-25 15:25:02 INFO  c.e.crm_system_backend.utils.JwtUtil - Exit: JwtUtil:getSigningKey
2025-11-25 15:25:02 INFO  c.e.crm_system_backend.utils.JwtUtil - Enter: JwtUtil:isTokenExpired
2025-11-25 15:25:02 INFO  c.e.crm_system_backend.utils.JwtUtil - Enter: JwtUtil:extractAllClaims
2025-11-25 15:25:02 INFO  c.e.crm_system_backend.utils.JwtUtil - Exit: JwtUtil:extractAllClaims
2025-11-25 15:25:02 INFO  c.e.crm_system_backend.utils.JwtUtil - Enter: JwtUtil:getSigningKey
2025-11-25 15:25:02 INFO  c.e.crm_system_backend.utils.JwtUtil - Exit: JwtUtil:getSigningKey
2025-11-25 15:25:02 INFO  c.e.c.s.s.UserSessionService - Enter : UserSessionService:findSessionByToken
2025-11-25 15:25:02 INFO  c.e.c.s.s.UserSessionService - token:eyJhbGciOiJIUzI1NiJ9.eyJzdWIiOiIyIiwiZW1haWwiOiJha3NoYXlAZ21haWwuY29tIiwicm9sZSI6Ik1BU1RFUl9BRE1JTiIsImlhdCI6MTc2NDA2NDQ4MiwiZXhwIjoxNzY0MDY4MDgyfQ.FLTNmapnsAWAhbEeBxY-yV97fwE5bOHe1GIxZ0uNhZM
2025-11-25 15:25:02 INFO  c.e.c.s.s.UserSessionService - email:akshay@gmail.com
2025-11-25 15:25:02 INFO  c.e.c.s.s.UserSessionService - Exit : UserSessionService:findSessionByToken
2025-11-25 15:25:02 INFO  c.e.crm_system_backend.utils.JwtUtil - Enter: JwtUtil:getRole
2025-11-25 15:25:02 INFO  c.e.crm_system_backend.utils.JwtUtil - Exit: JwtUtil:getRole
2025-11-25 15:25:02 INFO  c.e.crm_system_backend.utils.JwtUtil - Enter: JwtUtil:extractAllClaims
2025-11-25 15:25:02 INFO  c.e.crm_system_backend.utils.JwtUtil - Exit: JwtUtil:extractAllClaims
2025-11-25 15:25:02 INFO  c.e.crm_system_backend.utils.JwtUtil - Enter: JwtUtil:getSigningKey
2025-11-25 15:25:02 INFO  c.e.crm_system_backend.utils.JwtUtil - Exit: JwtUtil:getSigningKey
2025-11-25 15:25:02 INFO  c.e.crm_system_backend.utils.JwtUtil - Enter: JwtUtil:getId
2025-11-25 15:25:02 INFO  c.e.crm_system_backend.utils.JwtUtil - Exit: JwtUtil:getId
2025-11-25 15:25:02 INFO  c.e.crm_system_backend.utils.JwtUtil - Enter: JwtUtil:extractAllClaims
2025-11-25 15:25:02 INFO  c.e.crm_system_backend.utils.JwtUtil - Exit: JwtUtil:extractAllClaims
2025-11-25 15:25:02 INFO  c.e.crm_system_backend.utils.JwtUtil - Enter: JwtUtil:getSigningKey
2025-11-25 15:25:02 INFO  c.e.crm_system_backend.utils.JwtUtil - Exit: JwtUtil:getSigningKey
2025-11-25 15:25:02 INFO  c.e.c.c.ErrorRecordController - Enter: ErrorRecordController.deleteErrorRecordByEmail
2025-11-25 15:25:02 INFO  c.e.c.handler.ErrorRecordHandler - Enter: ErrorRecordHandler.deleteErrorRecordByEmail
2025-11-25 15:25:02 INFO  c.e.c.s.s.UploadHistoryService - Enter: ErrorRecordHandler.findById
2025-11-25 15:25:02 INFO  c.e.c.s.s.UploadHistoryService - Exit: ErrorRecordHandler.findById
2025-11-25 15:25:02 INFO  c.e.c.s.s.UploadHistoryService - Enter: ErrorRecordHandler.save
2025-11-25 15:25:02 INFO  c.e.c.handler.ErrorRecordHandler - Exit : ErrorRecordHandler.deleteErrorRecordByEmail
2025-11-25 15:25:02 INFO  c.e.c.c.ErrorRecordController - Exit: ErrorRecordController.deleteErrorRecordByEmail
2025-11-25 15:25:02 INFO  c.e.c.interceptor.RequestInterceptor - Enter: RequestInterceptor.preHandle
2025-11-25 15:25:02 INFO  c.e.c.interceptor.RequestInterceptor - Request URI: /crm/error/records/0116375e-2688-49e1-8321-ee23fbece247
2025-11-25 15:25:02 INFO  c.e.c.interceptor.RequestInterceptor - Enter: RequestInterceptor.preHandle
2025-11-25 15:25:02 INFO  c.e.c.interceptor.RequestInterceptor - Request URI: /crm/error/records/0116375e-2688-49e1-8321-ee23fbece247
2025-11-25 15:25:02 INFO  c.e.c.interceptor.RequestInterceptor - Token: Bearer eyJhbGciOiJIUzI1NiJ9.eyJzdWIiOiIyIiwiZW1haWwiOiJha3NoYXlAZ21haWwuY29tIiwicm9sZSI6Ik1BU1RFUl9BRE1JTiIsImlhdCI6MTc2NDA2NDQ4MiwiZXhwIjoxNzY0MDY4MDgyfQ.FLTNmapnsAWAhbEeBxY-yV97fwE5bOHe1GIxZ0uNhZM
2025-11-25 15:25:02 INFO  c.e.crm_system_backend.utils.JwtUtil - Enter: JwtUtil:getEmail
2025-11-25 15:25:02 INFO  c.e.crm_system_backend.utils.JwtUtil - Exit: JwtUtil:getEmail
2025-11-25 15:25:02 INFO  c.e.crm_system_backend.utils.JwtUtil - Enter: JwtUtil:extractAllClaims
2025-11-25 15:25:02 INFO  c.e.crm_system_backend.utils.JwtUtil - Exit: JwtUtil:extractAllClaims
2025-11-25 15:25:02 INFO  c.e.crm_system_backend.utils.JwtUtil - Enter: JwtUtil:getSigningKey
2025-11-25 15:25:02 INFO  c.e.crm_system_backend.utils.JwtUtil - Exit: JwtUtil:getSigningKey
2025-11-25 15:25:02 INFO  c.e.crm_system_backend.utils.JwtUtil - Enter: JwtUtil:validateToken
2025-11-25 15:25:02 INFO  c.e.crm_system_backend.utils.JwtUtil - Enter: JwtUtil:getSigningKey
2025-11-25 15:25:02 INFO  c.e.crm_system_backend.utils.JwtUtil - Exit: JwtUtil:getSigningKey
2025-11-25 15:25:02 INFO  c.e.crm_system_backend.utils.JwtUtil - Enter: JwtUtil:validateToken
2025-11-25 15:25:02 INFO  c.e.crm_system_backend.utils.JwtUtil - Enter: JwtUtil:getSigningKey
2025-11-25 15:25:02 INFO  c.e.crm_system_backend.utils.JwtUtil - Exit: JwtUtil:getSigningKey
2025-11-25 15:25:02 INFO  c.e.crm_system_backend.utils.JwtUtil - Enter: JwtUtil:isTokenExpired
2025-11-25 15:25:02 INFO  c.e.crm_system_backend.utils.JwtUtil - Enter: JwtUtil:extractAllClaims
2025-11-25 15:25:02 INFO  c.e.crm_system_backend.utils.JwtUtil - Exit: JwtUtil:extractAllClaims
2025-11-25 15:25:02 INFO  c.e.crm_system_backend.utils.JwtUtil - Enter: JwtUtil:getSigningKey
2025-11-25 15:25:02 INFO  c.e.crm_system_backend.utils.JwtUtil - Exit: JwtUtil:getSigningKey
2025-11-25 15:25:02 INFO  c.e.c.s.s.UserSessionService - Enter : UserSessionService:findSessionByToken
2025-11-25 15:25:02 INFO  c.e.c.s.s.UserSessionService - token:eyJhbGciOiJIUzI1NiJ9.eyJzdWIiOiIyIiwiZW1haWwiOiJha3NoYXlAZ21haWwuY29tIiwicm9sZSI6Ik1BU1RFUl9BRE1JTiIsImlhdCI6MTc2NDA2NDQ4MiwiZXhwIjoxNzY0MDY4MDgyfQ.FLTNmapnsAWAhbEeBxY-yV97fwE5bOHe1GIxZ0uNhZM
2025-11-25 15:25:02 INFO  c.e.c.s.s.UserSessionService - email:akshay@gmail.com
2025-11-25 15:25:02 INFO  c.e.c.s.s.UserSessionService - Exit : UserSessionService:findSessionByToken
2025-11-25 15:25:02 INFO  c.e.crm_system_backend.utils.JwtUtil - Enter: JwtUtil:getRole
2025-11-25 15:25:02 INFO  c.e.crm_system_backend.utils.JwtUtil - Exit: JwtUtil:getRole
2025-11-25 15:25:02 INFO  c.e.crm_system_backend.utils.JwtUtil - Enter: JwtUtil:extractAllClaims
2025-11-25 15:25:02 INFO  c.e.crm_system_backend.utils.JwtUtil - Exit: JwtUtil:extractAllClaims
2025-11-25 15:25:02 INFO  c.e.crm_system_backend.utils.JwtUtil - Enter: JwtUtil:getSigningKey
2025-11-25 15:25:02 INFO  c.e.crm_system_backend.utils.JwtUtil - Exit: JwtUtil:getSigningKey
2025-11-25 15:25:02 INFO  c.e.crm_system_backend.utils.JwtUtil - Enter: JwtUtil:getId
2025-11-25 15:25:02 INFO  c.e.crm_system_backend.utils.JwtUtil - Exit: JwtUtil:getId
2025-11-25 15:25:02 INFO  c.e.crm_system_backend.utils.JwtUtil - Enter: JwtUtil:extractAllClaims
2025-11-25 15:25:02 INFO  c.e.crm_system_backend.utils.JwtUtil - Exit: JwtUtil:extractAllClaims
2025-11-25 15:25:02 INFO  c.e.crm_system_backend.utils.JwtUtil - Enter: JwtUtil:getSigningKey
2025-11-25 15:25:02 INFO  c.e.crm_system_backend.utils.JwtUtil - Exit: JwtUtil:getSigningKey
2025-11-25 15:25:02 INFO  c.e.c.c.ErrorRecordController - Enter: ErrorRecordController.findErrorRecordByUploadHistoryId
2025-11-25 15:25:02 INFO  c.e.c.handler.ErrorRecordHandler - Enter:ErrorRecordHandler.findErrorRecordByUploadHistoryId
2025-11-25 15:25:02 INFO  c.e.c.s.s.UploadHistoryService - Enter: ErrorRecordHandler.findById
2025-11-25 15:25:02 INFO  c.e.c.s.s.UploadHistoryService - Exit: ErrorRecordHandler.findById
2025-11-25 15:25:02 INFO  c.e.c.handler.ErrorRecordHandler - Exit: ErrorRecordHandler.findErrorRecordByUploadHistoryId
2025-11-25 15:25:02 INFO  c.e.c.c.ErrorRecordController - Exit: ErrorRecordController.findErrorRecordByUploadHistoryId
2025-11-25 15:25:07 INFO  c.e.c.interceptor.RequestInterceptor - Enter: RequestInterceptor.preHandle
2025-11-25 15:25:07 INFO  c.e.c.interceptor.RequestInterceptor - Request URI: /crm/history/lead/akshay@gmail.com
2025-11-25 15:25:07 INFO  c.e.c.interceptor.RequestInterceptor - Enter: RequestInterceptor.preHandle
2025-11-25 15:25:07 INFO  c.e.c.interceptor.RequestInterceptor - Request URI: /crm/history/lead/akshay@gmail.com
2025-11-25 15:25:07 INFO  c.e.c.interceptor.RequestInterceptor - Token: Bearer eyJhbGciOiJIUzI1NiJ9.eyJzdWIiOiIyIiwiZW1haWwiOiJha3NoYXlAZ21haWwuY29tIiwicm9sZSI6Ik1BU1RFUl9BRE1JTiIsImlhdCI6MTc2NDA2NDQ4MiwiZXhwIjoxNzY0MDY4MDgyfQ.FLTNmapnsAWAhbEeBxY-yV97fwE5bOHe1GIxZ0uNhZM
2025-11-25 15:25:07 INFO  c.e.crm_system_backend.utils.JwtUtil - Enter: JwtUtil:getEmail
2025-11-25 15:25:07 INFO  c.e.crm_system_backend.utils.JwtUtil - Exit: JwtUtil:getEmail
2025-11-25 15:25:07 INFO  c.e.crm_system_backend.utils.JwtUtil - Enter: JwtUtil:extractAllClaims
2025-11-25 15:25:07 INFO  c.e.crm_system_backend.utils.JwtUtil - Exit: JwtUtil:extractAllClaims
2025-11-25 15:25:07 INFO  c.e.crm_system_backend.utils.JwtUtil - Enter: JwtUtil:getSigningKey
2025-11-25 15:25:07 INFO  c.e.crm_system_backend.utils.JwtUtil - Exit: JwtUtil:getSigningKey
2025-11-25 15:25:07 INFO  c.e.crm_system_backend.utils.JwtUtil - Enter: JwtUtil:validateToken
2025-11-25 15:25:07 INFO  c.e.crm_system_backend.utils.JwtUtil - Enter: JwtUtil:getSigningKey
2025-11-25 15:25:07 INFO  c.e.crm_system_backend.utils.JwtUtil - Exit: JwtUtil:getSigningKey
2025-11-25 15:25:07 INFO  c.e.crm_system_backend.utils.JwtUtil - Enter: JwtUtil:validateToken
2025-11-25 15:25:07 INFO  c.e.crm_system_backend.utils.JwtUtil - Enter: JwtUtil:getSigningKey
2025-11-25 15:25:07 INFO  c.e.crm_system_backend.utils.JwtUtil - Exit: JwtUtil:getSigningKey
2025-11-25 15:25:07 INFO  c.e.crm_system_backend.utils.JwtUtil - Enter: JwtUtil:isTokenExpired
2025-11-25 15:25:07 INFO  c.e.crm_system_backend.utils.JwtUtil - Enter: JwtUtil:extractAllClaims
2025-11-25 15:25:07 INFO  c.e.crm_system_backend.utils.JwtUtil - Exit: JwtUtil:extractAllClaims
2025-11-25 15:25:07 INFO  c.e.crm_system_backend.utils.JwtUtil - Enter: JwtUtil:getSigningKey
2025-11-25 15:25:07 INFO  c.e.crm_system_backend.utils.JwtUtil - Exit: JwtUtil:getSigningKey
2025-11-25 15:25:07 INFO  c.e.c.s.s.UserSessionService - Enter : UserSessionService:findSessionByToken
2025-11-25 15:25:07 INFO  c.e.c.s.s.UserSessionService - token:eyJhbGciOiJIUzI1NiJ9.eyJzdWIiOiIyIiwiZW1haWwiOiJha3NoYXlAZ21haWwuY29tIiwicm9sZSI6Ik1BU1RFUl9BRE1JTiIsImlhdCI6MTc2NDA2NDQ4MiwiZXhwIjoxNzY0MDY4MDgyfQ.FLTNmapnsAWAhbEeBxY-yV97fwE5bOHe1GIxZ0uNhZM
2025-11-25 15:25:07 INFO  c.e.c.s.s.UserSessionService - email:akshay@gmail.com
2025-11-25 15:25:07 INFO  c.e.c.s.s.UserSessionService - Exit : UserSessionService:findSessionByToken
2025-11-25 15:25:07 INFO  c.e.crm_system_backend.utils.JwtUtil - Enter: JwtUtil:getRole
2025-11-25 15:25:07 INFO  c.e.crm_system_backend.utils.JwtUtil - Exit: JwtUtil:getRole
2025-11-25 15:25:07 INFO  c.e.crm_system_backend.utils.JwtUtil - Enter: JwtUtil:extractAllClaims
2025-11-25 15:25:07 INFO  c.e.crm_system_backend.utils.JwtUtil - Exit: JwtUtil:extractAllClaims
2025-11-25 15:25:07 INFO  c.e.crm_system_backend.utils.JwtUtil - Enter: JwtUtil:getSigningKey
2025-11-25 15:25:07 INFO  c.e.crm_system_backend.utils.JwtUtil - Exit: JwtUtil:getSigningKey
2025-11-25 15:25:07 INFO  c.e.crm_system_backend.utils.JwtUtil - Enter: JwtUtil:getId
2025-11-25 15:25:07 INFO  c.e.crm_system_backend.utils.JwtUtil - Exit: JwtUtil:getId
2025-11-25 15:25:07 INFO  c.e.crm_system_backend.utils.JwtUtil - Enter: JwtUtil:extractAllClaims
2025-11-25 15:25:07 INFO  c.e.crm_system_backend.utils.JwtUtil - Exit: JwtUtil:extractAllClaims
2025-11-25 15:25:07 INFO  c.e.crm_system_backend.utils.JwtUtil - Enter: JwtUtil:getSigningKey
2025-11-25 15:25:07 INFO  c.e.crm_system_backend.utils.JwtUtil - Exit: JwtUtil:getSigningKey
2025-11-25 15:25:07 INFO  c.e.c.handler.UploadedHistoryHandler - Enter : findLeadUploadHistoryByEmail
2025-11-25 15:25:07 INFO  c.e.c.s.s.UploadHistoryService - Enter: ErrorRecordHandler.findByUser
2025-11-25 15:25:07 INFO  c.e.c.handler.UploadedHistoryHandler - Exit : findLeadUploadHistoryByEmail
2025-11-25 15:25:15 INFO  c.e.c.interceptor.RequestInterceptor - Enter: RequestInterceptor.preHandle
2025-11-25 15:25:15 INFO  c.e.c.interceptor.RequestInterceptor - Request URI: /crm/lead/import/2
2025-11-25 15:25:15 INFO  c.e.c.interceptor.RequestInterceptor - Enter: RequestInterceptor.preHandle
2025-11-25 15:25:15 INFO  c.e.c.interceptor.RequestInterceptor - Request URI: /crm/lead/import/2
2025-11-25 15:25:15 INFO  c.e.c.interceptor.RequestInterceptor - Token: Bearer eyJhbGciOiJIUzI1NiJ9.eyJzdWIiOiIyIiwiZW1haWwiOiJha3NoYXlAZ21haWwuY29tIiwicm9sZSI6Ik1BU1RFUl9BRE1JTiIsImlhdCI6MTc2NDA2NDQ4MiwiZXhwIjoxNzY0MDY4MDgyfQ.FLTNmapnsAWAhbEeBxY-yV97fwE5bOHe1GIxZ0uNhZM
2025-11-25 15:25:15 INFO  c.e.crm_system_backend.utils.JwtUtil - Enter: JwtUtil:getEmail
2025-11-25 15:25:15 INFO  c.e.crm_system_backend.utils.JwtUtil - Exit: JwtUtil:getEmail
2025-11-25 15:25:15 INFO  c.e.crm_system_backend.utils.JwtUtil - Enter: JwtUtil:extractAllClaims
2025-11-25 15:25:15 INFO  c.e.crm_system_backend.utils.JwtUtil - Exit: JwtUtil:extractAllClaims
2025-11-25 15:25:15 INFO  c.e.crm_system_backend.utils.JwtUtil - Enter: JwtUtil:getSigningKey
2025-11-25 15:25:15 INFO  c.e.crm_system_backend.utils.JwtUtil - Exit: JwtUtil:getSigningKey
2025-11-25 15:25:15 INFO  c.e.crm_system_backend.utils.JwtUtil - Enter: JwtUtil:validateToken
2025-11-25 15:25:15 INFO  c.e.crm_system_backend.utils.JwtUtil - Enter: JwtUtil:getSigningKey
2025-11-25 15:25:15 INFO  c.e.crm_system_backend.utils.JwtUtil - Exit: JwtUtil:getSigningKey
2025-11-25 15:25:15 INFO  c.e.crm_system_backend.utils.JwtUtil - Enter: JwtUtil:validateToken
2025-11-25 15:25:15 INFO  c.e.crm_system_backend.utils.JwtUtil - Enter: JwtUtil:getSigningKey
2025-11-25 15:25:15 INFO  c.e.crm_system_backend.utils.JwtUtil - Exit: JwtUtil:getSigningKey
2025-11-25 15:25:15 INFO  c.e.crm_system_backend.utils.JwtUtil - Enter: JwtUtil:isTokenExpired
2025-11-25 15:25:15 INFO  c.e.crm_system_backend.utils.JwtUtil - Enter: JwtUtil:extractAllClaims
2025-11-25 15:25:15 INFO  c.e.crm_system_backend.utils.JwtUtil - Exit: JwtUtil:extractAllClaims
2025-11-25 15:25:15 INFO  c.e.crm_system_backend.utils.JwtUtil - Enter: JwtUtil:getSigningKey
2025-11-25 15:25:15 INFO  c.e.crm_system_backend.utils.JwtUtil - Exit: JwtUtil:getSigningKey
2025-11-25 15:25:15 INFO  c.e.c.s.s.UserSessionService - Enter : UserSessionService:findSessionByToken
2025-11-25 15:25:15 INFO  c.e.c.s.s.UserSessionService - token:eyJhbGciOiJIUzI1NiJ9.eyJzdWIiOiIyIiwiZW1haWwiOiJha3NoYXlAZ21haWwuY29tIiwicm9sZSI6Ik1BU1RFUl9BRE1JTiIsImlhdCI6MTc2NDA2NDQ4MiwiZXhwIjoxNzY0MDY4MDgyfQ.FLTNmapnsAWAhbEeBxY-yV97fwE5bOHe1GIxZ0uNhZM
2025-11-25 15:25:15 INFO  c.e.c.s.s.UserSessionService - email:akshay@gmail.com
2025-11-25 15:25:15 INFO  c.e.c.s.s.UserSessionService - Exit : UserSessionService:findSessionByToken
2025-11-25 15:25:15 INFO  c.e.crm_system_backend.utils.JwtUtil - Enter: JwtUtil:getRole
2025-11-25 15:25:15 INFO  c.e.crm_system_backend.utils.JwtUtil - Exit: JwtUtil:getRole
2025-11-25 15:25:15 INFO  c.e.crm_system_backend.utils.JwtUtil - Enter: JwtUtil:extractAllClaims
2025-11-25 15:25:15 INFO  c.e.crm_system_backend.utils.JwtUtil - Exit: JwtUtil:extractAllClaims
2025-11-25 15:25:15 INFO  c.e.crm_system_backend.utils.JwtUtil - Enter: JwtUtil:getSigningKey
2025-11-25 15:25:15 INFO  c.e.crm_system_backend.utils.JwtUtil - Exit: JwtUtil:getSigningKey
2025-11-25 15:25:15 INFO  c.e.crm_system_backend.utils.JwtUtil - Enter: JwtUtil:getId
2025-11-25 15:25:15 INFO  c.e.crm_system_backend.utils.JwtUtil - Exit: JwtUtil:getId
2025-11-25 15:25:15 INFO  c.e.crm_system_backend.utils.JwtUtil - Enter: JwtUtil:extractAllClaims
2025-11-25 15:25:15 INFO  c.e.crm_system_backend.utils.JwtUtil - Exit: JwtUtil:extractAllClaims
2025-11-25 15:25:15 INFO  c.e.crm_system_backend.utils.JwtUtil - Enter: JwtUtil:getSigningKey
2025-11-25 15:25:15 INFO  c.e.crm_system_backend.utils.JwtUtil - Exit: JwtUtil:getSigningKey
2025-11-25 15:25:15 INFO  c.e.c.controller.LeadController - Enter: LeadController.bulkSaveLead
2025-11-25 15:25:15 INFO  c.e.c.handler.LeadHandler - Enter: LeadHandler.bulkUpload
2025-11-25 15:25:15 INFO  c.e.c.s.serviceImpl.UserService - Enter : UserService:getUserById
2025-11-25 15:25:15 INFO  c.e.c.s.serviceImpl.UserService - id:2
2025-11-25 15:25:15 INFO  c.e.c.s.serviceImpl.UserService - Exit : UserService:getUserById
2025-11-25 15:25:15 INFO  c.e.c.helper.LeadExcelHelper - Enter: LeadExcelHelper.processExcelData
2025-11-25 15:25:16 INFO  c.e.c.s.serviceImpl.ProductService - Enter: ProductService.getProducts()
2025-11-25 15:25:16 INFO  c.e.c.helper.LeadExcelHelper - Exit: LeadExcelHelper.processExcelData
2025-11-25 15:25:16 INFO  c.e.c.s.serviceImpl.LeadService - Enter: LeadService.bulkUpload
2025-11-25 15:25:17 INFO  c.e.c.interceptor.RequestInterceptor - Enter: RequestInterceptor.preHandle
2025-11-25 15:25:17 INFO  c.e.c.interceptor.RequestInterceptor - Request URI: /crm/history/lead/akshay@gmail.com
2025-11-25 15:25:17 INFO  c.e.c.interceptor.RequestInterceptor - Enter: RequestInterceptor.preHandle
2025-11-25 15:25:17 INFO  c.e.c.interceptor.RequestInterceptor - Request URI: /crm/user/users
2025-11-25 15:25:17 INFO  c.e.c.interceptor.RequestInterceptor - Token: Bearer eyJhbGciOiJIUzI1NiJ9.eyJzdWIiOiIyIiwiZW1haWwiOiJha3NoYXlAZ21haWwuY29tIiwicm9sZSI6Ik1BU1RFUl9BRE1JTiIsImlhdCI6MTc2NDA2NDQ4MiwiZXhwIjoxNzY0MDY4MDgyfQ.FLTNmapnsAWAhbEeBxY-yV97fwE5bOHe1GIxZ0uNhZM
2025-11-25 15:25:17 INFO  c.e.crm_system_backend.utils.JwtUtil - Enter: JwtUtil:getEmail
2025-11-25 15:25:17 INFO  c.e.crm_system_backend.utils.JwtUtil - Exit: JwtUtil:getEmail
2025-11-25 15:25:17 INFO  c.e.crm_system_backend.utils.JwtUtil - Enter: JwtUtil:extractAllClaims
2025-11-25 15:25:17 INFO  c.e.crm_system_backend.utils.JwtUtil - Exit: JwtUtil:extractAllClaims
2025-11-25 15:25:17 INFO  c.e.crm_system_backend.utils.JwtUtil - Enter: JwtUtil:getSigningKey
2025-11-25 15:25:17 INFO  c.e.crm_system_backend.utils.JwtUtil - Exit: JwtUtil:getSigningKey
2025-11-25 15:25:17 INFO  c.e.c.interceptor.RequestInterceptor - Enter: RequestInterceptor.preHandle
2025-11-25 15:25:17 INFO  c.e.crm_system_backend.utils.JwtUtil - Enter: JwtUtil:validateToken
2025-11-25 15:25:17 INFO  c.e.c.interceptor.RequestInterceptor - Request URI: /crm/history/lead/akshay@gmail.com
2025-11-25 15:25:17 INFO  c.e.crm_system_backend.utils.JwtUtil - Enter: JwtUtil:getSigningKey
2025-11-25 15:25:17 INFO  c.e.c.interceptor.RequestInterceptor - Token: Bearer eyJhbGciOiJIUzI1NiJ9.eyJzdWIiOiIyIiwiZW1haWwiOiJha3NoYXlAZ21haWwuY29tIiwicm9sZSI6Ik1BU1RFUl9BRE1JTiIsImlhdCI6MTc2NDA2NDQ4MiwiZXhwIjoxNzY0MDY4MDgyfQ.FLTNmapnsAWAhbEeBxY-yV97fwE5bOHe1GIxZ0uNhZM
2025-11-25 15:25:17 INFO  c.e.crm_system_backend.utils.JwtUtil - Exit: JwtUtil:getSigningKey
2025-11-25 15:25:17 INFO  c.e.crm_system_backend.utils.JwtUtil - Enter: JwtUtil:getEmail
2025-11-25 15:25:17 INFO  c.e.crm_system_backend.utils.JwtUtil - Exit: JwtUtil:getEmail
2025-11-25 15:25:17 INFO  c.e.crm_system_backend.utils.JwtUtil - Enter: JwtUtil:extractAllClaims
2025-11-25 15:25:17 INFO  c.e.crm_system_backend.utils.JwtUtil - Exit: JwtUtil:extractAllClaims
2025-11-25 15:25:17 INFO  c.e.crm_system_backend.utils.JwtUtil - Enter: JwtUtil:getSigningKey
2025-11-25 15:25:17 INFO  c.e.crm_system_backend.utils.JwtUtil - Exit: JwtUtil:getSigningKey
2025-11-25 15:25:17 INFO  c.e.crm_system_backend.utils.JwtUtil - Enter: JwtUtil:validateToken
2025-11-25 15:25:17 INFO  c.e.crm_system_backend.utils.JwtUtil - Enter: JwtUtil:validateToken
2025-11-25 15:25:17 INFO  c.e.crm_system_backend.utils.JwtUtil - Enter: JwtUtil:getSigningKey
2025-11-25 15:25:17 INFO  c.e.crm_system_backend.utils.JwtUtil - Exit: JwtUtil:getSigningKey
2025-11-25 15:25:17 INFO  c.e.crm_system_backend.utils.JwtUtil - Enter: JwtUtil:getSigningKey
2025-11-25 15:25:17 INFO  c.e.crm_system_backend.utils.JwtUtil - Exit: JwtUtil:getSigningKey
2025-11-25 15:25:17 INFO  c.e.crm_system_backend.utils.JwtUtil - Enter: JwtUtil:isTokenExpired
2025-11-25 15:25:17 INFO  c.e.crm_system_backend.utils.JwtUtil - Enter: JwtUtil:extractAllClaims
2025-11-25 15:25:17 INFO  c.e.crm_system_backend.utils.JwtUtil - Exit: JwtUtil:extractAllClaims
2025-11-25 15:25:17 INFO  c.e.crm_system_backend.utils.JwtUtil - Enter: JwtUtil:getSigningKey
2025-11-25 15:25:17 INFO  c.e.crm_system_backend.utils.JwtUtil - Exit: JwtUtil:getSigningKey
2025-11-25 15:25:17 INFO  c.e.crm_system_backend.utils.JwtUtil - Enter: JwtUtil:validateToken
2025-11-25 15:25:17 INFO  c.e.crm_system_backend.utils.JwtUtil - Enter: JwtUtil:getSigningKey
2025-11-25 15:25:17 INFO  c.e.crm_system_backend.utils.JwtUtil - Exit: JwtUtil:getSigningKey
2025-11-25 15:25:17 INFO  c.e.c.s.s.UserSessionService - Enter : UserSessionService:findSessionByToken
2025-11-25 15:25:17 INFO  c.e.c.s.s.UserSessionService - token:eyJhbGciOiJIUzI1NiJ9.eyJzdWIiOiIyIiwiZW1haWwiOiJha3NoYXlAZ21haWwuY29tIiwicm9sZSI6Ik1BU1RFUl9BRE1JTiIsImlhdCI6MTc2NDA2NDQ4MiwiZXhwIjoxNzY0MDY4MDgyfQ.FLTNmapnsAWAhbEeBxY-yV97fwE5bOHe1GIxZ0uNhZM
2025-11-25 15:25:17 INFO  c.e.c.s.s.UserSessionService - email:akshay@gmail.com
2025-11-25 15:25:17 INFO  c.e.c.s.s.UserSessionService - Exit : UserSessionService:findSessionByToken
2025-11-25 15:25:17 INFO  c.e.crm_system_backend.utils.JwtUtil - Enter: JwtUtil:isTokenExpired
2025-11-25 15:25:17 INFO  c.e.crm_system_backend.utils.JwtUtil - Enter: JwtUtil:extractAllClaims
2025-11-25 15:25:17 INFO  c.e.crm_system_backend.utils.JwtUtil - Exit: JwtUtil:extractAllClaims
2025-11-25 15:25:17 INFO  c.e.crm_system_backend.utils.JwtUtil - Enter: JwtUtil:getSigningKey
2025-11-25 15:25:17 INFO  c.e.crm_system_backend.utils.JwtUtil - Exit: JwtUtil:getSigningKey
2025-11-25 15:25:17 INFO  c.e.c.s.s.UserSessionService - Enter : UserSessionService:findSessionByToken
2025-11-25 15:25:17 INFO  c.e.c.s.s.UserSessionService - token:eyJhbGciOiJIUzI1NiJ9.eyJzdWIiOiIyIiwiZW1haWwiOiJha3NoYXlAZ21haWwuY29tIiwicm9sZSI6Ik1BU1RFUl9BRE1JTiIsImlhdCI6MTc2NDA2NDQ4MiwiZXhwIjoxNzY0MDY4MDgyfQ.FLTNmapnsAWAhbEeBxY-yV97fwE5bOHe1GIxZ0uNhZM
2025-11-25 15:25:17 INFO  c.e.c.s.s.UserSessionService - email:akshay@gmail.com
2025-11-25 15:25:17 INFO  c.e.c.s.s.UserSessionService - Exit : UserSessionService:findSessionByToken
2025-11-25 15:25:17 INFO  c.e.crm_system_backend.utils.JwtUtil - Enter: JwtUtil:getRole
2025-11-25 15:25:17 INFO  c.e.crm_system_backend.utils.JwtUtil - Exit: JwtUtil:getRole
2025-11-25 15:25:17 INFO  c.e.crm_system_backend.utils.JwtUtil - Enter: JwtUtil:extractAllClaims
2025-11-25 15:25:17 INFO  c.e.crm_system_backend.utils.JwtUtil - Exit: JwtUtil:extractAllClaims
2025-11-25 15:25:17 INFO  c.e.crm_system_backend.utils.JwtUtil - Enter: JwtUtil:getSigningKey
2025-11-25 15:25:17 INFO  c.e.crm_system_backend.utils.JwtUtil - Exit: JwtUtil:getSigningKey
2025-11-25 15:25:17 INFO  c.e.crm_system_backend.utils.JwtUtil - Enter: JwtUtil:getId
2025-11-25 15:25:17 INFO  c.e.crm_system_backend.utils.JwtUtil - Exit: JwtUtil:getId
2025-11-25 15:25:17 INFO  c.e.crm_system_backend.utils.JwtUtil - Enter: JwtUtil:extractAllClaims
2025-11-25 15:25:17 INFO  c.e.crm_system_backend.utils.JwtUtil - Exit: JwtUtil:extractAllClaims
2025-11-25 15:25:17 INFO  c.e.crm_system_backend.utils.JwtUtil - Enter: JwtUtil:getSigningKey
2025-11-25 15:25:17 INFO  c.e.crm_system_backend.utils.JwtUtil - Exit: JwtUtil:getSigningKey
2025-11-25 15:25:17 INFO  c.e.c.interceptor.RoleInterceptor - Enter: RoleInterceptor.preHandle
2025-11-25 15:25:17 INFO  c.e.c.controller.UserController - userId:2
2025-11-25 15:25:17 INFO  c.e.c.handler.UserHandler - Enter : UserHandler:getUsers
2025-11-25 15:25:17 INFO  c.e.c.s.serviceImpl.UserService - Enter : UserService:getUserById
2025-11-25 15:25:17 INFO  c.e.c.s.serviceImpl.UserService - id:2
2025-11-25 15:25:17 INFO  c.e.c.s.serviceImpl.UserService - Exit : UserService:getUserById
2025-11-25 15:25:17 INFO  c.e.crm_system_backend.utils.JwtUtil - Enter: JwtUtil:getRole
2025-11-25 15:25:17 INFO  c.e.crm_system_backend.utils.JwtUtil - Exit: JwtUtil:getRole
2025-11-25 15:25:17 INFO  c.e.crm_system_backend.utils.JwtUtil - Enter: JwtUtil:extractAllClaims
2025-11-25 15:25:17 INFO  c.e.crm_system_backend.utils.JwtUtil - Exit: JwtUtil:extractAllClaims
2025-11-25 15:25:17 INFO  c.e.crm_system_backend.utils.JwtUtil - Enter: JwtUtil:getSigningKey
2025-11-25 15:25:17 INFO  c.e.crm_system_backend.utils.JwtUtil - Exit: JwtUtil:getSigningKey
2025-11-25 15:25:17 INFO  c.e.c.handler.UserHandler - Request for getting users is in user Handler for master admin
2025-11-25 15:25:17 INFO  c.e.crm_system_backend.utils.JwtUtil - Enter: JwtUtil:getId
2025-11-25 15:25:17 INFO  c.e.crm_system_backend.utils.JwtUtil - Exit: JwtUtil:getId
2025-11-25 15:25:17 INFO  c.e.c.s.serviceImpl.UserService - Enter : UserService:getAllUserByMasterAdmin
2025-11-25 15:25:17 INFO  c.e.crm_system_backend.utils.JwtUtil - Enter: JwtUtil:extractAllClaims
2025-11-25 15:25:17 INFO  c.e.crm_system_backend.utils.JwtUtil - Exit: JwtUtil:extractAllClaims
2025-11-25 15:25:17 INFO  c.e.crm_system_backend.utils.JwtUtil - Enter: JwtUtil:getSigningKey
2025-11-25 15:25:17 INFO  c.e.crm_system_backend.utils.JwtUtil - Exit: JwtUtil:getSigningKey
2025-11-25 15:25:17 INFO  c.e.c.handler.UploadedHistoryHandler - Enter : findLeadUploadHistoryByEmail
2025-11-25 15:25:17 INFO  c.e.c.s.s.UploadHistoryService - Enter: ErrorRecordHandler.findByUser
2025-11-25 15:25:17 INFO  c.e.c.s.serviceImpl.UserService - users:[User(id=3, firstName=Akshay, lastName=jadhav, email=akshay2002@gmail.com, mobileNumber=8308575626, password=Akshay@123, address=, city=, state=, country=, pinCode=, role=USER, registeredBy=2, registeredOn=2025-11-10T18:23:51.032489), User(id=4, firstName=rohan, lastName=rote, email=rohan@yahoo.com, mobileNumber=8123456780, password=Admin@123, address=, city=, state=, country=, pinCode=, role=ADMIN, registeredBy=2, registeredOn=2025-11-20T19:47:50.780109)]
2025-11-25 15:25:17 INFO  c.e.c.s.serviceImpl.UserService - admins:[User(id=4, firstName=rohan, lastName=rote, email=rohan@yahoo.com, mobileNumber=8123456780, password=Admin@123, address=, city=, state=, country=, pinCode=, role=ADMIN, registeredBy=2, registeredOn=2025-11-20T19:47:50.780109)]
2025-11-25 15:25:17 INFO  c.e.c.s.serviceImpl.UserService - Enter : UserService:getAllUsersByAdmin
2025-11-25 15:25:17 INFO  c.e.c.s.serviceImpl.UserService - id:4
2025-11-25 15:25:17 INFO  c.e.c.s.serviceImpl.UserService - Exit : UserService:getAllUsersByAdmin
2025-11-25 15:25:17 INFO  c.e.c.s.serviceImpl.UserService - users2:[]
2025-11-25 15:25:17 INFO  c.e.c.s.serviceImpl.UserService - Exit : UserService:getAllUserByMasterAdmin
2025-11-25 15:25:17 INFO  c.e.c.handler.UserHandler - Exit : UserHandler:getUsers
2025-11-25 15:25:17 INFO  c.e.c.handler.UploadedHistoryHandler - Exit : findLeadUploadHistoryByEmail
2025-11-25 15:25:17 INFO  c.e.c.s.s.UploadHistoryService - Enter: ErrorRecordHandler.save
2025-11-25 15:25:17 INFO  c.e.c.handler.LeadHandler - Exit: LeadHandler.bulkUpload
2025-11-25 15:25:17 INFO  c.e.c.controller.LeadController - Exit: LeadController.bulkSaveLead
2025-11-25 15:25:17 INFO  c.e.c.interceptor.RequestInterceptor - Enter: RequestInterceptor.preHandle
2025-11-25 15:25:17 INFO  c.e.c.interceptor.RequestInterceptor - Request URI: /crm/history/lead/akshay@gmail.com
2025-11-25 15:25:17 INFO  c.e.c.interceptor.RequestInterceptor - Enter: RequestInterceptor.preHandle
2025-11-25 15:25:17 INFO  c.e.c.interceptor.RequestInterceptor - Request URI: /crm/user/users
2025-11-25 15:25:17 INFO  c.e.c.interceptor.RequestInterceptor - Token: Bearer eyJhbGciOiJIUzI1NiJ9.eyJzdWIiOiIyIiwiZW1haWwiOiJha3NoYXlAZ21haWwuY29tIiwicm9sZSI6Ik1BU1RFUl9BRE1JTiIsImlhdCI6MTc2NDA2NDQ4MiwiZXhwIjoxNzY0MDY4MDgyfQ.FLTNmapnsAWAhbEeBxY-yV97fwE5bOHe1GIxZ0uNhZM
2025-11-25 15:25:17 INFO  c.e.crm_system_backend.utils.JwtUtil - Enter: JwtUtil:getEmail
2025-11-25 15:25:17 INFO  c.e.crm_system_backend.utils.JwtUtil - Exit: JwtUtil:getEmail
2025-11-25 15:25:17 INFO  c.e.crm_system_backend.utils.JwtUtil - Enter: JwtUtil:extractAllClaims
2025-11-25 15:25:17 INFO  c.e.crm_system_backend.utils.JwtUtil - Exit: JwtUtil:extractAllClaims
2025-11-25 15:25:17 INFO  c.e.crm_system_backend.utils.JwtUtil - Enter: JwtUtil:getSigningKey
2025-11-25 15:25:17 INFO  c.e.crm_system_backend.utils.JwtUtil - Exit: JwtUtil:getSigningKey
2025-11-25 15:25:17 INFO  c.e.crm_system_backend.utils.JwtUtil - Enter: JwtUtil:validateToken
2025-11-25 15:25:17 INFO  c.e.crm_system_backend.utils.JwtUtil - Enter: JwtUtil:getSigningKey
2025-11-25 15:25:17 INFO  c.e.crm_system_backend.utils.JwtUtil - Exit: JwtUtil:getSigningKey
2025-11-25 15:25:17 INFO  c.e.crm_system_backend.utils.JwtUtil - Enter: JwtUtil:validateToken
2025-11-25 15:25:17 INFO  c.e.crm_system_backend.utils.JwtUtil - Enter: JwtUtil:getSigningKey
2025-11-25 15:25:17 INFO  c.e.crm_system_backend.utils.JwtUtil - Exit: JwtUtil:getSigningKey
2025-11-25 15:25:17 INFO  c.e.c.interceptor.RequestInterceptor - Enter: RequestInterceptor.preHandle
2025-11-25 15:25:17 INFO  c.e.c.interceptor.RequestInterceptor - Request URI: /crm/history/lead/akshay@gmail.com
2025-11-25 15:25:17 INFO  c.e.c.interceptor.RequestInterceptor - Token: Bearer eyJhbGciOiJIUzI1NiJ9.eyJzdWIiOiIyIiwiZW1haWwiOiJha3NoYXlAZ21haWwuY29tIiwicm9sZSI6Ik1BU1RFUl9BRE1JTiIsImlhdCI6MTc2NDA2NDQ4MiwiZXhwIjoxNzY0MDY4MDgyfQ.FLTNmapnsAWAhbEeBxY-yV97fwE5bOHe1GIxZ0uNhZM
2025-11-25 15:25:17 INFO  c.e.crm_system_backend.utils.JwtUtil - Enter: JwtUtil:getEmail
2025-11-25 15:25:17 INFO  c.e.crm_system_backend.utils.JwtUtil - Exit: JwtUtil:getEmail
2025-11-25 15:25:17 INFO  c.e.crm_system_backend.utils.JwtUtil - Enter: JwtUtil:extractAllClaims
2025-11-25 15:25:17 INFO  c.e.crm_system_backend.utils.JwtUtil - Exit: JwtUtil:extractAllClaims
2025-11-25 15:25:17 INFO  c.e.crm_system_backend.utils.JwtUtil - Enter: JwtUtil:getSigningKey
2025-11-25 15:25:17 INFO  c.e.crm_system_backend.utils.JwtUtil - Exit: JwtUtil:getSigningKey
2025-11-25 15:25:17 INFO  c.e.crm_system_backend.utils.JwtUtil - Enter: JwtUtil:isTokenExpired
2025-11-25 15:25:17 INFO  c.e.crm_system_backend.utils.JwtUtil - Enter: JwtUtil:extractAllClaims
2025-11-25 15:25:17 INFO  c.e.crm_system_backend.utils.JwtUtil - Exit: JwtUtil:extractAllClaims
2025-11-25 15:25:17 INFO  c.e.crm_system_backend.utils.JwtUtil - Enter: JwtUtil:getSigningKey
2025-11-25 15:25:17 INFO  c.e.crm_system_backend.utils.JwtUtil - Exit: JwtUtil:getSigningKey
2025-11-25 15:25:17 INFO  c.e.crm_system_backend.utils.JwtUtil - Enter: JwtUtil:validateToken
2025-11-25 15:25:17 INFO  c.e.crm_system_backend.utils.JwtUtil - Enter: JwtUtil:getSigningKey
2025-11-25 15:25:17 INFO  c.e.crm_system_backend.utils.JwtUtil - Exit: JwtUtil:getSigningKey
2025-11-25 15:25:17 INFO  c.e.c.s.s.UserSessionService - Enter : UserSessionService:findSessionByToken
2025-11-25 15:25:17 INFO  c.e.c.s.s.UserSessionService - token:eyJhbGciOiJIUzI1NiJ9.eyJzdWIiOiIyIiwiZW1haWwiOiJha3NoYXlAZ21haWwuY29tIiwicm9sZSI6Ik1BU1RFUl9BRE1JTiIsImlhdCI6MTc2NDA2NDQ4MiwiZXhwIjoxNzY0MDY4MDgyfQ.FLTNmapnsAWAhbEeBxY-yV97fwE5bOHe1GIxZ0uNhZM
2025-11-25 15:25:17 INFO  c.e.c.s.s.UserSessionService - email:akshay@gmail.com
2025-11-25 15:25:17 INFO  c.e.c.s.s.UserSessionService - Exit : UserSessionService:findSessionByToken
2025-11-25 15:25:17 INFO  c.e.crm_system_backend.utils.JwtUtil - Enter: JwtUtil:validateToken
2025-11-25 15:25:17 INFO  c.e.crm_system_backend.utils.JwtUtil - Enter: JwtUtil:getSigningKey
2025-11-25 15:25:17 INFO  c.e.crm_system_backend.utils.JwtUtil - Exit: JwtUtil:getSigningKey
2025-11-25 15:25:17 INFO  c.e.crm_system_backend.utils.JwtUtil - Enter: JwtUtil:isTokenExpired
2025-11-25 15:25:17 INFO  c.e.crm_system_backend.utils.JwtUtil - Enter: JwtUtil:extractAllClaims
2025-11-25 15:25:17 INFO  c.e.crm_system_backend.utils.JwtUtil - Exit: JwtUtil:extractAllClaims
2025-11-25 15:25:17 INFO  c.e.crm_system_backend.utils.JwtUtil - Enter: JwtUtil:getSigningKey
2025-11-25 15:25:17 INFO  c.e.crm_system_backend.utils.JwtUtil - Exit: JwtUtil:getSigningKey
2025-11-25 15:25:17 INFO  c.e.crm_system_backend.utils.JwtUtil - Enter: JwtUtil:getRole
2025-11-25 15:25:17 INFO  c.e.crm_system_backend.utils.JwtUtil - Exit: JwtUtil:getRole
2025-11-25 15:25:17 INFO  c.e.crm_system_backend.utils.JwtUtil - Enter: JwtUtil:extractAllClaims
2025-11-25 15:25:17 INFO  c.e.crm_system_backend.utils.JwtUtil - Exit: JwtUtil:extractAllClaims
2025-11-25 15:25:17 INFO  c.e.crm_system_backend.utils.JwtUtil - Enter: JwtUtil:getSigningKey
2025-11-25 15:25:17 INFO  c.e.crm_system_backend.utils.JwtUtil - Exit: JwtUtil:getSigningKey
2025-11-25 15:25:17 INFO  c.e.c.s.s.UserSessionService - Enter : UserSessionService:findSessionByToken
2025-11-25 15:25:17 INFO  c.e.c.s.s.UserSessionService - token:eyJhbGciOiJIUzI1NiJ9.eyJzdWIiOiIyIiwiZW1haWwiOiJha3NoYXlAZ21haWwuY29tIiwicm9sZSI6Ik1BU1RFUl9BRE1JTiIsImlhdCI6MTc2NDA2NDQ4MiwiZXhwIjoxNzY0MDY4MDgyfQ.FLTNmapnsAWAhbEeBxY-yV97fwE5bOHe1GIxZ0uNhZM
2025-11-25 15:25:17 INFO  c.e.c.s.s.UserSessionService - email:akshay@gmail.com
2025-11-25 15:25:17 INFO  c.e.c.s.s.UserSessionService - Exit : UserSessionService:findSessionByToken
2025-11-25 15:25:17 INFO  c.e.crm_system_backend.utils.JwtUtil - Enter: JwtUtil:getId
2025-11-25 15:25:17 INFO  c.e.crm_system_backend.utils.JwtUtil - Exit: JwtUtil:getId
2025-11-25 15:25:17 INFO  c.e.crm_system_backend.utils.JwtUtil - Enter: JwtUtil:extractAllClaims
2025-11-25 15:25:17 INFO  c.e.crm_system_backend.utils.JwtUtil - Exit: JwtUtil:extractAllClaims
2025-11-25 15:25:17 INFO  c.e.crm_system_backend.utils.JwtUtil - Enter: JwtUtil:getSigningKey
2025-11-25 15:25:17 INFO  c.e.crm_system_backend.utils.JwtUtil - Exit: JwtUtil:getSigningKey
2025-11-25 15:25:17 INFO  c.e.c.interceptor.RoleInterceptor - Enter: RoleInterceptor.preHandle
2025-11-25 15:25:17 INFO  c.e.c.controller.UserController - userId:2
2025-11-25 15:25:17 INFO  c.e.c.handler.UserHandler - Enter : UserHandler:getUsers
2025-11-25 15:25:17 INFO  c.e.c.s.serviceImpl.UserService - Enter : UserService:getUserById
2025-11-25 15:25:17 INFO  c.e.c.s.serviceImpl.UserService - id:2
2025-11-25 15:25:17 INFO  c.e.c.s.serviceImpl.UserService - Exit : UserService:getUserById
2025-11-25 15:25:17 INFO  c.e.crm_system_backend.utils.JwtUtil - Enter: JwtUtil:getRole
2025-11-25 15:25:17 INFO  c.e.crm_system_backend.utils.JwtUtil - Exit: JwtUtil:getRole
2025-11-25 15:25:17 INFO  c.e.crm_system_backend.utils.JwtUtil - Enter: JwtUtil:extractAllClaims
2025-11-25 15:25:17 INFO  c.e.crm_system_backend.utils.JwtUtil - Exit: JwtUtil:extractAllClaims
2025-11-25 15:25:17 INFO  c.e.crm_system_backend.utils.JwtUtil - Enter: JwtUtil:getSigningKey
2025-11-25 15:25:17 INFO  c.e.crm_system_backend.utils.JwtUtil - Exit: JwtUtil:getSigningKey
2025-11-25 15:25:17 INFO  c.e.crm_system_backend.utils.JwtUtil - Enter: JwtUtil:getId
2025-11-25 15:25:17 INFO  c.e.crm_system_backend.utils.JwtUtil - Exit: JwtUtil:getId
2025-11-25 15:25:17 INFO  c.e.crm_system_backend.utils.JwtUtil - Enter: JwtUtil:extractAllClaims
2025-11-25 15:25:17 INFO  c.e.crm_system_backend.utils.JwtUtil - Exit: JwtUtil:extractAllClaims
2025-11-25 15:25:17 INFO  c.e.crm_system_backend.utils.JwtUtil - Enter: JwtUtil:getSigningKey
2025-11-25 15:25:17 INFO  c.e.crm_system_backend.utils.JwtUtil - Exit: JwtUtil:getSigningKey
2025-11-25 15:25:17 INFO  c.e.c.handler.UploadedHistoryHandler - Enter : findLeadUploadHistoryByEmail
2025-11-25 15:25:17 INFO  c.e.c.s.s.UploadHistoryService - Enter: ErrorRecordHandler.findByUser
2025-11-25 15:25:17 INFO  c.e.c.handler.UserHandler - Request for getting users is in user Handler for master admin
2025-11-25 15:25:17 INFO  c.e.c.s.serviceImpl.UserService - Enter : UserService:getAllUserByMasterAdmin
2025-11-25 15:25:17 INFO  c.e.c.s.serviceImpl.UserService - users:[User(id=3, firstName=Akshay, lastName=jadhav, email=akshay2002@gmail.com, mobileNumber=8308575626, password=Akshay@123, address=, city=, state=, country=, pinCode=, role=USER, registeredBy=2, registeredOn=2025-11-10T18:23:51.032489), User(id=4, firstName=rohan, lastName=rote, email=rohan@yahoo.com, mobileNumber=8123456780, password=Admin@123, address=, city=, state=, country=, pinCode=, role=ADMIN, registeredBy=2, registeredOn=2025-11-20T19:47:50.780109)]
2025-11-25 15:25:17 INFO  c.e.c.s.serviceImpl.UserService - admins:[User(id=4, firstName=rohan, lastName=rote, email=rohan@yahoo.com, mobileNumber=8123456780, password=Admin@123, address=, city=, state=, country=, pinCode=, role=ADMIN, registeredBy=2, registeredOn=2025-11-20T19:47:50.780109)]
2025-11-25 15:25:17 INFO  c.e.c.s.serviceImpl.UserService - Enter : UserService:getAllUsersByAdmin
2025-11-25 15:25:17 INFO  c.e.c.s.serviceImpl.UserService - id:4
2025-11-25 15:25:17 INFO  c.e.c.s.serviceImpl.UserService - Exit : UserService:getAllUsersByAdmin
2025-11-25 15:25:17 INFO  c.e.c.s.serviceImpl.UserService - users2:[]
2025-11-25 15:25:17 INFO  c.e.c.s.serviceImpl.UserService - Exit : UserService:getAllUserByMasterAdmin
2025-11-25 15:25:17 INFO  c.e.c.handler.UserHandler - Exit : UserHandler:getUsers
2025-11-25 15:25:17 INFO  c.e.c.handler.UploadedHistoryHandler - Exit : findLeadUploadHistoryByEmail
2025-11-25 15:25:25 INFO  c.e.c.interceptor.RequestInterceptor - Enter: RequestInterceptor.preHandle
2025-11-25 15:25:25 INFO  c.e.c.interceptor.RequestInterceptor - Request URI: /crm/error/records/6dee44b7-2c10-4403-b08f-302ab683b740
2025-11-25 15:25:25 INFO  c.e.c.interceptor.RequestInterceptor - Enter: RequestInterceptor.preHandle
2025-11-25 15:25:25 INFO  c.e.c.interceptor.RequestInterceptor - Request URI: /crm/error/records/6dee44b7-2c10-4403-b08f-302ab683b740
2025-11-25 15:25:25 INFO  c.e.c.interceptor.RequestInterceptor - Token: Bearer eyJhbGciOiJIUzI1NiJ9.eyJzdWIiOiIyIiwiZW1haWwiOiJha3NoYXlAZ21haWwuY29tIiwicm9sZSI6Ik1BU1RFUl9BRE1JTiIsImlhdCI6MTc2NDA2NDQ4MiwiZXhwIjoxNzY0MDY4MDgyfQ.FLTNmapnsAWAhbEeBxY-yV97fwE5bOHe1GIxZ0uNhZM
2025-11-25 15:25:25 INFO  c.e.crm_system_backend.utils.JwtUtil - Enter: JwtUtil:getEmail
2025-11-25 15:25:25 INFO  c.e.crm_system_backend.utils.JwtUtil - Exit: JwtUtil:getEmail
2025-11-25 15:25:25 INFO  c.e.crm_system_backend.utils.JwtUtil - Enter: JwtUtil:extractAllClaims
2025-11-25 15:25:25 INFO  c.e.crm_system_backend.utils.JwtUtil - Exit: JwtUtil:extractAllClaims
2025-11-25 15:25:25 INFO  c.e.crm_system_backend.utils.JwtUtil - Enter: JwtUtil:getSigningKey
2025-11-25 15:25:25 INFO  c.e.crm_system_backend.utils.JwtUtil - Exit: JwtUtil:getSigningKey
2025-11-25 15:25:25 INFO  c.e.crm_system_backend.utils.JwtUtil - Enter: JwtUtil:validateToken
2025-11-25 15:25:25 INFO  c.e.crm_system_backend.utils.JwtUtil - Enter: JwtUtil:getSigningKey
2025-11-25 15:25:25 INFO  c.e.crm_system_backend.utils.JwtUtil - Exit: JwtUtil:getSigningKey
2025-11-25 15:25:25 INFO  c.e.crm_system_backend.utils.JwtUtil - Enter: JwtUtil:validateToken
2025-11-25 15:25:25 INFO  c.e.crm_system_backend.utils.JwtUtil - Enter: JwtUtil:getSigningKey
2025-11-25 15:25:25 INFO  c.e.crm_system_backend.utils.JwtUtil - Exit: JwtUtil:getSigningKey
2025-11-25 15:25:25 INFO  c.e.crm_system_backend.utils.JwtUtil - Enter: JwtUtil:isTokenExpired
2025-11-25 15:25:25 INFO  c.e.crm_system_backend.utils.JwtUtil - Enter: JwtUtil:extractAllClaims
2025-11-25 15:25:25 INFO  c.e.crm_system_backend.utils.JwtUtil - Exit: JwtUtil:extractAllClaims
2025-11-25 15:25:25 INFO  c.e.crm_system_backend.utils.JwtUtil - Enter: JwtUtil:getSigningKey
2025-11-25 15:25:25 INFO  c.e.crm_system_backend.utils.JwtUtil - Exit: JwtUtil:getSigningKey
2025-11-25 15:25:25 INFO  c.e.c.s.s.UserSessionService - Enter : UserSessionService:findSessionByToken
2025-11-25 15:25:25 INFO  c.e.c.s.s.UserSessionService - token:eyJhbGciOiJIUzI1NiJ9.eyJzdWIiOiIyIiwiZW1haWwiOiJha3NoYXlAZ21haWwuY29tIiwicm9sZSI6Ik1BU1RFUl9BRE1JTiIsImlhdCI6MTc2NDA2NDQ4MiwiZXhwIjoxNzY0MDY4MDgyfQ.FLTNmapnsAWAhbEeBxY-yV97fwE5bOHe1GIxZ0uNhZM
2025-11-25 15:25:25 INFO  c.e.c.s.s.UserSessionService - email:akshay@gmail.com
2025-11-25 15:25:25 INFO  c.e.c.s.s.UserSessionService - Exit : UserSessionService:findSessionByToken
2025-11-25 15:25:25 INFO  c.e.crm_system_backend.utils.JwtUtil - Enter: JwtUtil:getRole
2025-11-25 15:25:25 INFO  c.e.crm_system_backend.utils.JwtUtil - Exit: JwtUtil:getRole
2025-11-25 15:25:25 INFO  c.e.crm_system_backend.utils.JwtUtil - Enter: JwtUtil:extractAllClaims
2025-11-25 15:25:25 INFO  c.e.crm_system_backend.utils.JwtUtil - Exit: JwtUtil:extractAllClaims
2025-11-25 15:25:25 INFO  c.e.crm_system_backend.utils.JwtUtil - Enter: JwtUtil:getSigningKey
2025-11-25 15:25:25 INFO  c.e.crm_system_backend.utils.JwtUtil - Exit: JwtUtil:getSigningKey
2025-11-25 15:25:25 INFO  c.e.crm_system_backend.utils.JwtUtil - Enter: JwtUtil:getId
2025-11-25 15:25:25 INFO  c.e.crm_system_backend.utils.JwtUtil - Exit: JwtUtil:getId
2025-11-25 15:25:25 INFO  c.e.crm_system_backend.utils.JwtUtil - Enter: JwtUtil:extractAllClaims
2025-11-25 15:25:25 INFO  c.e.crm_system_backend.utils.JwtUtil - Exit: JwtUtil:extractAllClaims
2025-11-25 15:25:25 INFO  c.e.crm_system_backend.utils.JwtUtil - Enter: JwtUtil:getSigningKey
2025-11-25 15:25:25 INFO  c.e.crm_system_backend.utils.JwtUtil - Exit: JwtUtil:getSigningKey
2025-11-25 15:25:25 INFO  c.e.c.c.ErrorRecordController - Enter: ErrorRecordController.findErrorRecordByUploadHistoryId
2025-11-25 15:25:25 INFO  c.e.c.handler.ErrorRecordHandler - Enter:ErrorRecordHandler.findErrorRecordByUploadHistoryId
2025-11-25 15:25:25 INFO  c.e.c.s.s.UploadHistoryService - Enter: ErrorRecordHandler.findById
2025-11-25 15:25:25 INFO  c.e.c.s.s.UploadHistoryService - Exit: ErrorRecordHandler.findById
2025-11-25 15:25:25 INFO  c.e.c.handler.ErrorRecordHandler - Exit: ErrorRecordHandler.findErrorRecordByUploadHistoryId
2025-11-25 15:25:25 INFO  c.e.c.c.ErrorRecordController - Exit: ErrorRecordController.findErrorRecordByUploadHistoryId
2025-11-25 15:25:30 INFO  c.e.c.interceptor.RequestInterceptor - Enter: RequestInterceptor.preHandle
2025-11-25 15:25:30 INFO  c.e.c.interceptor.RequestInterceptor - Request URI: /crm/history/lead/akshay@gmail.com
2025-11-25 15:25:30 INFO  c.e.c.interceptor.RequestInterceptor - Enter: RequestInterceptor.preHandle
2025-11-25 15:25:30 INFO  c.e.c.interceptor.RequestInterceptor - Request URI: /crm/user/users
2025-11-25 15:25:30 INFO  c.e.c.interceptor.RequestInterceptor - Token: Bearer eyJhbGciOiJIUzI1NiJ9.eyJzdWIiOiIyIiwiZW1haWwiOiJha3NoYXlAZ21haWwuY29tIiwicm9sZSI6Ik1BU1RFUl9BRE1JTiIsImlhdCI6MTc2NDA2NDQ4MiwiZXhwIjoxNzY0MDY4MDgyfQ.FLTNmapnsAWAhbEeBxY-yV97fwE5bOHe1GIxZ0uNhZM
2025-11-25 15:25:30 INFO  c.e.crm_system_backend.utils.JwtUtil - Enter: JwtUtil:getEmail
2025-11-25 15:25:30 INFO  c.e.crm_system_backend.utils.JwtUtil - Exit: JwtUtil:getEmail
2025-11-25 15:25:30 INFO  c.e.crm_system_backend.utils.JwtUtil - Enter: JwtUtil:extractAllClaims
2025-11-25 15:25:30 INFO  c.e.crm_system_backend.utils.JwtUtil - Exit: JwtUtil:extractAllClaims
2025-11-25 15:25:30 INFO  c.e.crm_system_backend.utils.JwtUtil - Enter: JwtUtil:getSigningKey
2025-11-25 15:25:30 INFO  c.e.crm_system_backend.utils.JwtUtil - Exit: JwtUtil:getSigningKey
2025-11-25 15:25:30 INFO  c.e.crm_system_backend.utils.JwtUtil - Enter: JwtUtil:validateToken
2025-11-25 15:25:30 INFO  c.e.crm_system_backend.utils.JwtUtil - Enter: JwtUtil:getSigningKey
2025-11-25 15:25:30 INFO  c.e.crm_system_backend.utils.JwtUtil - Exit: JwtUtil:getSigningKey
2025-11-25 15:25:30 INFO  c.e.crm_system_backend.utils.JwtUtil - Enter: JwtUtil:validateToken
2025-11-25 15:25:30 INFO  c.e.crm_system_backend.utils.JwtUtil - Enter: JwtUtil:getSigningKey
2025-11-25 15:25:30 INFO  c.e.crm_system_backend.utils.JwtUtil - Exit: JwtUtil:getSigningKey
2025-11-25 15:25:30 INFO  c.e.c.interceptor.RequestInterceptor - Enter: RequestInterceptor.preHandle
2025-11-25 15:25:30 INFO  c.e.c.interceptor.RequestInterceptor - Request URI: /crm/history/lead/akshay@gmail.com
2025-11-25 15:25:30 INFO  c.e.c.interceptor.RequestInterceptor - Token: Bearer eyJhbGciOiJIUzI1NiJ9.eyJzdWIiOiIyIiwiZW1haWwiOiJha3NoYXlAZ21haWwuY29tIiwicm9sZSI6Ik1BU1RFUl9BRE1JTiIsImlhdCI6MTc2NDA2NDQ4MiwiZXhwIjoxNzY0MDY4MDgyfQ.FLTNmapnsAWAhbEeBxY-yV97fwE5bOHe1GIxZ0uNhZM
2025-11-25 15:25:30 INFO  c.e.crm_system_backend.utils.JwtUtil - Enter: JwtUtil:getEmail
2025-11-25 15:25:30 INFO  c.e.crm_system_backend.utils.JwtUtil - Exit: JwtUtil:getEmail
2025-11-25 15:25:30 INFO  c.e.crm_system_backend.utils.JwtUtil - Enter: JwtUtil:extractAllClaims
2025-11-25 15:25:30 INFO  c.e.crm_system_backend.utils.JwtUtil - Exit: JwtUtil:extractAllClaims
2025-11-25 15:25:30 INFO  c.e.crm_system_backend.utils.JwtUtil - Enter: JwtUtil:getSigningKey
2025-11-25 15:25:30 INFO  c.e.crm_system_backend.utils.JwtUtil - Exit: JwtUtil:getSigningKey
2025-11-25 15:25:30 INFO  c.e.crm_system_backend.utils.JwtUtil - Enter: JwtUtil:isTokenExpired
2025-11-25 15:25:30 INFO  c.e.crm_system_backend.utils.JwtUtil - Enter: JwtUtil:extractAllClaims
2025-11-25 15:25:30 INFO  c.e.crm_system_backend.utils.JwtUtil - Exit: JwtUtil:extractAllClaims
2025-11-25 15:25:30 INFO  c.e.crm_system_backend.utils.JwtUtil - Enter: JwtUtil:getSigningKey
2025-11-25 15:25:30 INFO  c.e.crm_system_backend.utils.JwtUtil - Exit: JwtUtil:getSigningKey
2025-11-25 15:25:30 INFO  c.e.c.s.s.UserSessionService - Enter : UserSessionService:findSessionByToken
2025-11-25 15:25:30 INFO  c.e.c.s.s.UserSessionService - token:eyJhbGciOiJIUzI1NiJ9.eyJzdWIiOiIyIiwiZW1haWwiOiJha3NoYXlAZ21haWwuY29tIiwicm9sZSI6Ik1BU1RFUl9BRE1JTiIsImlhdCI6MTc2NDA2NDQ4MiwiZXhwIjoxNzY0MDY4MDgyfQ.FLTNmapnsAWAhbEeBxY-yV97fwE5bOHe1GIxZ0uNhZM
2025-11-25 15:25:30 INFO  c.e.c.s.s.UserSessionService - email:akshay@gmail.com
2025-11-25 15:25:30 INFO  c.e.c.s.s.UserSessionService - Exit : UserSessionService:findSessionByToken
2025-11-25 15:25:30 INFO  c.e.crm_system_backend.utils.JwtUtil - Enter: JwtUtil:validateToken
2025-11-25 15:25:30 INFO  c.e.crm_system_backend.utils.JwtUtil - Enter: JwtUtil:getSigningKey
2025-11-25 15:25:30 INFO  c.e.crm_system_backend.utils.JwtUtil - Exit: JwtUtil:getSigningKey
2025-11-25 15:25:30 INFO  c.e.crm_system_backend.utils.JwtUtil - Enter: JwtUtil:validateToken
2025-11-25 15:25:30 INFO  c.e.crm_system_backend.utils.JwtUtil - Enter: JwtUtil:getSigningKey
2025-11-25 15:25:30 INFO  c.e.crm_system_backend.utils.JwtUtil - Exit: JwtUtil:getSigningKey
2025-11-25 15:25:30 INFO  c.e.crm_system_backend.utils.JwtUtil - Enter: JwtUtil:isTokenExpired
2025-11-25 15:25:30 INFO  c.e.crm_system_backend.utils.JwtUtil - Enter: JwtUtil:extractAllClaims
2025-11-25 15:25:30 INFO  c.e.crm_system_backend.utils.JwtUtil - Exit: JwtUtil:extractAllClaims
2025-11-25 15:25:30 INFO  c.e.crm_system_backend.utils.JwtUtil - Enter: JwtUtil:getSigningKey
2025-11-25 15:25:30 INFO  c.e.crm_system_backend.utils.JwtUtil - Exit: JwtUtil:getSigningKey
2025-11-25 15:25:30 INFO  c.e.crm_system_backend.utils.JwtUtil - Enter: JwtUtil:getRole
2025-11-25 15:25:30 INFO  c.e.crm_system_backend.utils.JwtUtil - Exit: JwtUtil:getRole
2025-11-25 15:25:30 INFO  c.e.crm_system_backend.utils.JwtUtil - Enter: JwtUtil:extractAllClaims
2025-11-25 15:25:30 INFO  c.e.crm_system_backend.utils.JwtUtil - Exit: JwtUtil:extractAllClaims
2025-11-25 15:25:30 INFO  c.e.crm_system_backend.utils.JwtUtil - Enter: JwtUtil:getSigningKey
2025-11-25 15:25:30 INFO  c.e.crm_system_backend.utils.JwtUtil - Exit: JwtUtil:getSigningKey
2025-11-25 15:25:30 INFO  c.e.c.s.s.UserSessionService - Enter : UserSessionService:findSessionByToken
2025-11-25 15:25:30 INFO  c.e.c.s.s.UserSessionService - token:eyJhbGciOiJIUzI1NiJ9.eyJzdWIiOiIyIiwiZW1haWwiOiJha3NoYXlAZ21haWwuY29tIiwicm9sZSI6Ik1BU1RFUl9BRE1JTiIsImlhdCI6MTc2NDA2NDQ4MiwiZXhwIjoxNzY0MDY4MDgyfQ.FLTNmapnsAWAhbEeBxY-yV97fwE5bOHe1GIxZ0uNhZM
2025-11-25 15:25:30 INFO  c.e.c.s.s.UserSessionService - email:akshay@gmail.com
2025-11-25 15:25:30 INFO  c.e.c.s.s.UserSessionService - Exit : UserSessionService:findSessionByToken
2025-11-25 15:25:30 INFO  c.e.crm_system_backend.utils.JwtUtil - Enter: JwtUtil:getId
2025-11-25 15:25:30 INFO  c.e.crm_system_backend.utils.JwtUtil - Exit: JwtUtil:getId
2025-11-25 15:25:30 INFO  c.e.crm_system_backend.utils.JwtUtil - Enter: JwtUtil:extractAllClaims
2025-11-25 15:25:30 INFO  c.e.crm_system_backend.utils.JwtUtil - Exit: JwtUtil:extractAllClaims
2025-11-25 15:25:30 INFO  c.e.crm_system_backend.utils.JwtUtil - Enter: JwtUtil:getSigningKey
2025-11-25 15:25:30 INFO  c.e.crm_system_backend.utils.JwtUtil - Exit: JwtUtil:getSigningKey
2025-11-25 15:25:30 INFO  c.e.c.interceptor.RoleInterceptor - Enter: RoleInterceptor.preHandle
2025-11-25 15:25:30 INFO  c.e.c.controller.UserController - userId:2
2025-11-25 15:25:30 INFO  c.e.c.handler.UserHandler - Enter : UserHandler:getUsers
2025-11-25 15:25:30 INFO  c.e.c.s.serviceImpl.UserService - Enter : UserService:getUserById
2025-11-25 15:25:30 INFO  c.e.c.s.serviceImpl.UserService - id:2
2025-11-25 15:25:30 INFO  c.e.c.s.serviceImpl.UserService - Exit : UserService:getUserById
2025-11-25 15:25:30 INFO  c.e.crm_system_backend.utils.JwtUtil - Enter: JwtUtil:getRole
2025-11-25 15:25:30 INFO  c.e.crm_system_backend.utils.JwtUtil - Exit: JwtUtil:getRole
2025-11-25 15:25:30 INFO  c.e.crm_system_backend.utils.JwtUtil - Enter: JwtUtil:extractAllClaims
2025-11-25 15:25:30 INFO  c.e.crm_system_backend.utils.JwtUtil - Exit: JwtUtil:extractAllClaims
2025-11-25 15:25:30 INFO  c.e.crm_system_backend.utils.JwtUtil - Enter: JwtUtil:getSigningKey
2025-11-25 15:25:30 INFO  c.e.crm_system_backend.utils.JwtUtil - Exit: JwtUtil:getSigningKey
2025-11-25 15:25:30 INFO  c.e.crm_system_backend.utils.JwtUtil - Enter: JwtUtil:getId
2025-11-25 15:25:30 INFO  c.e.crm_system_backend.utils.JwtUtil - Exit: JwtUtil:getId
2025-11-25 15:25:30 INFO  c.e.crm_system_backend.utils.JwtUtil - Enter: JwtUtil:extractAllClaims
2025-11-25 15:25:30 INFO  c.e.crm_system_backend.utils.JwtUtil - Exit: JwtUtil:extractAllClaims
2025-11-25 15:25:30 INFO  c.e.crm_system_backend.utils.JwtUtil - Enter: JwtUtil:getSigningKey
2025-11-25 15:25:30 INFO  c.e.crm_system_backend.utils.JwtUtil - Exit: JwtUtil:getSigningKey
2025-11-25 15:25:30 INFO  c.e.c.handler.UploadedHistoryHandler - Enter : findLeadUploadHistoryByEmail
2025-11-25 15:25:30 INFO  c.e.c.s.s.UploadHistoryService - Enter: ErrorRecordHandler.findByUser
2025-11-25 15:25:30 INFO  c.e.c.handler.UserHandler - Request for getting users is in user Handler for master admin
2025-11-25 15:25:30 INFO  c.e.c.s.serviceImpl.UserService - Enter : UserService:getAllUserByMasterAdmin
2025-11-25 15:25:30 INFO  c.e.c.handler.UploadedHistoryHandler - Exit : findLeadUploadHistoryByEmail
2025-11-25 15:25:30 INFO  c.e.c.s.serviceImpl.UserService - users:[User(id=3, firstName=Akshay, lastName=jadhav, email=akshay2002@gmail.com, mobileNumber=8308575626, password=Akshay@123, address=, city=, state=, country=, pinCode=, role=USER, registeredBy=2, registeredOn=2025-11-10T18:23:51.032489), User(id=4, firstName=rohan, lastName=rote, email=rohan@yahoo.com, mobileNumber=8123456780, password=Admin@123, address=, city=, state=, country=, pinCode=, role=ADMIN, registeredBy=2, registeredOn=2025-11-20T19:47:50.780109)]
2025-11-25 15:25:30 INFO  c.e.c.s.serviceImpl.UserService - admins:[User(id=4, firstName=rohan, lastName=rote, email=rohan@yahoo.com, mobileNumber=8123456780, password=Admin@123, address=, city=, state=, country=, pinCode=, role=ADMIN, registeredBy=2, registeredOn=2025-11-20T19:47:50.780109)]
2025-11-25 15:25:30 INFO  c.e.c.s.serviceImpl.UserService - Enter : UserService:getAllUsersByAdmin
2025-11-25 15:25:30 INFO  c.e.c.s.serviceImpl.UserService - id:4
2025-11-25 15:25:30 INFO  c.e.c.s.serviceImpl.UserService - Exit : UserService:getAllUsersByAdmin
2025-11-25 15:25:30 INFO  c.e.c.s.serviceImpl.UserService - users2:[]
2025-11-25 15:25:30 INFO  c.e.c.s.serviceImpl.UserService - Exit : UserService:getAllUserByMasterAdmin
2025-11-25 15:25:30 INFO  c.e.c.handler.UserHandler - Exit : UserHandler:getUsers
2025-11-25 15:25:40 INFO  c.e.c.interceptor.RequestInterceptor - Enter: RequestInterceptor.preHandle
2025-11-25 15:25:40 INFO  c.e.c.interceptor.RequestInterceptor - Request URI: /crm/lead/by/2
2025-11-25 15:25:40 INFO  c.e.c.interceptor.RequestInterceptor - Enter: RequestInterceptor.preHandle
2025-11-25 15:25:40 INFO  c.e.c.interceptor.RequestInterceptor - Request URI: /crm/user/users
2025-11-25 15:25:40 INFO  c.e.c.interceptor.RequestInterceptor - Token: Bearer eyJhbGciOiJIUzI1NiJ9.eyJzdWIiOiIyIiwiZW1haWwiOiJha3NoYXlAZ21haWwuY29tIiwicm9sZSI6Ik1BU1RFUl9BRE1JTiIsImlhdCI6MTc2NDA2NDQ4MiwiZXhwIjoxNzY0MDY4MDgyfQ.FLTNmapnsAWAhbEeBxY-yV97fwE5bOHe1GIxZ0uNhZM
2025-11-25 15:25:40 INFO  c.e.crm_system_backend.utils.JwtUtil - Enter: JwtUtil:getEmail
2025-11-25 15:25:40 INFO  c.e.crm_system_backend.utils.JwtUtil - Exit: JwtUtil:getEmail
2025-11-25 15:25:40 INFO  c.e.crm_system_backend.utils.JwtUtil - Enter: JwtUtil:extractAllClaims
2025-11-25 15:25:40 INFO  c.e.crm_system_backend.utils.JwtUtil - Exit: JwtUtil:extractAllClaims
2025-11-25 15:25:40 INFO  c.e.crm_system_backend.utils.JwtUtil - Enter: JwtUtil:getSigningKey
2025-11-25 15:25:40 INFO  c.e.crm_system_backend.utils.JwtUtil - Exit: JwtUtil:getSigningKey
2025-11-25 15:25:40 INFO  c.e.crm_system_backend.utils.JwtUtil - Enter: JwtUtil:validateToken
2025-11-25 15:25:40 INFO  c.e.crm_system_backend.utils.JwtUtil - Enter: JwtUtil:getSigningKey
2025-11-25 15:25:40 INFO  c.e.crm_system_backend.utils.JwtUtil - Exit: JwtUtil:getSigningKey
2025-11-25 15:25:40 INFO  c.e.c.interceptor.RequestInterceptor - Enter: RequestInterceptor.preHandle
2025-11-25 15:25:40 INFO  c.e.c.interceptor.RequestInterceptor - Request URI: /crm/lead/by/2
2025-11-25 15:25:40 INFO  c.e.c.interceptor.RequestInterceptor - Token: Bearer eyJhbGciOiJIUzI1NiJ9.eyJzdWIiOiIyIiwiZW1haWwiOiJha3NoYXlAZ21haWwuY29tIiwicm9sZSI6Ik1BU1RFUl9BRE1JTiIsImlhdCI6MTc2NDA2NDQ4MiwiZXhwIjoxNzY0MDY4MDgyfQ.FLTNmapnsAWAhbEeBxY-yV97fwE5bOHe1GIxZ0uNhZM
2025-11-25 15:25:40 INFO  c.e.crm_system_backend.utils.JwtUtil - Enter: JwtUtil:getEmail
2025-11-25 15:25:40 INFO  c.e.crm_system_backend.utils.JwtUtil - Exit: JwtUtil:getEmail
2025-11-25 15:25:40 INFO  c.e.crm_system_backend.utils.JwtUtil - Enter: JwtUtil:extractAllClaims
2025-11-25 15:25:40 INFO  c.e.crm_system_backend.utils.JwtUtil - Exit: JwtUtil:extractAllClaims
2025-11-25 15:25:40 INFO  c.e.crm_system_backend.utils.JwtUtil - Enter: JwtUtil:getSigningKey
2025-11-25 15:25:40 INFO  c.e.crm_system_backend.utils.JwtUtil - Exit: JwtUtil:getSigningKey
2025-11-25 15:25:40 INFO  c.e.crm_system_backend.utils.JwtUtil - Enter: JwtUtil:validateToken
2025-11-25 15:25:40 INFO  c.e.crm_system_backend.utils.JwtUtil - Enter: JwtUtil:getSigningKey
2025-11-25 15:25:40 INFO  c.e.crm_system_backend.utils.JwtUtil - Exit: JwtUtil:getSigningKey
2025-11-25 15:25:40 INFO  c.e.crm_system_backend.utils.JwtUtil - Enter: JwtUtil:validateToken
2025-11-25 15:25:40 INFO  c.e.crm_system_backend.utils.JwtUtil - Enter: JwtUtil:getSigningKey
2025-11-25 15:25:40 INFO  c.e.crm_system_backend.utils.JwtUtil - Exit: JwtUtil:getSigningKey
2025-11-25 15:25:40 INFO  c.e.crm_system_backend.utils.JwtUtil - Enter: JwtUtil:isTokenExpired
2025-11-25 15:25:40 INFO  c.e.crm_system_backend.utils.JwtUtil - Enter: JwtUtil:extractAllClaims
2025-11-25 15:25:40 INFO  c.e.crm_system_backend.utils.JwtUtil - Exit: JwtUtil:extractAllClaims
2025-11-25 15:25:40 INFO  c.e.crm_system_backend.utils.JwtUtil - Enter: JwtUtil:getSigningKey
2025-11-25 15:25:40 INFO  c.e.crm_system_backend.utils.JwtUtil - Exit: JwtUtil:getSigningKey
2025-11-25 15:25:40 INFO  c.e.crm_system_backend.utils.JwtUtil - Enter: JwtUtil:validateToken
2025-11-25 15:25:40 INFO  c.e.crm_system_backend.utils.JwtUtil - Enter: JwtUtil:getSigningKey
2025-11-25 15:25:40 INFO  c.e.crm_system_backend.utils.JwtUtil - Exit: JwtUtil:getSigningKey
2025-11-25 15:25:40 INFO  c.e.crm_system_backend.utils.JwtUtil - Enter: JwtUtil:isTokenExpired
2025-11-25 15:25:40 INFO  c.e.c.s.s.UserSessionService - Enter : UserSessionService:findSessionByToken
2025-11-25 15:25:40 INFO  c.e.crm_system_backend.utils.JwtUtil - Enter: JwtUtil:extractAllClaims
2025-11-25 15:25:40 INFO  c.e.crm_system_backend.utils.JwtUtil - Exit: JwtUtil:extractAllClaims
2025-11-25 15:25:40 INFO  c.e.c.s.s.UserSessionService - token:eyJhbGciOiJIUzI1NiJ9.eyJzdWIiOiIyIiwiZW1haWwiOiJha3NoYXlAZ21haWwuY29tIiwicm9sZSI6Ik1BU1RFUl9BRE1JTiIsImlhdCI6MTc2NDA2NDQ4MiwiZXhwIjoxNzY0MDY4MDgyfQ.FLTNmapnsAWAhbEeBxY-yV97fwE5bOHe1GIxZ0uNhZM
2025-11-25 15:25:40 INFO  c.e.c.s.s.UserSessionService - email:akshay@gmail.com
2025-11-25 15:25:40 INFO  c.e.crm_system_backend.utils.JwtUtil - Enter: JwtUtil:getSigningKey
2025-11-25 15:25:40 INFO  c.e.c.s.s.UserSessionService - Exit : UserSessionService:findSessionByToken
2025-11-25 15:25:40 INFO  c.e.crm_system_backend.utils.JwtUtil - Exit: JwtUtil:getSigningKey
2025-11-25 15:25:40 INFO  c.e.c.s.s.UserSessionService - Enter : UserSessionService:findSessionByToken
2025-11-25 15:25:40 INFO  c.e.c.s.s.UserSessionService - token:eyJhbGciOiJIUzI1NiJ9.eyJzdWIiOiIyIiwiZW1haWwiOiJha3NoYXlAZ21haWwuY29tIiwicm9sZSI6Ik1BU1RFUl9BRE1JTiIsImlhdCI6MTc2NDA2NDQ4MiwiZXhwIjoxNzY0MDY4MDgyfQ.FLTNmapnsAWAhbEeBxY-yV97fwE5bOHe1GIxZ0uNhZM
2025-11-25 15:25:40 INFO  c.e.c.s.s.UserSessionService - email:akshay@gmail.com
2025-11-25 15:25:40 INFO  c.e.c.s.s.UserSessionService - Exit : UserSessionService:findSessionByToken
2025-11-25 15:25:40 INFO  c.e.crm_system_backend.utils.JwtUtil - Enter: JwtUtil:getRole
2025-11-25 15:25:40 INFO  c.e.crm_system_backend.utils.JwtUtil - Exit: JwtUtil:getRole
2025-11-25 15:25:40 INFO  c.e.crm_system_backend.utils.JwtUtil - Enter: JwtUtil:extractAllClaims
2025-11-25 15:25:40 INFO  c.e.crm_system_backend.utils.JwtUtil - Exit: JwtUtil:extractAllClaims
2025-11-25 15:25:40 INFO  c.e.crm_system_backend.utils.JwtUtil - Enter: JwtUtil:getSigningKey
2025-11-25 15:25:40 INFO  c.e.crm_system_backend.utils.JwtUtil - Exit: JwtUtil:getSigningKey
2025-11-25 15:25:40 INFO  c.e.crm_system_backend.utils.JwtUtil - Enter: JwtUtil:getRole
2025-11-25 15:25:40 INFO  c.e.crm_system_backend.utils.JwtUtil - Exit: JwtUtil:getRole
2025-11-25 15:25:40 INFO  c.e.crm_system_backend.utils.JwtUtil - Enter: JwtUtil:extractAllClaims
2025-11-25 15:25:40 INFO  c.e.crm_system_backend.utils.JwtUtil - Exit: JwtUtil:extractAllClaims
2025-11-25 15:25:40 INFO  c.e.crm_system_backend.utils.JwtUtil - Enter: JwtUtil:getSigningKey
2025-11-25 15:25:40 INFO  c.e.crm_system_backend.utils.JwtUtil - Exit: JwtUtil:getSigningKey
2025-11-25 15:25:40 INFO  c.e.crm_system_backend.utils.JwtUtil - Enter: JwtUtil:getId
2025-11-25 15:25:40 INFO  c.e.crm_system_backend.utils.JwtUtil - Enter: JwtUtil:getId
2025-11-25 15:25:40 INFO  c.e.crm_system_backend.utils.JwtUtil - Exit: JwtUtil:getId
2025-11-25 15:25:40 INFO  c.e.crm_system_backend.utils.JwtUtil - Exit: JwtUtil:getId
2025-11-25 15:25:40 INFO  c.e.crm_system_backend.utils.JwtUtil - Enter: JwtUtil:extractAllClaims
2025-11-25 15:25:40 INFO  c.e.crm_system_backend.utils.JwtUtil - Enter: JwtUtil:extractAllClaims
2025-11-25 15:25:40 INFO  c.e.crm_system_backend.utils.JwtUtil - Exit: JwtUtil:extractAllClaims
2025-11-25 15:25:40 INFO  c.e.crm_system_backend.utils.JwtUtil - Exit: JwtUtil:extractAllClaims
2025-11-25 15:25:40 INFO  c.e.crm_system_backend.utils.JwtUtil - Enter: JwtUtil:getSigningKey
2025-11-25 15:25:40 INFO  c.e.crm_system_backend.utils.JwtUtil - Enter: JwtUtil:getSigningKey
2025-11-25 15:25:40 INFO  c.e.crm_system_backend.utils.JwtUtil - Exit: JwtUtil:getSigningKey
2025-11-25 15:25:40 INFO  c.e.crm_system_backend.utils.JwtUtil - Exit: JwtUtil:getSigningKey
2025-11-25 15:25:40 INFO  c.e.c.interceptor.RoleInterceptor - Enter: RoleInterceptor.preHandle
2025-11-25 15:25:40 INFO  c.e.c.controller.LeadController - Enter: LeadController.getAllLeadsByUser
2025-11-25 15:25:40 INFO  c.e.c.handler.LeadHandler - Enter: LeadHandler.getLeadsByUser
2025-11-25 15:25:40 INFO  c.e.c.s.serviceImpl.UserService - Enter : UserService:getUserById
2025-11-25 15:25:40 INFO  c.e.c.controller.UserController - userId:2
2025-11-25 15:25:40 INFO  c.e.c.s.serviceImpl.UserService - id:2
2025-11-25 15:25:40 INFO  c.e.c.handler.UserHandler - Enter : UserHandler:getUsers
2025-11-25 15:25:40 INFO  c.e.c.s.serviceImpl.UserService - Exit : UserService:getUserById
2025-11-25 15:25:40 INFO  c.e.c.s.serviceImpl.UserService - Enter : UserService:getUserById
2025-11-25 15:25:40 INFO  c.e.c.s.serviceImpl.UserService - id:2
2025-11-25 15:25:40 INFO  c.e.c.s.serviceImpl.UserService - Exit : UserService:getUserById
2025-11-25 15:25:40 INFO  c.e.c.s.serviceImpl.UserService - Enter: UserService.getAllUsersRegisterById
2025-11-25 15:25:40 INFO  c.e.c.handler.UserHandler - Request for getting users is in user Handler for master admin
2025-11-25 15:25:40 INFO  c.e.c.s.serviceImpl.UserService - Enter : UserService:getAllUserByMasterAdmin
2025-11-25 15:25:40 INFO  c.e.c.s.serviceImpl.UserService - Exit: UserService.getAllUsersRegisterById
2025-11-25 15:25:40 INFO  c.e.c.s.serviceImpl.LeadService - Enter: LeadService.findByUserIn
2025-11-25 15:25:40 INFO  c.e.c.s.serviceImpl.UserService - users:[User(id=3, firstName=Akshay, lastName=jadhav, email=akshay2002@gmail.com, mobileNumber=8308575626, password=Akshay@123, address=, city=, state=, country=, pinCode=, role=USER, registeredBy=2, registeredOn=2025-11-10T18:23:51.032489), User(id=4, firstName=rohan, lastName=rote, email=rohan@yahoo.com, mobileNumber=8123456780, password=Admin@123, address=, city=, state=, country=, pinCode=, role=ADMIN, registeredBy=2, registeredOn=2025-11-20T19:47:50.780109)]
2025-11-25 15:25:40 INFO  c.e.c.s.serviceImpl.UserService - admins:[User(id=4, firstName=rohan, lastName=rote, email=rohan@yahoo.com, mobileNumber=8123456780, password=Admin@123, address=, city=, state=, country=, pinCode=, role=ADMIN, registeredBy=2, registeredOn=2025-11-20T19:47:50.780109)]
2025-11-25 15:25:40 INFO  c.e.c.s.serviceImpl.UserService - Enter : UserService:getAllUsersByAdmin
2025-11-25 15:25:40 INFO  c.e.c.s.serviceImpl.UserService - id:4
2025-11-25 15:25:40 INFO  c.e.c.s.serviceImpl.UserService - Exit : UserService:getAllUsersByAdmin
2025-11-25 15:25:40 INFO  c.e.c.s.serviceImpl.UserService - users2:[]
2025-11-25 15:25:40 INFO  c.e.c.s.serviceImpl.UserService - Exit : UserService:getAllUserByMasterAdmin
2025-11-25 15:25:40 INFO  c.e.c.handler.UserHandler - Exit : UserHandler:getUsers
2025-11-25 15:25:40 INFO  c.e.c.handler.LeadHandler - Exit: LeadHandler.getLeadsByUser
2025-11-25 15:26:04 INFO  c.e.c.interceptor.RequestInterceptor - Enter: RequestInterceptor.preHandle
2025-11-25 15:26:04 INFO  c.e.c.interceptor.RequestInterceptor - Request URI: /crm/history/lead/akshay@gmail.com
2025-11-25 15:26:04 INFO  c.e.c.interceptor.RequestInterceptor - Enter: RequestInterceptor.preHandle
2025-11-25 15:26:04 INFO  c.e.c.interceptor.RequestInterceptor - Request URI: /crm/user/users
2025-11-25 15:26:04 INFO  c.e.c.interceptor.RequestInterceptor - Token: Bearer eyJhbGciOiJIUzI1NiJ9.eyJzdWIiOiIyIiwiZW1haWwiOiJha3NoYXlAZ21haWwuY29tIiwicm9sZSI6Ik1BU1RFUl9BRE1JTiIsImlhdCI6MTc2NDA2NDQ4MiwiZXhwIjoxNzY0MDY4MDgyfQ.FLTNmapnsAWAhbEeBxY-yV97fwE5bOHe1GIxZ0uNhZM
2025-11-25 15:26:04 INFO  c.e.crm_system_backend.utils.JwtUtil - Enter: JwtUtil:getEmail
2025-11-25 15:26:04 INFO  c.e.crm_system_backend.utils.JwtUtil - Exit: JwtUtil:getEmail
2025-11-25 15:26:04 INFO  c.e.crm_system_backend.utils.JwtUtil - Enter: JwtUtil:extractAllClaims
2025-11-25 15:26:04 INFO  c.e.crm_system_backend.utils.JwtUtil - Exit: JwtUtil:extractAllClaims
2025-11-25 15:26:04 INFO  c.e.crm_system_backend.utils.JwtUtil - Enter: JwtUtil:getSigningKey
2025-11-25 15:26:04 INFO  c.e.crm_system_backend.utils.JwtUtil - Exit: JwtUtil:getSigningKey
2025-11-25 15:26:04 INFO  c.e.crm_system_backend.utils.JwtUtil - Enter: JwtUtil:validateToken
2025-11-25 15:26:04 INFO  c.e.crm_system_backend.utils.JwtUtil - Enter: JwtUtil:getSigningKey
2025-11-25 15:26:04 INFO  c.e.crm_system_backend.utils.JwtUtil - Exit: JwtUtil:getSigningKey
2025-11-25 15:26:04 INFO  c.e.crm_system_backend.utils.JwtUtil - Enter: JwtUtil:validateToken
2025-11-25 15:26:04 INFO  c.e.crm_system_backend.utils.JwtUtil - Enter: JwtUtil:getSigningKey
2025-11-25 15:26:04 INFO  c.e.crm_system_backend.utils.JwtUtil - Exit: JwtUtil:getSigningKey
2025-11-25 15:26:04 INFO  c.e.c.interceptor.RequestInterceptor - Enter: RequestInterceptor.preHandle
2025-11-25 15:26:04 INFO  c.e.c.interceptor.RequestInterceptor - Request URI: /crm/history/lead/akshay@gmail.com
2025-11-25 15:26:04 INFO  c.e.crm_system_backend.utils.JwtUtil - Enter: JwtUtil:isTokenExpired
2025-11-25 15:26:04 INFO  c.e.c.interceptor.RequestInterceptor - Token: Bearer eyJhbGciOiJIUzI1NiJ9.eyJzdWIiOiIyIiwiZW1haWwiOiJha3NoYXlAZ21haWwuY29tIiwicm9sZSI6Ik1BU1RFUl9BRE1JTiIsImlhdCI6MTc2NDA2NDQ4MiwiZXhwIjoxNzY0MDY4MDgyfQ.FLTNmapnsAWAhbEeBxY-yV97fwE5bOHe1GIxZ0uNhZM
2025-11-25 15:26:04 INFO  c.e.crm_system_backend.utils.JwtUtil - Enter: JwtUtil:extractAllClaims
2025-11-25 15:26:04 INFO  c.e.crm_system_backend.utils.JwtUtil - Enter: JwtUtil:getEmail
2025-11-25 15:26:04 INFO  c.e.crm_system_backend.utils.JwtUtil - Exit: JwtUtil:extractAllClaims
2025-11-25 15:26:04 INFO  c.e.crm_system_backend.utils.JwtUtil - Exit: JwtUtil:getEmail
2025-11-25 15:26:04 INFO  c.e.crm_system_backend.utils.JwtUtil - Enter: JwtUtil:extractAllClaims
2025-11-25 15:26:04 INFO  c.e.crm_system_backend.utils.JwtUtil - Enter: JwtUtil:getSigningKey
2025-11-25 15:26:04 INFO  c.e.crm_system_backend.utils.JwtUtil - Exit: JwtUtil:getSigningKey
2025-11-25 15:26:04 INFO  c.e.crm_system_backend.utils.JwtUtil - Exit: JwtUtil:extractAllClaims
2025-11-25 15:26:04 INFO  c.e.crm_system_backend.utils.JwtUtil - Enter: JwtUtil:getSigningKey
2025-11-25 15:26:04 INFO  c.e.crm_system_backend.utils.JwtUtil - Exit: JwtUtil:getSigningKey
2025-11-25 15:26:04 INFO  c.e.crm_system_backend.utils.JwtUtil - Enter: JwtUtil:validateToken
2025-11-25 15:26:04 INFO  c.e.c.s.s.UserSessionService - Enter : UserSessionService:findSessionByToken
2025-11-25 15:26:04 INFO  c.e.c.s.s.UserSessionService - token:eyJhbGciOiJIUzI1NiJ9.eyJzdWIiOiIyIiwiZW1haWwiOiJha3NoYXlAZ21haWwuY29tIiwicm9sZSI6Ik1BU1RFUl9BRE1JTiIsImlhdCI6MTc2NDA2NDQ4MiwiZXhwIjoxNzY0MDY4MDgyfQ.FLTNmapnsAWAhbEeBxY-yV97fwE5bOHe1GIxZ0uNhZM
2025-11-25 15:26:04 INFO  c.e.crm_system_backend.utils.JwtUtil - Enter: JwtUtil:getSigningKey
2025-11-25 15:26:04 INFO  c.e.crm_system_backend.utils.JwtUtil - Exit: JwtUtil:getSigningKey
2025-11-25 15:26:04 INFO  c.e.c.s.s.UserSessionService - email:akshay@gmail.com
2025-11-25 15:26:04 INFO  c.e.c.s.s.UserSessionService - Exit : UserSessionService:findSessionByToken
2025-11-25 15:26:04 INFO  c.e.crm_system_backend.utils.JwtUtil - Enter: JwtUtil:validateToken
2025-11-25 15:26:04 INFO  c.e.crm_system_backend.utils.JwtUtil - Enter: JwtUtil:getSigningKey
2025-11-25 15:26:04 INFO  c.e.crm_system_backend.utils.JwtUtil - Exit: JwtUtil:getSigningKey
2025-11-25 15:26:04 INFO  c.e.crm_system_backend.utils.JwtUtil - Enter: JwtUtil:isTokenExpired
2025-11-25 15:26:04 INFO  c.e.crm_system_backend.utils.JwtUtil - Enter: JwtUtil:extractAllClaims
2025-11-25 15:26:04 INFO  c.e.crm_system_backend.utils.JwtUtil - Exit: JwtUtil:extractAllClaims
2025-11-25 15:26:04 INFO  c.e.crm_system_backend.utils.JwtUtil - Enter: JwtUtil:getSigningKey
2025-11-25 15:26:04 INFO  c.e.crm_system_backend.utils.JwtUtil - Exit: JwtUtil:getSigningKey
2025-11-25 15:26:04 INFO  c.e.c.s.s.UserSessionService - Enter : UserSessionService:findSessionByToken
2025-11-25 15:26:04 INFO  c.e.c.s.s.UserSessionService - token:eyJhbGciOiJIUzI1NiJ9.eyJzdWIiOiIyIiwiZW1haWwiOiJha3NoYXlAZ21haWwuY29tIiwicm9sZSI6Ik1BU1RFUl9BRE1JTiIsImlhdCI6MTc2NDA2NDQ4MiwiZXhwIjoxNzY0MDY4MDgyfQ.FLTNmapnsAWAhbEeBxY-yV97fwE5bOHe1GIxZ0uNhZM
2025-11-25 15:26:04 INFO  c.e.c.s.s.UserSessionService - email:akshay@gmail.com
2025-11-25 15:26:04 INFO  c.e.c.s.s.UserSessionService - Exit : UserSessionService:findSessionByToken
2025-11-25 15:26:04 INFO  c.e.crm_system_backend.utils.JwtUtil - Enter: JwtUtil:getRole
2025-11-25 15:26:04 INFO  c.e.crm_system_backend.utils.JwtUtil - Exit: JwtUtil:getRole
2025-11-25 15:26:04 INFO  c.e.crm_system_backend.utils.JwtUtil - Enter: JwtUtil:extractAllClaims
2025-11-25 15:26:04 INFO  c.e.crm_system_backend.utils.JwtUtil - Exit: JwtUtil:extractAllClaims
2025-11-25 15:26:04 INFO  c.e.crm_system_backend.utils.JwtUtil - Enter: JwtUtil:getSigningKey
2025-11-25 15:26:04 INFO  c.e.crm_system_backend.utils.JwtUtil - Exit: JwtUtil:getSigningKey
2025-11-25 15:26:04 INFO  c.e.crm_system_backend.utils.JwtUtil - Enter: JwtUtil:getId
2025-11-25 15:26:04 INFO  c.e.crm_system_backend.utils.JwtUtil - Exit: JwtUtil:getId
2025-11-25 15:26:04 INFO  c.e.crm_system_backend.utils.JwtUtil - Enter: JwtUtil:extractAllClaims
2025-11-25 15:26:04 INFO  c.e.crm_system_backend.utils.JwtUtil - Exit: JwtUtil:extractAllClaims
2025-11-25 15:26:04 INFO  c.e.crm_system_backend.utils.JwtUtil - Enter: JwtUtil:getSigningKey
2025-11-25 15:26:04 INFO  c.e.crm_system_backend.utils.JwtUtil - Exit: JwtUtil:getSigningKey
2025-11-25 15:26:04 INFO  c.e.c.interceptor.RoleInterceptor - Enter: RoleInterceptor.preHandle
2025-11-25 15:26:04 INFO  c.e.crm_system_backend.utils.JwtUtil - Enter: JwtUtil:getRole
2025-11-25 15:26:04 INFO  c.e.crm_system_backend.utils.JwtUtil - Exit: JwtUtil:getRole
2025-11-25 15:26:04 INFO  c.e.crm_system_backend.utils.JwtUtil - Enter: JwtUtil:extractAllClaims
2025-11-25 15:26:04 INFO  c.e.crm_system_backend.utils.JwtUtil - Exit: JwtUtil:extractAllClaims
2025-11-25 15:26:04 INFO  c.e.c.controller.UserController - userId:2
2025-11-25 15:26:04 INFO  c.e.crm_system_backend.utils.JwtUtil - Enter: JwtUtil:getSigningKey
2025-11-25 15:26:04 INFO  c.e.crm_system_backend.utils.JwtUtil - Exit: JwtUtil:getSigningKey
2025-11-25 15:26:04 INFO  c.e.c.handler.UserHandler - Enter : UserHandler:getUsers
2025-11-25 15:26:04 INFO  c.e.c.s.serviceImpl.UserService - Enter : UserService:getUserById
2025-11-25 15:26:04 INFO  c.e.c.s.serviceImpl.UserService - id:2
2025-11-25 15:26:04 INFO  c.e.c.s.serviceImpl.UserService - Exit : UserService:getUserById
2025-11-25 15:26:04 INFO  c.e.crm_system_backend.utils.JwtUtil - Enter: JwtUtil:getId
2025-11-25 15:26:04 INFO  c.e.crm_system_backend.utils.JwtUtil - Exit: JwtUtil:getId
2025-11-25 15:26:04 INFO  c.e.crm_system_backend.utils.JwtUtil - Enter: JwtUtil:extractAllClaims
2025-11-25 15:26:04 INFO  c.e.crm_system_backend.utils.JwtUtil - Exit: JwtUtil:extractAllClaims
2025-11-25 15:26:04 INFO  c.e.crm_system_backend.utils.JwtUtil - Enter: JwtUtil:getSigningKey
2025-11-25 15:26:04 INFO  c.e.crm_system_backend.utils.JwtUtil - Exit: JwtUtil:getSigningKey
2025-11-25 15:26:04 INFO  c.e.c.handler.UploadedHistoryHandler - Enter : findLeadUploadHistoryByEmail
2025-11-25 15:26:04 INFO  c.e.c.s.s.UploadHistoryService - Enter: ErrorRecordHandler.findByUser
2025-11-25 15:26:04 INFO  c.e.c.handler.UserHandler - Request for getting users is in user Handler for master admin
2025-11-25 15:26:04 INFO  c.e.c.s.serviceImpl.UserService - Enter : UserService:getAllUserByMasterAdmin
2025-11-25 15:26:04 INFO  c.e.c.s.serviceImpl.UserService - users:[User(id=3, firstName=Akshay, lastName=jadhav, email=akshay2002@gmail.com, mobileNumber=8308575626, password=Akshay@123, address=, city=, state=, country=, pinCode=, role=USER, registeredBy=2, registeredOn=2025-11-10T18:23:51.032489), User(id=4, firstName=rohan, lastName=rote, email=rohan@yahoo.com, mobileNumber=8123456780, password=Admin@123, address=, city=, state=, country=, pinCode=, role=ADMIN, registeredBy=2, registeredOn=2025-11-20T19:47:50.780109)]
2025-11-25 15:26:04 INFO  c.e.c.s.serviceImpl.UserService - admins:[User(id=4, firstName=rohan, lastName=rote, email=rohan@yahoo.com, mobileNumber=8123456780, password=Admin@123, address=, city=, state=, country=, pinCode=, role=ADMIN, registeredBy=2, registeredOn=2025-11-20T19:47:50.780109)]
2025-11-25 15:26:04 INFO  c.e.c.s.serviceImpl.UserService - Enter : UserService:getAllUsersByAdmin
2025-11-25 15:26:04 INFO  c.e.c.s.serviceImpl.UserService - id:4
2025-11-25 15:26:04 INFO  c.e.c.s.serviceImpl.UserService - Exit : UserService:getAllUsersByAdmin
2025-11-25 15:26:04 INFO  c.e.c.handler.UploadedHistoryHandler - Exit : findLeadUploadHistoryByEmail
2025-11-25 15:26:04 INFO  c.e.c.s.serviceImpl.UserService - users2:[]
2025-11-25 15:26:04 INFO  c.e.c.s.serviceImpl.UserService - Exit : UserService:getAllUserByMasterAdmin
2025-11-25 15:26:04 INFO  c.e.c.handler.UserHandler - Exit : UserHandler:getUsers
2025-11-25 15:26:08 INFO  c.e.c.interceptor.RequestInterceptor - Enter: RequestInterceptor.preHandle
2025-11-25 15:26:08 INFO  c.e.c.interceptor.RequestInterceptor - Request URI: /crm/error/records/6dee44b7-2c10-4403-b08f-302ab683b740
2025-11-25 15:26:08 INFO  c.e.c.interceptor.RequestInterceptor - Enter: RequestInterceptor.preHandle
2025-11-25 15:26:08 INFO  c.e.c.interceptor.RequestInterceptor - Request URI: /crm/error/records/6dee44b7-2c10-4403-b08f-302ab683b740
2025-11-25 15:26:08 INFO  c.e.c.interceptor.RequestInterceptor - Token: Bearer eyJhbGciOiJIUzI1NiJ9.eyJzdWIiOiIyIiwiZW1haWwiOiJha3NoYXlAZ21haWwuY29tIiwicm9sZSI6Ik1BU1RFUl9BRE1JTiIsImlhdCI6MTc2NDA2NDQ4MiwiZXhwIjoxNzY0MDY4MDgyfQ.FLTNmapnsAWAhbEeBxY-yV97fwE5bOHe1GIxZ0uNhZM
2025-11-25 15:26:08 INFO  c.e.crm_system_backend.utils.JwtUtil - Enter: JwtUtil:getEmail
2025-11-25 15:26:08 INFO  c.e.crm_system_backend.utils.JwtUtil - Exit: JwtUtil:getEmail
2025-11-25 15:26:08 INFO  c.e.crm_system_backend.utils.JwtUtil - Enter: JwtUtil:extractAllClaims
2025-11-25 15:26:08 INFO  c.e.crm_system_backend.utils.JwtUtil - Exit: JwtUtil:extractAllClaims
2025-11-25 15:26:08 INFO  c.e.crm_system_backend.utils.JwtUtil - Enter: JwtUtil:getSigningKey
2025-11-25 15:26:08 INFO  c.e.crm_system_backend.utils.JwtUtil - Exit: JwtUtil:getSigningKey
2025-11-25 15:26:08 INFO  c.e.crm_system_backend.utils.JwtUtil - Enter: JwtUtil:validateToken
2025-11-25 15:26:08 INFO  c.e.crm_system_backend.utils.JwtUtil - Enter: JwtUtil:getSigningKey
2025-11-25 15:26:08 INFO  c.e.crm_system_backend.utils.JwtUtil - Exit: JwtUtil:getSigningKey
2025-11-25 15:26:08 INFO  c.e.crm_system_backend.utils.JwtUtil - Enter: JwtUtil:validateToken
2025-11-25 15:26:08 INFO  c.e.crm_system_backend.utils.JwtUtil - Enter: JwtUtil:getSigningKey
2025-11-25 15:26:08 INFO  c.e.crm_system_backend.utils.JwtUtil - Exit: JwtUtil:getSigningKey
2025-11-25 15:26:08 INFO  c.e.crm_system_backend.utils.JwtUtil - Enter: JwtUtil:isTokenExpired
2025-11-25 15:26:08 INFO  c.e.crm_system_backend.utils.JwtUtil - Enter: JwtUtil:extractAllClaims
2025-11-25 15:26:08 INFO  c.e.crm_system_backend.utils.JwtUtil - Exit: JwtUtil:extractAllClaims
2025-11-25 15:26:08 INFO  c.e.crm_system_backend.utils.JwtUtil - Enter: JwtUtil:getSigningKey
2025-11-25 15:26:08 INFO  c.e.crm_system_backend.utils.JwtUtil - Exit: JwtUtil:getSigningKey
2025-11-25 15:26:08 INFO  c.e.c.s.s.UserSessionService - Enter : UserSessionService:findSessionByToken
2025-11-25 15:26:08 INFO  c.e.c.s.s.UserSessionService - token:eyJhbGciOiJIUzI1NiJ9.eyJzdWIiOiIyIiwiZW1haWwiOiJha3NoYXlAZ21haWwuY29tIiwicm9sZSI6Ik1BU1RFUl9BRE1JTiIsImlhdCI6MTc2NDA2NDQ4MiwiZXhwIjoxNzY0MDY4MDgyfQ.FLTNmapnsAWAhbEeBxY-yV97fwE5bOHe1GIxZ0uNhZM
2025-11-25 15:26:08 INFO  c.e.c.s.s.UserSessionService - email:akshay@gmail.com
2025-11-25 15:26:08 INFO  c.e.c.s.s.UserSessionService - Exit : UserSessionService:findSessionByToken
2025-11-25 15:26:08 INFO  c.e.crm_system_backend.utils.JwtUtil - Enter: JwtUtil:getRole
2025-11-25 15:26:08 INFO  c.e.crm_system_backend.utils.JwtUtil - Exit: JwtUtil:getRole
2025-11-25 15:26:08 INFO  c.e.crm_system_backend.utils.JwtUtil - Enter: JwtUtil:extractAllClaims
2025-11-25 15:26:08 INFO  c.e.crm_system_backend.utils.JwtUtil - Exit: JwtUtil:extractAllClaims
2025-11-25 15:26:08 INFO  c.e.crm_system_backend.utils.JwtUtil - Enter: JwtUtil:getSigningKey
2025-11-25 15:26:08 INFO  c.e.crm_system_backend.utils.JwtUtil - Exit: JwtUtil:getSigningKey
2025-11-25 15:26:08 INFO  c.e.crm_system_backend.utils.JwtUtil - Enter: JwtUtil:getId
2025-11-25 15:26:08 INFO  c.e.crm_system_backend.utils.JwtUtil - Exit: JwtUtil:getId
2025-11-25 15:26:08 INFO  c.e.crm_system_backend.utils.JwtUtil - Enter: JwtUtil:extractAllClaims
2025-11-25 15:26:08 INFO  c.e.crm_system_backend.utils.JwtUtil - Exit: JwtUtil:extractAllClaims
2025-11-25 15:26:08 INFO  c.e.crm_system_backend.utils.JwtUtil - Enter: JwtUtil:getSigningKey
2025-11-25 15:26:08 INFO  c.e.crm_system_backend.utils.JwtUtil - Exit: JwtUtil:getSigningKey
2025-11-25 15:26:08 INFO  c.e.c.c.ErrorRecordController - Enter: ErrorRecordController.findErrorRecordByUploadHistoryId
2025-11-25 15:26:08 INFO  c.e.c.handler.ErrorRecordHandler - Enter:ErrorRecordHandler.findErrorRecordByUploadHistoryId
2025-11-25 15:26:08 INFO  c.e.c.s.s.UploadHistoryService - Enter: ErrorRecordHandler.findById
2025-11-25 15:26:08 INFO  c.e.c.s.s.UploadHistoryService - Exit: ErrorRecordHandler.findById
2025-11-25 15:26:08 INFO  c.e.c.handler.ErrorRecordHandler - Exit: ErrorRecordHandler.findErrorRecordByUploadHistoryId
2025-11-25 15:26:08 INFO  c.e.c.c.ErrorRecordController - Exit: ErrorRecordController.findErrorRecordByUploadHistoryId
2025-11-25 15:26:32 INFO  c.e.c.interceptor.RequestInterceptor - Enter: RequestInterceptor.preHandle
2025-11-25 15:26:32 INFO  c.e.c.interceptor.RequestInterceptor - Request URI: /crm/history/lead/akshay@gmail.com
2025-11-25 15:26:32 INFO  c.e.c.interceptor.RequestInterceptor - Enter: RequestInterceptor.preHandle
2025-11-25 15:26:32 INFO  c.e.c.interceptor.RequestInterceptor - Request URI: /crm/history/lead/akshay@gmail.com
2025-11-25 15:26:32 INFO  c.e.c.interceptor.RequestInterceptor - Token: Bearer eyJhbGciOiJIUzI1NiJ9.eyJzdWIiOiIyIiwiZW1haWwiOiJha3NoYXlAZ21haWwuY29tIiwicm9sZSI6Ik1BU1RFUl9BRE1JTiIsImlhdCI6MTc2NDA2NDQ4MiwiZXhwIjoxNzY0MDY4MDgyfQ.FLTNmapnsAWAhbEeBxY-yV97fwE5bOHe1GIxZ0uNhZM
2025-11-25 15:26:32 INFO  c.e.crm_system_backend.utils.JwtUtil - Enter: JwtUtil:getEmail
2025-11-25 15:26:32 INFO  c.e.crm_system_backend.utils.JwtUtil - Exit: JwtUtil:getEmail
2025-11-25 15:26:32 INFO  c.e.crm_system_backend.utils.JwtUtil - Enter: JwtUtil:extractAllClaims
2025-11-25 15:26:32 INFO  c.e.crm_system_backend.utils.JwtUtil - Exit: JwtUtil:extractAllClaims
2025-11-25 15:26:32 INFO  c.e.crm_system_backend.utils.JwtUtil - Enter: JwtUtil:getSigningKey
2025-11-25 15:26:32 INFO  c.e.crm_system_backend.utils.JwtUtil - Exit: JwtUtil:getSigningKey
2025-11-25 15:26:32 INFO  c.e.crm_system_backend.utils.JwtUtil - Enter: JwtUtil:validateToken
2025-11-25 15:26:32 INFO  c.e.crm_system_backend.utils.JwtUtil - Enter: JwtUtil:getSigningKey
2025-11-25 15:26:32 INFO  c.e.crm_system_backend.utils.JwtUtil - Exit: JwtUtil:getSigningKey
2025-11-25 15:26:32 INFO  c.e.crm_system_backend.utils.JwtUtil - Enter: JwtUtil:validateToken
2025-11-25 15:26:32 INFO  c.e.crm_system_backend.utils.JwtUtil - Enter: JwtUtil:getSigningKey
2025-11-25 15:26:32 INFO  c.e.crm_system_backend.utils.JwtUtil - Exit: JwtUtil:getSigningKey
2025-11-25 15:26:32 INFO  c.e.crm_system_backend.utils.JwtUtil - Enter: JwtUtil:isTokenExpired
2025-11-25 15:26:32 INFO  c.e.crm_system_backend.utils.JwtUtil - Enter: JwtUtil:extractAllClaims
2025-11-25 15:26:32 INFO  c.e.crm_system_backend.utils.JwtUtil - Exit: JwtUtil:extractAllClaims
2025-11-25 15:26:32 INFO  c.e.crm_system_backend.utils.JwtUtil - Enter: JwtUtil:getSigningKey
2025-11-25 15:26:32 INFO  c.e.crm_system_backend.utils.JwtUtil - Exit: JwtUtil:getSigningKey
2025-11-25 15:26:32 INFO  c.e.c.s.s.UserSessionService - Enter : UserSessionService:findSessionByToken
2025-11-25 15:26:32 INFO  c.e.c.s.s.UserSessionService - token:eyJhbGciOiJIUzI1NiJ9.eyJzdWIiOiIyIiwiZW1haWwiOiJha3NoYXlAZ21haWwuY29tIiwicm9sZSI6Ik1BU1RFUl9BRE1JTiIsImlhdCI6MTc2NDA2NDQ4MiwiZXhwIjoxNzY0MDY4MDgyfQ.FLTNmapnsAWAhbEeBxY-yV97fwE5bOHe1GIxZ0uNhZM
2025-11-25 15:26:32 INFO  c.e.c.s.s.UserSessionService - email:akshay@gmail.com
2025-11-25 15:26:32 INFO  c.e.c.s.s.UserSessionService - Exit : UserSessionService:findSessionByToken
2025-11-25 15:26:32 INFO  c.e.crm_system_backend.utils.JwtUtil - Enter: JwtUtil:getRole
2025-11-25 15:26:32 INFO  c.e.crm_system_backend.utils.JwtUtil - Exit: JwtUtil:getRole
2025-11-25 15:26:32 INFO  c.e.crm_system_backend.utils.JwtUtil - Enter: JwtUtil:extractAllClaims
2025-11-25 15:26:32 INFO  c.e.crm_system_backend.utils.JwtUtil - Exit: JwtUtil:extractAllClaims
2025-11-25 15:26:32 INFO  c.e.crm_system_backend.utils.JwtUtil - Enter: JwtUtil:getSigningKey
2025-11-25 15:26:32 INFO  c.e.crm_system_backend.utils.JwtUtil - Exit: JwtUtil:getSigningKey
2025-11-25 15:26:32 INFO  c.e.crm_system_backend.utils.JwtUtil - Enter: JwtUtil:getId
2025-11-25 15:26:32 INFO  c.e.crm_system_backend.utils.JwtUtil - Exit: JwtUtil:getId
2025-11-25 15:26:32 INFO  c.e.crm_system_backend.utils.JwtUtil - Enter: JwtUtil:extractAllClaims
2025-11-25 15:26:32 INFO  c.e.crm_system_backend.utils.JwtUtil - Exit: JwtUtil:extractAllClaims
2025-11-25 15:26:32 INFO  c.e.crm_system_backend.utils.JwtUtil - Enter: JwtUtil:getSigningKey
2025-11-25 15:26:32 INFO  c.e.crm_system_backend.utils.JwtUtil - Exit: JwtUtil:getSigningKey
2025-11-25 15:26:32 INFO  c.e.c.handler.UploadedHistoryHandler - Enter : findLeadUploadHistoryByEmail
2025-11-25 15:26:32 INFO  c.e.c.s.s.UploadHistoryService - Enter: ErrorRecordHandler.findByUser
2025-11-25 15:26:32 INFO  c.e.c.handler.UploadedHistoryHandler - Exit : findLeadUploadHistoryByEmail
2025-11-25 15:26:42 INFO  c.e.c.interceptor.RequestInterceptor - Enter: RequestInterceptor.preHandle
2025-11-25 15:26:42 INFO  c.e.c.interceptor.RequestInterceptor - Request URI: /crm/lead/import/2
2025-11-25 15:26:42 INFO  c.e.c.interceptor.RequestInterceptor - Token: Bearer eyJhbGciOiJIUzI1NiJ9.eyJzdWIiOiIyIiwiZW1haWwiOiJha3NoYXlAZ21haWwuY29tIiwicm9sZSI6Ik1BU1RFUl9BRE1JTiIsImlhdCI6MTc2NDA2NDQ4MiwiZXhwIjoxNzY0MDY4MDgyfQ.FLTNmapnsAWAhbEeBxY-yV97fwE5bOHe1GIxZ0uNhZM
2025-11-25 15:26:42 INFO  c.e.crm_system_backend.utils.JwtUtil - Enter: JwtUtil:getEmail
2025-11-25 15:26:42 INFO  c.e.crm_system_backend.utils.JwtUtil - Exit: JwtUtil:getEmail
2025-11-25 15:26:42 INFO  c.e.crm_system_backend.utils.JwtUtil - Enter: JwtUtil:extractAllClaims
2025-11-25 15:26:42 INFO  c.e.crm_system_backend.utils.JwtUtil - Exit: JwtUtil:extractAllClaims
2025-11-25 15:26:42 INFO  c.e.crm_system_backend.utils.JwtUtil - Enter: JwtUtil:getSigningKey
2025-11-25 15:26:42 INFO  c.e.crm_system_backend.utils.JwtUtil - Exit: JwtUtil:getSigningKey
2025-11-25 15:26:42 INFO  c.e.crm_system_backend.utils.JwtUtil - Enter: JwtUtil:validateToken
2025-11-25 15:26:42 INFO  c.e.crm_system_backend.utils.JwtUtil - Enter: JwtUtil:getSigningKey
2025-11-25 15:26:42 INFO  c.e.crm_system_backend.utils.JwtUtil - Exit: JwtUtil:getSigningKey
2025-11-25 15:26:42 INFO  c.e.crm_system_backend.utils.JwtUtil - Enter: JwtUtil:validateToken
2025-11-25 15:26:42 INFO  c.e.crm_system_backend.utils.JwtUtil - Enter: JwtUtil:getSigningKey
2025-11-25 15:26:42 INFO  c.e.crm_system_backend.utils.JwtUtil - Exit: JwtUtil:getSigningKey
2025-11-25 15:26:42 INFO  c.e.crm_system_backend.utils.JwtUtil - Enter: JwtUtil:isTokenExpired
2025-11-25 15:26:42 INFO  c.e.crm_system_backend.utils.JwtUtil - Enter: JwtUtil:extractAllClaims
2025-11-25 15:26:42 INFO  c.e.crm_system_backend.utils.JwtUtil - Exit: JwtUtil:extractAllClaims
2025-11-25 15:26:42 INFO  c.e.crm_system_backend.utils.JwtUtil - Enter: JwtUtil:getSigningKey
2025-11-25 15:26:42 INFO  c.e.crm_system_backend.utils.JwtUtil - Exit: JwtUtil:getSigningKey
2025-11-25 15:26:42 INFO  c.e.c.s.s.UserSessionService - Enter : UserSessionService:findSessionByToken
2025-11-25 15:26:42 INFO  c.e.c.s.s.UserSessionService - token:eyJhbGciOiJIUzI1NiJ9.eyJzdWIiOiIyIiwiZW1haWwiOiJha3NoYXlAZ21haWwuY29tIiwicm9sZSI6Ik1BU1RFUl9BRE1JTiIsImlhdCI6MTc2NDA2NDQ4MiwiZXhwIjoxNzY0MDY4MDgyfQ.FLTNmapnsAWAhbEeBxY-yV97fwE5bOHe1GIxZ0uNhZM
2025-11-25 15:26:42 INFO  c.e.c.s.s.UserSessionService - email:akshay@gmail.com
2025-11-25 15:26:42 INFO  c.e.c.s.s.UserSessionService - Exit : UserSessionService:findSessionByToken
2025-11-25 15:26:42 INFO  c.e.crm_system_backend.utils.JwtUtil - Enter: JwtUtil:getRole
2025-11-25 15:26:42 INFO  c.e.crm_system_backend.utils.JwtUtil - Exit: JwtUtil:getRole
2025-11-25 15:26:42 INFO  c.e.crm_system_backend.utils.JwtUtil - Enter: JwtUtil:extractAllClaims
2025-11-25 15:26:42 INFO  c.e.crm_system_backend.utils.JwtUtil - Exit: JwtUtil:extractAllClaims
2025-11-25 15:26:42 INFO  c.e.crm_system_backend.utils.JwtUtil - Enter: JwtUtil:getSigningKey
2025-11-25 15:26:42 INFO  c.e.crm_system_backend.utils.JwtUtil - Exit: JwtUtil:getSigningKey
2025-11-25 15:26:42 INFO  c.e.crm_system_backend.utils.JwtUtil - Enter: JwtUtil:getId
2025-11-25 15:26:42 INFO  c.e.crm_system_backend.utils.JwtUtil - Exit: JwtUtil:getId
2025-11-25 15:26:42 INFO  c.e.crm_system_backend.utils.JwtUtil - Enter: JwtUtil:extractAllClaims
2025-11-25 15:26:42 INFO  c.e.crm_system_backend.utils.JwtUtil - Exit: JwtUtil:extractAllClaims
2025-11-25 15:26:42 INFO  c.e.crm_system_backend.utils.JwtUtil - Enter: JwtUtil:getSigningKey
2025-11-25 15:26:42 INFO  c.e.crm_system_backend.utils.JwtUtil - Exit: JwtUtil:getSigningKey
2025-11-25 15:26:42 INFO  c.e.c.controller.LeadController - Enter: LeadController.bulkSaveLead
2025-11-25 15:26:42 INFO  c.e.c.handler.LeadHandler - Enter: LeadHandler.bulkUpload
2025-11-25 15:26:42 INFO  c.e.c.s.serviceImpl.UserService - Enter : UserService:getUserById
2025-11-25 15:26:42 INFO  c.e.c.s.serviceImpl.UserService - id:2
2025-11-25 15:26:42 INFO  c.e.c.s.serviceImpl.UserService - Exit : UserService:getUserById
2025-11-25 15:26:42 INFO  c.e.c.helper.LeadExcelHelper - Enter: LeadExcelHelper.processExcelData
2025-11-25 15:26:43 INFO  c.e.c.s.serviceImpl.ProductService - Enter: ProductService.getProducts()
2025-11-25 15:26:43 INFO  c.e.c.helper.LeadExcelHelper - Exit: LeadExcelHelper.processExcelData
2025-11-25 15:26:43 INFO  c.e.c.s.serviceImpl.LeadService - Enter: LeadService.bulkUpload
2025-11-25 15:26:43 INFO  c.e.c.s.s.UploadHistoryService - Enter: ErrorRecordHandler.save
2025-11-25 15:26:43 INFO  c.e.c.handler.LeadHandler - Exit: LeadHandler.bulkUpload
2025-11-25 15:26:43 INFO  c.e.c.controller.LeadController - Exit: LeadController.bulkSaveLead
2025-11-25 15:26:43 INFO  c.e.c.interceptor.RequestInterceptor - Enter: RequestInterceptor.preHandle
2025-11-25 15:26:43 INFO  c.e.c.interceptor.RequestInterceptor - Request URI: /crm/history/lead/akshay@gmail.com
2025-11-25 15:26:43 INFO  c.e.c.interceptor.RequestInterceptor - Enter: RequestInterceptor.preHandle
2025-11-25 15:26:43 INFO  c.e.c.interceptor.RequestInterceptor - Request URI: /crm/user/users
2025-11-25 15:26:43 INFO  c.e.c.interceptor.RequestInterceptor - Token: Bearer eyJhbGciOiJIUzI1NiJ9.eyJzdWIiOiIyIiwiZW1haWwiOiJha3NoYXlAZ21haWwuY29tIiwicm9sZSI6Ik1BU1RFUl9BRE1JTiIsImlhdCI6MTc2NDA2NDQ4MiwiZXhwIjoxNzY0MDY4MDgyfQ.FLTNmapnsAWAhbEeBxY-yV97fwE5bOHe1GIxZ0uNhZM
2025-11-25 15:26:43 INFO  c.e.crm_system_backend.utils.JwtUtil - Enter: JwtUtil:getEmail
2025-11-25 15:26:43 INFO  c.e.crm_system_backend.utils.JwtUtil - Exit: JwtUtil:getEmail
2025-11-25 15:26:43 INFO  c.e.crm_system_backend.utils.JwtUtil - Enter: JwtUtil:extractAllClaims
2025-11-25 15:26:43 INFO  c.e.crm_system_backend.utils.JwtUtil - Exit: JwtUtil:extractAllClaims
2025-11-25 15:26:43 INFO  c.e.crm_system_backend.utils.JwtUtil - Enter: JwtUtil:getSigningKey
2025-11-25 15:26:43 INFO  c.e.crm_system_backend.utils.JwtUtil - Exit: JwtUtil:getSigningKey
2025-11-25 15:26:43 INFO  c.e.c.interceptor.RequestInterceptor - Enter: RequestInterceptor.preHandle
2025-11-25 15:26:43 INFO  c.e.c.interceptor.RequestInterceptor - Request URI: /crm/history/lead/akshay@gmail.com
2025-11-25 15:26:43 INFO  c.e.c.interceptor.RequestInterceptor - Token: Bearer eyJhbGciOiJIUzI1NiJ9.eyJzdWIiOiIyIiwiZW1haWwiOiJha3NoYXlAZ21haWwuY29tIiwicm9sZSI6Ik1BU1RFUl9BRE1JTiIsImlhdCI6MTc2NDA2NDQ4MiwiZXhwIjoxNzY0MDY4MDgyfQ.FLTNmapnsAWAhbEeBxY-yV97fwE5bOHe1GIxZ0uNhZM
2025-11-25 15:26:43 INFO  c.e.crm_system_backend.utils.JwtUtil - Enter: JwtUtil:getEmail
2025-11-25 15:26:43 INFO  c.e.crm_system_backend.utils.JwtUtil - Exit: JwtUtil:getEmail
2025-11-25 15:26:43 INFO  c.e.crm_system_backend.utils.JwtUtil - Enter: JwtUtil:extractAllClaims
2025-11-25 15:26:43 INFO  c.e.crm_system_backend.utils.JwtUtil - Exit: JwtUtil:extractAllClaims
2025-11-25 15:26:43 INFO  c.e.crm_system_backend.utils.JwtUtil - Enter: JwtUtil:getSigningKey
2025-11-25 15:26:43 INFO  c.e.crm_system_backend.utils.JwtUtil - Exit: JwtUtil:getSigningKey
2025-11-25 15:26:43 INFO  c.e.crm_system_backend.utils.JwtUtil - Enter: JwtUtil:validateToken
2025-11-25 15:26:43 INFO  c.e.crm_system_backend.utils.JwtUtil - Enter: JwtUtil:getSigningKey
2025-11-25 15:26:43 INFO  c.e.crm_system_backend.utils.JwtUtil - Exit: JwtUtil:getSigningKey
2025-11-25 15:26:43 INFO  c.e.crm_system_backend.utils.JwtUtil - Enter: JwtUtil:validateToken
2025-11-25 15:26:43 INFO  c.e.crm_system_backend.utils.JwtUtil - Enter: JwtUtil:getSigningKey
2025-11-25 15:26:43 INFO  c.e.crm_system_backend.utils.JwtUtil - Exit: JwtUtil:getSigningKey
2025-11-25 15:26:43 INFO  c.e.crm_system_backend.utils.JwtUtil - Enter: JwtUtil:validateToken
2025-11-25 15:26:43 INFO  c.e.crm_system_backend.utils.JwtUtil - Enter: JwtUtil:getSigningKey
2025-11-25 15:26:43 INFO  c.e.crm_system_backend.utils.JwtUtil - Exit: JwtUtil:getSigningKey
2025-11-25 15:26:43 INFO  c.e.crm_system_backend.utils.JwtUtil - Enter: JwtUtil:validateToken
2025-11-25 15:26:43 INFO  c.e.crm_system_backend.utils.JwtUtil - Enter: JwtUtil:getSigningKey
2025-11-25 15:26:43 INFO  c.e.crm_system_backend.utils.JwtUtil - Exit: JwtUtil:getSigningKey
2025-11-25 15:26:43 INFO  c.e.crm_system_backend.utils.JwtUtil - Enter: JwtUtil:isTokenExpired
2025-11-25 15:26:43 INFO  c.e.crm_system_backend.utils.JwtUtil - Enter: JwtUtil:extractAllClaims
2025-11-25 15:26:43 INFO  c.e.crm_system_backend.utils.JwtUtil - Exit: JwtUtil:extractAllClaims
2025-11-25 15:26:43 INFO  c.e.crm_system_backend.utils.JwtUtil - Enter: JwtUtil:getSigningKey
2025-11-25 15:26:43 INFO  c.e.crm_system_backend.utils.JwtUtil - Exit: JwtUtil:getSigningKey
2025-11-25 15:26:43 INFO  c.e.crm_system_backend.utils.JwtUtil - Enter: JwtUtil:isTokenExpired
2025-11-25 15:26:43 INFO  c.e.crm_system_backend.utils.JwtUtil - Enter: JwtUtil:extractAllClaims
2025-11-25 15:26:43 INFO  c.e.crm_system_backend.utils.JwtUtil - Exit: JwtUtil:extractAllClaims
2025-11-25 15:26:43 INFO  c.e.crm_system_backend.utils.JwtUtil - Enter: JwtUtil:getSigningKey
2025-11-25 15:26:43 INFO  c.e.crm_system_backend.utils.JwtUtil - Exit: JwtUtil:getSigningKey
2025-11-25 15:26:43 INFO  c.e.c.s.s.UserSessionService - Enter : UserSessionService:findSessionByToken
2025-11-25 15:26:43 INFO  c.e.c.s.s.UserSessionService - token:eyJhbGciOiJIUzI1NiJ9.eyJzdWIiOiIyIiwiZW1haWwiOiJha3NoYXlAZ21haWwuY29tIiwicm9sZSI6Ik1BU1RFUl9BRE1JTiIsImlhdCI6MTc2NDA2NDQ4MiwiZXhwIjoxNzY0MDY4MDgyfQ.FLTNmapnsAWAhbEeBxY-yV97fwE5bOHe1GIxZ0uNhZM
2025-11-25 15:26:43 INFO  c.e.c.s.s.UserSessionService - email:akshay@gmail.com
2025-11-25 15:26:43 INFO  c.e.c.s.s.UserSessionService - Exit : UserSessionService:findSessionByToken
2025-11-25 15:26:43 INFO  c.e.c.s.s.UserSessionService - Enter : UserSessionService:findSessionByToken
2025-11-25 15:26:43 INFO  c.e.c.s.s.UserSessionService - token:eyJhbGciOiJIUzI1NiJ9.eyJzdWIiOiIyIiwiZW1haWwiOiJha3NoYXlAZ21haWwuY29tIiwicm9sZSI6Ik1BU1RFUl9BRE1JTiIsImlhdCI6MTc2NDA2NDQ4MiwiZXhwIjoxNzY0MDY4MDgyfQ.FLTNmapnsAWAhbEeBxY-yV97fwE5bOHe1GIxZ0uNhZM
2025-11-25 15:26:43 INFO  c.e.c.s.s.UserSessionService - email:akshay@gmail.com
2025-11-25 15:26:43 INFO  c.e.c.s.s.UserSessionService - Exit : UserSessionService:findSessionByToken
2025-11-25 15:26:43 INFO  c.e.crm_system_backend.utils.JwtUtil - Enter: JwtUtil:getRole
2025-11-25 15:26:43 INFO  c.e.crm_system_backend.utils.JwtUtil - Exit: JwtUtil:getRole
2025-11-25 15:26:43 INFO  c.e.crm_system_backend.utils.JwtUtil - Enter: JwtUtil:extractAllClaims
2025-11-25 15:26:43 INFO  c.e.crm_system_backend.utils.JwtUtil - Exit: JwtUtil:extractAllClaims
2025-11-25 15:26:43 INFO  c.e.crm_system_backend.utils.JwtUtil - Enter: JwtUtil:getRole
2025-11-25 15:26:43 INFO  c.e.crm_system_backend.utils.JwtUtil - Enter: JwtUtil:getSigningKey
2025-11-25 15:26:43 INFO  c.e.crm_system_backend.utils.JwtUtil - Exit: JwtUtil:getRole
2025-11-25 15:26:43 INFO  c.e.crm_system_backend.utils.JwtUtil - Exit: JwtUtil:getSigningKey
2025-11-25 15:26:43 INFO  c.e.crm_system_backend.utils.JwtUtil - Enter: JwtUtil:extractAllClaims
2025-11-25 15:26:43 INFO  c.e.crm_system_backend.utils.JwtUtil - Exit: JwtUtil:extractAllClaims
2025-11-25 15:26:43 INFO  c.e.crm_system_backend.utils.JwtUtil - Enter: JwtUtil:getSigningKey
2025-11-25 15:26:43 INFO  c.e.crm_system_backend.utils.JwtUtil - Exit: JwtUtil:getSigningKey
2025-11-25 15:26:43 INFO  c.e.crm_system_backend.utils.JwtUtil - Enter: JwtUtil:getId
2025-11-25 15:26:43 INFO  c.e.crm_system_backend.utils.JwtUtil - Exit: JwtUtil:getId
2025-11-25 15:26:43 INFO  c.e.crm_system_backend.utils.JwtUtil - Enter: JwtUtil:extractAllClaims
2025-11-25 15:26:43 INFO  c.e.crm_system_backend.utils.JwtUtil - Exit: JwtUtil:extractAllClaims
2025-11-25 15:26:43 INFO  c.e.crm_system_backend.utils.JwtUtil - Enter: JwtUtil:getSigningKey
2025-11-25 15:26:43 INFO  c.e.crm_system_backend.utils.JwtUtil - Exit: JwtUtil:getSigningKey
2025-11-25 15:26:43 INFO  c.e.crm_system_backend.utils.JwtUtil - Enter: JwtUtil:getId
2025-11-25 15:26:43 INFO  c.e.crm_system_backend.utils.JwtUtil - Exit: JwtUtil:getId
2025-11-25 15:26:43 INFO  c.e.crm_system_backend.utils.JwtUtil - Enter: JwtUtil:extractAllClaims
2025-11-25 15:26:43 INFO  c.e.crm_system_backend.utils.JwtUtil - Exit: JwtUtil:extractAllClaims
2025-11-25 15:26:43 INFO  c.e.crm_system_backend.utils.JwtUtil - Enter: JwtUtil:getSigningKey
2025-11-25 15:26:43 INFO  c.e.crm_system_backend.utils.JwtUtil - Exit: JwtUtil:getSigningKey
2025-11-25 15:26:43 INFO  c.e.c.interceptor.RoleInterceptor - Enter: RoleInterceptor.preHandle
2025-11-25 15:26:43 INFO  c.e.c.controller.UserController - userId:2
2025-11-25 15:26:43 INFO  c.e.c.handler.UserHandler - Enter : UserHandler:getUsers
2025-11-25 15:26:43 INFO  c.e.c.s.serviceImpl.UserService - Enter : UserService:getUserById
2025-11-25 15:26:43 INFO  c.e.c.s.serviceImpl.UserService - id:2
2025-11-25 15:26:43 INFO  c.e.c.s.serviceImpl.UserService - Exit : UserService:getUserById
2025-11-25 15:26:43 INFO  c.e.c.handler.UploadedHistoryHandler - Enter : findLeadUploadHistoryByEmail
2025-11-25 15:26:43 INFO  c.e.c.s.s.UploadHistoryService - Enter: ErrorRecordHandler.findByUser
2025-11-25 15:26:43 INFO  c.e.c.handler.UserHandler - Request for getting users is in user Handler for master admin
2025-11-25 15:26:43 INFO  c.e.c.s.serviceImpl.UserService - Enter : UserService:getAllUserByMasterAdmin
2025-11-25 15:26:43 INFO  c.e.c.s.serviceImpl.UserService - users:[User(id=3, firstName=Akshay, lastName=jadhav, email=akshay2002@gmail.com, mobileNumber=8308575626, password=Akshay@123, address=, city=, state=, country=, pinCode=, role=USER, registeredBy=2, registeredOn=2025-11-10T18:23:51.032489), User(id=4, firstName=rohan, lastName=rote, email=rohan@yahoo.com, mobileNumber=8123456780, password=Admin@123, address=, city=, state=, country=, pinCode=, role=ADMIN, registeredBy=2, registeredOn=2025-11-20T19:47:50.780109)]
2025-11-25 15:26:43 INFO  c.e.c.s.serviceImpl.UserService - admins:[User(id=4, firstName=rohan, lastName=rote, email=rohan@yahoo.com, mobileNumber=8123456780, password=Admin@123, address=, city=, state=, country=, pinCode=, role=ADMIN, registeredBy=2, registeredOn=2025-11-20T19:47:50.780109)]
2025-11-25 15:26:43 INFO  c.e.c.s.serviceImpl.UserService - Enter : UserService:getAllUsersByAdmin
2025-11-25 15:26:43 INFO  c.e.c.s.serviceImpl.UserService - id:4
2025-11-25 15:26:43 INFO  c.e.c.s.serviceImpl.UserService - Exit : UserService:getAllUsersByAdmin
2025-11-25 15:26:43 INFO  c.e.c.handler.UploadedHistoryHandler - Exit : findLeadUploadHistoryByEmail
2025-11-25 15:26:43 INFO  c.e.c.s.serviceImpl.UserService - users2:[]
2025-11-25 15:26:43 INFO  c.e.c.s.serviceImpl.UserService - Exit : UserService:getAllUserByMasterAdmin
2025-11-25 15:26:43 INFO  c.e.c.handler.UserHandler - Exit : UserHandler:getUsers
2025-11-25 15:26:43 INFO  c.e.c.interceptor.RequestInterceptor - Enter: RequestInterceptor.preHandle
2025-11-25 15:26:43 INFO  c.e.c.interceptor.RequestInterceptor - Request URI: /crm/history/lead/akshay@gmail.com
2025-11-25 15:26:43 INFO  c.e.c.interceptor.RequestInterceptor - Enter: RequestInterceptor.preHandle
2025-11-25 15:26:43 INFO  c.e.c.interceptor.RequestInterceptor - Request URI: /crm/user/users
2025-11-25 15:26:43 INFO  c.e.c.interceptor.RequestInterceptor - Token: Bearer eyJhbGciOiJIUzI1NiJ9.eyJzdWIiOiIyIiwiZW1haWwiOiJha3NoYXlAZ21haWwuY29tIiwicm9sZSI6Ik1BU1RFUl9BRE1JTiIsImlhdCI6MTc2NDA2NDQ4MiwiZXhwIjoxNzY0MDY4MDgyfQ.FLTNmapnsAWAhbEeBxY-yV97fwE5bOHe1GIxZ0uNhZM
2025-11-25 15:26:43 INFO  c.e.crm_system_backend.utils.JwtUtil - Enter: JwtUtil:getEmail
2025-11-25 15:26:43 INFO  c.e.crm_system_backend.utils.JwtUtil - Exit: JwtUtil:getEmail
2025-11-25 15:26:43 INFO  c.e.crm_system_backend.utils.JwtUtil - Enter: JwtUtil:extractAllClaims
2025-11-25 15:26:43 INFO  c.e.crm_system_backend.utils.JwtUtil - Exit: JwtUtil:extractAllClaims
2025-11-25 15:26:43 INFO  c.e.crm_system_backend.utils.JwtUtil - Enter: JwtUtil:getSigningKey
2025-11-25 15:26:43 INFO  c.e.crm_system_backend.utils.JwtUtil - Exit: JwtUtil:getSigningKey
2025-11-25 15:26:43 INFO  c.e.crm_system_backend.utils.JwtUtil - Enter: JwtUtil:validateToken
2025-11-25 15:26:43 INFO  c.e.crm_system_backend.utils.JwtUtil - Enter: JwtUtil:getSigningKey
2025-11-25 15:26:43 INFO  c.e.crm_system_backend.utils.JwtUtil - Exit: JwtUtil:getSigningKey
2025-11-25 15:26:43 INFO  c.e.crm_system_backend.utils.JwtUtil - Enter: JwtUtil:validateToken
2025-11-25 15:26:43 INFO  c.e.crm_system_backend.utils.JwtUtil - Enter: JwtUtil:getSigningKey
2025-11-25 15:26:43 INFO  c.e.crm_system_backend.utils.JwtUtil - Exit: JwtUtil:getSigningKey
2025-11-25 15:26:43 INFO  c.e.c.interceptor.RequestInterceptor - Enter: RequestInterceptor.preHandle
2025-11-25 15:26:43 INFO  c.e.c.interceptor.RequestInterceptor - Request URI: /crm/history/lead/akshay@gmail.com
2025-11-25 15:26:43 INFO  c.e.c.interceptor.RequestInterceptor - Token: Bearer eyJhbGciOiJIUzI1NiJ9.eyJzdWIiOiIyIiwiZW1haWwiOiJha3NoYXlAZ21haWwuY29tIiwicm9sZSI6Ik1BU1RFUl9BRE1JTiIsImlhdCI6MTc2NDA2NDQ4MiwiZXhwIjoxNzY0MDY4MDgyfQ.FLTNmapnsAWAhbEeBxY-yV97fwE5bOHe1GIxZ0uNhZM
2025-11-25 15:26:43 INFO  c.e.crm_system_backend.utils.JwtUtil - Enter: JwtUtil:getEmail
2025-11-25 15:26:43 INFO  c.e.crm_system_backend.utils.JwtUtil - Exit: JwtUtil:getEmail
2025-11-25 15:26:43 INFO  c.e.crm_system_backend.utils.JwtUtil - Enter: JwtUtil:isTokenExpired
2025-11-25 15:26:43 INFO  c.e.crm_system_backend.utils.JwtUtil - Enter: JwtUtil:extractAllClaims
2025-11-25 15:26:43 INFO  c.e.crm_system_backend.utils.JwtUtil - Enter: JwtUtil:extractAllClaims
2025-11-25 15:26:43 INFO  c.e.crm_system_backend.utils.JwtUtil - Exit: JwtUtil:extractAllClaims
2025-11-25 15:26:43 INFO  c.e.crm_system_backend.utils.JwtUtil - Exit: JwtUtil:extractAllClaims
2025-11-25 15:26:43 INFO  c.e.crm_system_backend.utils.JwtUtil - Enter: JwtUtil:getSigningKey
2025-11-25 15:26:43 INFO  c.e.crm_system_backend.utils.JwtUtil - Enter: JwtUtil:getSigningKey
2025-11-25 15:26:43 INFO  c.e.crm_system_backend.utils.JwtUtil - Exit: JwtUtil:getSigningKey
2025-11-25 15:26:43 INFO  c.e.crm_system_backend.utils.JwtUtil - Exit: JwtUtil:getSigningKey
2025-11-25 15:26:43 INFO  c.e.crm_system_backend.utils.JwtUtil - Enter: JwtUtil:validateToken
2025-11-25 15:26:43 INFO  c.e.c.s.s.UserSessionService - Enter : UserSessionService:findSessionByToken
2025-11-25 15:26:43 INFO  c.e.crm_system_backend.utils.JwtUtil - Enter: JwtUtil:getSigningKey
2025-11-25 15:26:43 INFO  c.e.crm_system_backend.utils.JwtUtil - Exit: JwtUtil:getSigningKey
2025-11-25 15:26:43 INFO  c.e.c.s.s.UserSessionService - token:eyJhbGciOiJIUzI1NiJ9.eyJzdWIiOiIyIiwiZW1haWwiOiJha3NoYXlAZ21haWwuY29tIiwicm9sZSI6Ik1BU1RFUl9BRE1JTiIsImlhdCI6MTc2NDA2NDQ4MiwiZXhwIjoxNzY0MDY4MDgyfQ.FLTNmapnsAWAhbEeBxY-yV97fwE5bOHe1GIxZ0uNhZM
2025-11-25 15:26:43 INFO  c.e.c.s.s.UserSessionService - email:akshay@gmail.com
2025-11-25 15:26:43 INFO  c.e.c.s.s.UserSessionService - Exit : UserSessionService:findSessionByToken
2025-11-25 15:26:43 INFO  c.e.crm_system_backend.utils.JwtUtil - Enter: JwtUtil:validateToken
2025-11-25 15:26:43 INFO  c.e.crm_system_backend.utils.JwtUtil - Enter: JwtUtil:getSigningKey
2025-11-25 15:26:43 INFO  c.e.crm_system_backend.utils.JwtUtil - Exit: JwtUtil:getSigningKey
2025-11-25 15:26:43 INFO  c.e.crm_system_backend.utils.JwtUtil - Enter: JwtUtil:isTokenExpired
2025-11-25 15:26:43 INFO  c.e.crm_system_backend.utils.JwtUtil - Enter: JwtUtil:extractAllClaims
2025-11-25 15:26:43 INFO  c.e.crm_system_backend.utils.JwtUtil - Exit: JwtUtil:extractAllClaims
2025-11-25 15:26:43 INFO  c.e.crm_system_backend.utils.JwtUtil - Enter: JwtUtil:getSigningKey
2025-11-25 15:26:43 INFO  c.e.crm_system_backend.utils.JwtUtil - Exit: JwtUtil:getSigningKey
2025-11-25 15:26:43 INFO  c.e.crm_system_backend.utils.JwtUtil - Enter: JwtUtil:getRole
2025-11-25 15:26:43 INFO  c.e.crm_system_backend.utils.JwtUtil - Exit: JwtUtil:getRole
2025-11-25 15:26:43 INFO  c.e.crm_system_backend.utils.JwtUtil - Enter: JwtUtil:extractAllClaims
2025-11-25 15:26:43 INFO  c.e.crm_system_backend.utils.JwtUtil - Exit: JwtUtil:extractAllClaims
2025-11-25 15:26:43 INFO  c.e.crm_system_backend.utils.JwtUtil - Enter: JwtUtil:getSigningKey
2025-11-25 15:26:43 INFO  c.e.crm_system_backend.utils.JwtUtil - Exit: JwtUtil:getSigningKey
2025-11-25 15:26:43 INFO  c.e.c.s.s.UserSessionService - Enter : UserSessionService:findSessionByToken
2025-11-25 15:26:43 INFO  c.e.c.s.s.UserSessionService - token:eyJhbGciOiJIUzI1NiJ9.eyJzdWIiOiIyIiwiZW1haWwiOiJha3NoYXlAZ21haWwuY29tIiwicm9sZSI6Ik1BU1RFUl9BRE1JTiIsImlhdCI6MTc2NDA2NDQ4MiwiZXhwIjoxNzY0MDY4MDgyfQ.FLTNmapnsAWAhbEeBxY-yV97fwE5bOHe1GIxZ0uNhZM
2025-11-25 15:26:43 INFO  c.e.c.s.s.UserSessionService - email:akshay@gmail.com
2025-11-25 15:26:43 INFO  c.e.c.s.s.UserSessionService - Exit : UserSessionService:findSessionByToken
2025-11-25 15:26:43 INFO  c.e.crm_system_backend.utils.JwtUtil - Enter: JwtUtil:getId
2025-11-25 15:26:43 INFO  c.e.crm_system_backend.utils.JwtUtil - Exit: JwtUtil:getId
2025-11-25 15:26:43 INFO  c.e.crm_system_backend.utils.JwtUtil - Enter: JwtUtil:extractAllClaims
2025-11-25 15:26:43 INFO  c.e.crm_system_backend.utils.JwtUtil - Exit: JwtUtil:extractAllClaims
2025-11-25 15:26:43 INFO  c.e.crm_system_backend.utils.JwtUtil - Enter: JwtUtil:getSigningKey
2025-11-25 15:26:43 INFO  c.e.crm_system_backend.utils.JwtUtil - Exit: JwtUtil:getSigningKey
2025-11-25 15:26:43 INFO  c.e.c.interceptor.RoleInterceptor - Enter: RoleInterceptor.preHandle
2025-11-25 15:26:43 INFO  c.e.c.controller.UserController - userId:2
2025-11-25 15:26:43 INFO  c.e.c.handler.UserHandler - Enter : UserHandler:getUsers
2025-11-25 15:26:43 INFO  c.e.c.s.serviceImpl.UserService - Enter : UserService:getUserById
2025-11-25 15:26:43 INFO  c.e.c.s.serviceImpl.UserService - id:2
2025-11-25 15:26:43 INFO  c.e.c.s.serviceImpl.UserService - Exit : UserService:getUserById
2025-11-25 15:26:43 INFO  c.e.crm_system_backend.utils.JwtUtil - Enter: JwtUtil:getRole
2025-11-25 15:26:43 INFO  c.e.crm_system_backend.utils.JwtUtil - Exit: JwtUtil:getRole
2025-11-25 15:26:43 INFO  c.e.crm_system_backend.utils.JwtUtil - Enter: JwtUtil:extractAllClaims
2025-11-25 15:26:43 INFO  c.e.crm_system_backend.utils.JwtUtil - Exit: JwtUtil:extractAllClaims
2025-11-25 15:26:43 INFO  c.e.crm_system_backend.utils.JwtUtil - Enter: JwtUtil:getSigningKey
2025-11-25 15:26:43 INFO  c.e.crm_system_backend.utils.JwtUtil - Exit: JwtUtil:getSigningKey
2025-11-25 15:26:43 INFO  c.e.crm_system_backend.utils.JwtUtil - Enter: JwtUtil:getId
2025-11-25 15:26:43 INFO  c.e.crm_system_backend.utils.JwtUtil - Exit: JwtUtil:getId
2025-11-25 15:26:43 INFO  c.e.crm_system_backend.utils.JwtUtil - Enter: JwtUtil:extractAllClaims
2025-11-25 15:26:43 INFO  c.e.crm_system_backend.utils.JwtUtil - Exit: JwtUtil:extractAllClaims
2025-11-25 15:26:43 INFO  c.e.crm_system_backend.utils.JwtUtil - Enter: JwtUtil:getSigningKey
2025-11-25 15:26:43 INFO  c.e.crm_system_backend.utils.JwtUtil - Exit: JwtUtil:getSigningKey
2025-11-25 15:26:43 INFO  c.e.c.handler.UploadedHistoryHandler - Enter : findLeadUploadHistoryByEmail
2025-11-25 15:26:43 INFO  c.e.c.s.s.UploadHistoryService - Enter: ErrorRecordHandler.findByUser
2025-11-25 15:26:43 INFO  c.e.c.handler.UserHandler - Request for getting users is in user Handler for master admin
2025-11-25 15:26:43 INFO  c.e.c.s.serviceImpl.UserService - Enter : UserService:getAllUserByMasterAdmin
2025-11-25 15:26:43 INFO  c.e.c.s.serviceImpl.UserService - users:[User(id=3, firstName=Akshay, lastName=jadhav, email=akshay2002@gmail.com, mobileNumber=8308575626, password=Akshay@123, address=, city=, state=, country=, pinCode=, role=USER, registeredBy=2, registeredOn=2025-11-10T18:23:51.032489), User(id=4, firstName=rohan, lastName=rote, email=rohan@yahoo.com, mobileNumber=8123456780, password=Admin@123, address=, city=, state=, country=, pinCode=, role=ADMIN, registeredBy=2, registeredOn=2025-11-20T19:47:50.780109)]
2025-11-25 15:26:43 INFO  c.e.c.s.serviceImpl.UserService - admins:[User(id=4, firstName=rohan, lastName=rote, email=rohan@yahoo.com, mobileNumber=8123456780, password=Admin@123, address=, city=, state=, country=, pinCode=, role=ADMIN, registeredBy=2, registeredOn=2025-11-20T19:47:50.780109)]
2025-11-25 15:26:43 INFO  c.e.c.s.serviceImpl.UserService - Enter : UserService:getAllUsersByAdmin
2025-11-25 15:26:43 INFO  c.e.c.s.serviceImpl.UserService - id:4
2025-11-25 15:26:43 INFO  c.e.c.s.serviceImpl.UserService - Exit : UserService:getAllUsersByAdmin
2025-11-25 15:26:43 INFO  c.e.c.handler.UploadedHistoryHandler - Exit : findLeadUploadHistoryByEmail
2025-11-25 15:26:43 INFO  c.e.c.s.serviceImpl.UserService - users2:[]
2025-11-25 15:26:43 INFO  c.e.c.s.serviceImpl.UserService - Exit : UserService:getAllUserByMasterAdmin
2025-11-25 15:26:43 INFO  c.e.c.handler.UserHandler - Exit : UserHandler:getUsers
2025-11-25 15:26:50 INFO  c.e.c.interceptor.RequestInterceptor - Enter: RequestInterceptor.preHandle
2025-11-25 15:26:50 INFO  c.e.c.interceptor.RequestInterceptor - Request URI: /crm/error/records/ed6daa66-e935-4bd2-8715-9615726f5b5e
2025-11-25 15:26:50 INFO  c.e.c.interceptor.RequestInterceptor - Enter: RequestInterceptor.preHandle
2025-11-25 15:26:50 INFO  c.e.c.interceptor.RequestInterceptor - Request URI: /crm/error/records/ed6daa66-e935-4bd2-8715-9615726f5b5e
2025-11-25 15:26:50 INFO  c.e.c.interceptor.RequestInterceptor - Token: Bearer eyJhbGciOiJIUzI1NiJ9.eyJzdWIiOiIyIiwiZW1haWwiOiJha3NoYXlAZ21haWwuY29tIiwicm9sZSI6Ik1BU1RFUl9BRE1JTiIsImlhdCI6MTc2NDA2NDQ4MiwiZXhwIjoxNzY0MDY4MDgyfQ.FLTNmapnsAWAhbEeBxY-yV97fwE5bOHe1GIxZ0uNhZM
2025-11-25 15:26:50 INFO  c.e.crm_system_backend.utils.JwtUtil - Enter: JwtUtil:getEmail
2025-11-25 15:26:50 INFO  c.e.crm_system_backend.utils.JwtUtil - Exit: JwtUtil:getEmail
2025-11-25 15:26:50 INFO  c.e.crm_system_backend.utils.JwtUtil - Enter: JwtUtil:extractAllClaims
2025-11-25 15:26:50 INFO  c.e.crm_system_backend.utils.JwtUtil - Exit: JwtUtil:extractAllClaims
2025-11-25 15:26:50 INFO  c.e.crm_system_backend.utils.JwtUtil - Enter: JwtUtil:getSigningKey
2025-11-25 15:26:50 INFO  c.e.crm_system_backend.utils.JwtUtil - Exit: JwtUtil:getSigningKey
2025-11-25 15:26:50 INFO  c.e.crm_system_backend.utils.JwtUtil - Enter: JwtUtil:validateToken
2025-11-25 15:26:50 INFO  c.e.crm_system_backend.utils.JwtUtil - Enter: JwtUtil:getSigningKey
2025-11-25 15:26:50 INFO  c.e.crm_system_backend.utils.JwtUtil - Exit: JwtUtil:getSigningKey
2025-11-25 15:26:50 INFO  c.e.crm_system_backend.utils.JwtUtil - Enter: JwtUtil:validateToken
2025-11-25 15:26:50 INFO  c.e.crm_system_backend.utils.JwtUtil - Enter: JwtUtil:getSigningKey
2025-11-25 15:26:50 INFO  c.e.crm_system_backend.utils.JwtUtil - Exit: JwtUtil:getSigningKey
2025-11-25 15:26:50 INFO  c.e.crm_system_backend.utils.JwtUtil - Enter: JwtUtil:isTokenExpired
2025-11-25 15:26:50 INFO  c.e.crm_system_backend.utils.JwtUtil - Enter: JwtUtil:extractAllClaims
2025-11-25 15:26:50 INFO  c.e.crm_system_backend.utils.JwtUtil - Exit: JwtUtil:extractAllClaims
2025-11-25 15:26:50 INFO  c.e.crm_system_backend.utils.JwtUtil - Enter: JwtUtil:getSigningKey
2025-11-25 15:26:50 INFO  c.e.crm_system_backend.utils.JwtUtil - Exit: JwtUtil:getSigningKey
2025-11-25 15:26:50 INFO  c.e.c.s.s.UserSessionService - Enter : UserSessionService:findSessionByToken
2025-11-25 15:26:50 INFO  c.e.c.s.s.UserSessionService - token:eyJhbGciOiJIUzI1NiJ9.eyJzdWIiOiIyIiwiZW1haWwiOiJha3NoYXlAZ21haWwuY29tIiwicm9sZSI6Ik1BU1RFUl9BRE1JTiIsImlhdCI6MTc2NDA2NDQ4MiwiZXhwIjoxNzY0MDY4MDgyfQ.FLTNmapnsAWAhbEeBxY-yV97fwE5bOHe1GIxZ0uNhZM
2025-11-25 15:26:50 INFO  c.e.c.s.s.UserSessionService - email:akshay@gmail.com
2025-11-25 15:26:50 INFO  c.e.c.s.s.UserSessionService - Exit : UserSessionService:findSessionByToken
2025-11-25 15:26:50 INFO  c.e.crm_system_backend.utils.JwtUtil - Enter: JwtUtil:getRole
2025-11-25 15:26:50 INFO  c.e.crm_system_backend.utils.JwtUtil - Exit: JwtUtil:getRole
2025-11-25 15:26:50 INFO  c.e.crm_system_backend.utils.JwtUtil - Enter: JwtUtil:extractAllClaims
2025-11-25 15:26:50 INFO  c.e.crm_system_backend.utils.JwtUtil - Exit: JwtUtil:extractAllClaims
2025-11-25 15:26:50 INFO  c.e.crm_system_backend.utils.JwtUtil - Enter: JwtUtil:getSigningKey
2025-11-25 15:26:50 INFO  c.e.crm_system_backend.utils.JwtUtil - Exit: JwtUtil:getSigningKey
2025-11-25 15:26:50 INFO  c.e.crm_system_backend.utils.JwtUtil - Enter: JwtUtil:getId
2025-11-25 15:26:50 INFO  c.e.crm_system_backend.utils.JwtUtil - Exit: JwtUtil:getId
2025-11-25 15:26:50 INFO  c.e.crm_system_backend.utils.JwtUtil - Enter: JwtUtil:extractAllClaims
2025-11-25 15:26:50 INFO  c.e.crm_system_backend.utils.JwtUtil - Exit: JwtUtil:extractAllClaims
2025-11-25 15:26:50 INFO  c.e.crm_system_backend.utils.JwtUtil - Enter: JwtUtil:getSigningKey
2025-11-25 15:26:50 INFO  c.e.crm_system_backend.utils.JwtUtil - Exit: JwtUtil:getSigningKey
2025-11-25 15:26:50 INFO  c.e.c.c.ErrorRecordController - Enter: ErrorRecordController.findErrorRecordByUploadHistoryId
2025-11-25 15:26:50 INFO  c.e.c.handler.ErrorRecordHandler - Enter:ErrorRecordHandler.findErrorRecordByUploadHistoryId
2025-11-25 15:26:50 INFO  c.e.c.s.s.UploadHistoryService - Enter: ErrorRecordHandler.findById
2025-11-25 15:26:50 INFO  c.e.c.s.s.UploadHistoryService - Exit: ErrorRecordHandler.findById
2025-11-25 15:26:50 INFO  c.e.c.handler.ErrorRecordHandler - Exit: ErrorRecordHandler.findErrorRecordByUploadHistoryId
2025-11-25 15:26:50 INFO  c.e.c.c.ErrorRecordController - Exit: ErrorRecordController.findErrorRecordByUploadHistoryId
2025-11-25 15:26:55 INFO  c.e.c.interceptor.RequestInterceptor - Enter: RequestInterceptor.preHandle
2025-11-25 15:26:55 INFO  c.e.c.interceptor.RequestInterceptor - Request URI: /crm/error/4/ed6daa66-e935-4bd2-8715-9615726f5b5e
2025-11-25 15:26:55 INFO  c.e.c.interceptor.RequestInterceptor - Enter: RequestInterceptor.preHandle
2025-11-25 15:26:55 INFO  c.e.c.interceptor.RequestInterceptor - Request URI: /crm/error/4/ed6daa66-e935-4bd2-8715-9615726f5b5e
2025-11-25 15:26:55 INFO  c.e.c.interceptor.RequestInterceptor - Token: Bearer eyJhbGciOiJIUzI1NiJ9.eyJzdWIiOiIyIiwiZW1haWwiOiJha3NoYXlAZ21haWwuY29tIiwicm9sZSI6Ik1BU1RFUl9BRE1JTiIsImlhdCI6MTc2NDA2NDQ4MiwiZXhwIjoxNzY0MDY4MDgyfQ.FLTNmapnsAWAhbEeBxY-yV97fwE5bOHe1GIxZ0uNhZM
2025-11-25 15:26:55 INFO  c.e.crm_system_backend.utils.JwtUtil - Enter: JwtUtil:getEmail
2025-11-25 15:26:55 INFO  c.e.crm_system_backend.utils.JwtUtil - Exit: JwtUtil:getEmail
2025-11-25 15:26:55 INFO  c.e.crm_system_backend.utils.JwtUtil - Enter: JwtUtil:extractAllClaims
2025-11-25 15:26:55 INFO  c.e.crm_system_backend.utils.JwtUtil - Exit: JwtUtil:extractAllClaims
2025-11-25 15:26:55 INFO  c.e.crm_system_backend.utils.JwtUtil - Enter: JwtUtil:getSigningKey
2025-11-25 15:26:55 INFO  c.e.crm_system_backend.utils.JwtUtil - Exit: JwtUtil:getSigningKey
2025-11-25 15:26:55 INFO  c.e.crm_system_backend.utils.JwtUtil - Enter: JwtUtil:validateToken
2025-11-25 15:26:55 INFO  c.e.crm_system_backend.utils.JwtUtil - Enter: JwtUtil:getSigningKey
2025-11-25 15:26:55 INFO  c.e.crm_system_backend.utils.JwtUtil - Exit: JwtUtil:getSigningKey
2025-11-25 15:26:55 INFO  c.e.crm_system_backend.utils.JwtUtil - Enter: JwtUtil:validateToken
2025-11-25 15:26:55 INFO  c.e.crm_system_backend.utils.JwtUtil - Enter: JwtUtil:getSigningKey
2025-11-25 15:26:55 INFO  c.e.crm_system_backend.utils.JwtUtil - Exit: JwtUtil:getSigningKey
2025-11-25 15:26:55 INFO  c.e.crm_system_backend.utils.JwtUtil - Enter: JwtUtil:isTokenExpired
2025-11-25 15:26:55 INFO  c.e.crm_system_backend.utils.JwtUtil - Enter: JwtUtil:extractAllClaims
2025-11-25 15:26:55 INFO  c.e.crm_system_backend.utils.JwtUtil - Exit: JwtUtil:extractAllClaims
2025-11-25 15:26:55 INFO  c.e.crm_system_backend.utils.JwtUtil - Enter: JwtUtil:getSigningKey
2025-11-25 15:26:55 INFO  c.e.crm_system_backend.utils.JwtUtil - Exit: JwtUtil:getSigningKey
2025-11-25 15:26:55 INFO  c.e.c.s.s.UserSessionService - Enter : UserSessionService:findSessionByToken
2025-11-25 15:26:55 INFO  c.e.c.s.s.UserSessionService - token:eyJhbGciOiJIUzI1NiJ9.eyJzdWIiOiIyIiwiZW1haWwiOiJha3NoYXlAZ21haWwuY29tIiwicm9sZSI6Ik1BU1RFUl9BRE1JTiIsImlhdCI6MTc2NDA2NDQ4MiwiZXhwIjoxNzY0MDY4MDgyfQ.FLTNmapnsAWAhbEeBxY-yV97fwE5bOHe1GIxZ0uNhZM
2025-11-25 15:26:55 INFO  c.e.c.s.s.UserSessionService - email:akshay@gmail.com
2025-11-25 15:26:55 INFO  c.e.c.s.s.UserSessionService - Exit : UserSessionService:findSessionByToken
2025-11-25 15:26:55 INFO  c.e.crm_system_backend.utils.JwtUtil - Enter: JwtUtil:getRole
2025-11-25 15:26:55 INFO  c.e.crm_system_backend.utils.JwtUtil - Exit: JwtUtil:getRole
2025-11-25 15:26:55 INFO  c.e.crm_system_backend.utils.JwtUtil - Enter: JwtUtil:extractAllClaims
2025-11-25 15:26:55 INFO  c.e.crm_system_backend.utils.JwtUtil - Exit: JwtUtil:extractAllClaims
2025-11-25 15:26:55 INFO  c.e.crm_system_backend.utils.JwtUtil - Enter: JwtUtil:getSigningKey
2025-11-25 15:26:55 INFO  c.e.crm_system_backend.utils.JwtUtil - Exit: JwtUtil:getSigningKey
2025-11-25 15:26:55 INFO  c.e.crm_system_backend.utils.JwtUtil - Enter: JwtUtil:getId
2025-11-25 15:26:55 INFO  c.e.crm_system_backend.utils.JwtUtil - Exit: JwtUtil:getId
2025-11-25 15:26:55 INFO  c.e.crm_system_backend.utils.JwtUtil - Enter: JwtUtil:extractAllClaims
2025-11-25 15:26:55 INFO  c.e.crm_system_backend.utils.JwtUtil - Exit: JwtUtil:extractAllClaims
2025-11-25 15:26:55 INFO  c.e.crm_system_backend.utils.JwtUtil - Enter: JwtUtil:getSigningKey
2025-11-25 15:26:55 INFO  c.e.crm_system_backend.utils.JwtUtil - Exit: JwtUtil:getSigningKey
2025-11-25 15:26:55 INFO  c.e.c.c.ErrorRecordController - Enter: ErrorRecordController.deleteErrorRecordByEmail
2025-11-25 15:26:55 INFO  c.e.c.handler.ErrorRecordHandler - Enter: ErrorRecordHandler.deleteErrorRecordByEmail
2025-11-25 15:26:55 INFO  c.e.c.s.s.UploadHistoryService - Enter: ErrorRecordHandler.findById
2025-11-25 15:26:55 INFO  c.e.c.s.s.UploadHistoryService - Exit: ErrorRecordHandler.findById
2025-11-25 15:26:55 INFO  c.e.c.s.s.UploadHistoryService - Enter: ErrorRecordHandler.save
2025-11-25 15:26:55 INFO  c.e.c.handler.ErrorRecordHandler - Exit : ErrorRecordHandler.deleteErrorRecordByEmail
2025-11-25 15:26:55 INFO  c.e.c.c.ErrorRecordController - Exit: ErrorRecordController.deleteErrorRecordByEmail
2025-11-25 15:26:55 INFO  c.e.c.interceptor.RequestInterceptor - Enter: RequestInterceptor.preHandle
2025-11-25 15:26:55 INFO  c.e.c.interceptor.RequestInterceptor - Request URI: /crm/error/records/ed6daa66-e935-4bd2-8715-9615726f5b5e
2025-11-25 15:26:55 INFO  c.e.c.interceptor.RequestInterceptor - Enter: RequestInterceptor.preHandle
2025-11-25 15:26:55 INFO  c.e.c.interceptor.RequestInterceptor - Request URI: /crm/error/records/ed6daa66-e935-4bd2-8715-9615726f5b5e
2025-11-25 15:26:55 INFO  c.e.c.interceptor.RequestInterceptor - Token: Bearer eyJhbGciOiJIUzI1NiJ9.eyJzdWIiOiIyIiwiZW1haWwiOiJha3NoYXlAZ21haWwuY29tIiwicm9sZSI6Ik1BU1RFUl9BRE1JTiIsImlhdCI6MTc2NDA2NDQ4MiwiZXhwIjoxNzY0MDY4MDgyfQ.FLTNmapnsAWAhbEeBxY-yV97fwE5bOHe1GIxZ0uNhZM
2025-11-25 15:26:55 INFO  c.e.crm_system_backend.utils.JwtUtil - Enter: JwtUtil:getEmail
2025-11-25 15:26:55 INFO  c.e.crm_system_backend.utils.JwtUtil - Exit: JwtUtil:getEmail
2025-11-25 15:26:55 INFO  c.e.crm_system_backend.utils.JwtUtil - Enter: JwtUtil:extractAllClaims
2025-11-25 15:26:55 INFO  c.e.crm_system_backend.utils.JwtUtil - Exit: JwtUtil:extractAllClaims
2025-11-25 15:26:55 INFO  c.e.crm_system_backend.utils.JwtUtil - Enter: JwtUtil:getSigningKey
2025-11-25 15:26:55 INFO  c.e.crm_system_backend.utils.JwtUtil - Exit: JwtUtil:getSigningKey
2025-11-25 15:26:55 INFO  c.e.crm_system_backend.utils.JwtUtil - Enter: JwtUtil:validateToken
2025-11-25 15:26:55 INFO  c.e.crm_system_backend.utils.JwtUtil - Enter: JwtUtil:getSigningKey
2025-11-25 15:26:55 INFO  c.e.crm_system_backend.utils.JwtUtil - Exit: JwtUtil:getSigningKey
2025-11-25 15:26:55 INFO  c.e.crm_system_backend.utils.JwtUtil - Enter: JwtUtil:validateToken
2025-11-25 15:26:55 INFO  c.e.crm_system_backend.utils.JwtUtil - Enter: JwtUtil:getSigningKey
2025-11-25 15:26:55 INFO  c.e.crm_system_backend.utils.JwtUtil - Exit: JwtUtil:getSigningKey
2025-11-25 15:26:55 INFO  c.e.crm_system_backend.utils.JwtUtil - Enter: JwtUtil:isTokenExpired
2025-11-25 15:26:55 INFO  c.e.crm_system_backend.utils.JwtUtil - Enter: JwtUtil:extractAllClaims
2025-11-25 15:26:55 INFO  c.e.crm_system_backend.utils.JwtUtil - Exit: JwtUtil:extractAllClaims
2025-11-25 15:26:55 INFO  c.e.crm_system_backend.utils.JwtUtil - Enter: JwtUtil:getSigningKey
2025-11-25 15:26:55 INFO  c.e.crm_system_backend.utils.JwtUtil - Exit: JwtUtil:getSigningKey
2025-11-25 15:26:55 INFO  c.e.c.s.s.UserSessionService - Enter : UserSessionService:findSessionByToken
2025-11-25 15:26:55 INFO  c.e.c.s.s.UserSessionService - token:eyJhbGciOiJIUzI1NiJ9.eyJzdWIiOiIyIiwiZW1haWwiOiJha3NoYXlAZ21haWwuY29tIiwicm9sZSI6Ik1BU1RFUl9BRE1JTiIsImlhdCI6MTc2NDA2NDQ4MiwiZXhwIjoxNzY0MDY4MDgyfQ.FLTNmapnsAWAhbEeBxY-yV97fwE5bOHe1GIxZ0uNhZM
2025-11-25 15:26:55 INFO  c.e.c.s.s.UserSessionService - email:akshay@gmail.com
2025-11-25 15:26:55 INFO  c.e.c.s.s.UserSessionService - Exit : UserSessionService:findSessionByToken
2025-11-25 15:26:55 INFO  c.e.crm_system_backend.utils.JwtUtil - Enter: JwtUtil:getRole
2025-11-25 15:26:55 INFO  c.e.crm_system_backend.utils.JwtUtil - Exit: JwtUtil:getRole
2025-11-25 15:26:55 INFO  c.e.crm_system_backend.utils.JwtUtil - Enter: JwtUtil:extractAllClaims
2025-11-25 15:26:55 INFO  c.e.crm_system_backend.utils.JwtUtil - Exit: JwtUtil:extractAllClaims
2025-11-25 15:26:55 INFO  c.e.crm_system_backend.utils.JwtUtil - Enter: JwtUtil:getSigningKey
2025-11-25 15:26:55 INFO  c.e.crm_system_backend.utils.JwtUtil - Exit: JwtUtil:getSigningKey
2025-11-25 15:26:55 INFO  c.e.crm_system_backend.utils.JwtUtil - Enter: JwtUtil:getId
2025-11-25 15:26:55 INFO  c.e.crm_system_backend.utils.JwtUtil - Exit: JwtUtil:getId
2025-11-25 15:26:55 INFO  c.e.crm_system_backend.utils.JwtUtil - Enter: JwtUtil:extractAllClaims
2025-11-25 15:26:55 INFO  c.e.crm_system_backend.utils.JwtUtil - Exit: JwtUtil:extractAllClaims
2025-11-25 15:26:55 INFO  c.e.crm_system_backend.utils.JwtUtil - Enter: JwtUtil:getSigningKey
2025-11-25 15:26:55 INFO  c.e.crm_system_backend.utils.JwtUtil - Exit: JwtUtil:getSigningKey
2025-11-25 15:26:55 INFO  c.e.c.c.ErrorRecordController - Enter: ErrorRecordController.findErrorRecordByUploadHistoryId
2025-11-25 15:26:55 INFO  c.e.c.handler.ErrorRecordHandler - Enter:ErrorRecordHandler.findErrorRecordByUploadHistoryId
2025-11-25 15:26:55 INFO  c.e.c.s.s.UploadHistoryService - Enter: ErrorRecordHandler.findById
2025-11-25 15:26:55 INFO  c.e.c.s.s.UploadHistoryService - Exit: ErrorRecordHandler.findById
2025-11-25 15:26:55 INFO  c.e.c.handler.ErrorRecordHandler - Exit: ErrorRecordHandler.findErrorRecordByUploadHistoryId
2025-11-25 15:26:55 INFO  c.e.c.c.ErrorRecordController - Exit: ErrorRecordController.findErrorRecordByUploadHistoryId
2025-11-25 15:26:59 INFO  c.e.c.interceptor.RequestInterceptor - Enter: RequestInterceptor.preHandle
2025-11-25 15:26:59 INFO  c.e.c.interceptor.RequestInterceptor - Request URI: /crm/error/6/ed6daa66-e935-4bd2-8715-9615726f5b5e
2025-11-25 15:26:59 INFO  c.e.c.interceptor.RequestInterceptor - Enter: RequestInterceptor.preHandle
2025-11-25 15:26:59 INFO  c.e.c.interceptor.RequestInterceptor - Request URI: /crm/error/6/ed6daa66-e935-4bd2-8715-9615726f5b5e
2025-11-25 15:26:59 INFO  c.e.c.interceptor.RequestInterceptor - Token: Bearer eyJhbGciOiJIUzI1NiJ9.eyJzdWIiOiIyIiwiZW1haWwiOiJha3NoYXlAZ21haWwuY29tIiwicm9sZSI6Ik1BU1RFUl9BRE1JTiIsImlhdCI6MTc2NDA2NDQ4MiwiZXhwIjoxNzY0MDY4MDgyfQ.FLTNmapnsAWAhbEeBxY-yV97fwE5bOHe1GIxZ0uNhZM
2025-11-25 15:26:59 INFO  c.e.crm_system_backend.utils.JwtUtil - Enter: JwtUtil:getEmail
2025-11-25 15:26:59 INFO  c.e.crm_system_backend.utils.JwtUtil - Exit: JwtUtil:getEmail
2025-11-25 15:26:59 INFO  c.e.crm_system_backend.utils.JwtUtil - Enter: JwtUtil:extractAllClaims
2025-11-25 15:26:59 INFO  c.e.crm_system_backend.utils.JwtUtil - Exit: JwtUtil:extractAllClaims
2025-11-25 15:26:59 INFO  c.e.crm_system_backend.utils.JwtUtil - Enter: JwtUtil:getSigningKey
2025-11-25 15:26:59 INFO  c.e.crm_system_backend.utils.JwtUtil - Exit: JwtUtil:getSigningKey
2025-11-25 15:26:59 INFO  c.e.crm_system_backend.utils.JwtUtil - Enter: JwtUtil:validateToken
2025-11-25 15:26:59 INFO  c.e.crm_system_backend.utils.JwtUtil - Enter: JwtUtil:getSigningKey
2025-11-25 15:26:59 INFO  c.e.crm_system_backend.utils.JwtUtil - Exit: JwtUtil:getSigningKey
2025-11-25 15:26:59 INFO  c.e.crm_system_backend.utils.JwtUtil - Enter: JwtUtil:validateToken
2025-11-25 15:26:59 INFO  c.e.crm_system_backend.utils.JwtUtil - Enter: JwtUtil:getSigningKey
2025-11-25 15:26:59 INFO  c.e.crm_system_backend.utils.JwtUtil - Exit: JwtUtil:getSigningKey
2025-11-25 15:26:59 INFO  c.e.crm_system_backend.utils.JwtUtil - Enter: JwtUtil:isTokenExpired
2025-11-25 15:26:59 INFO  c.e.crm_system_backend.utils.JwtUtil - Enter: JwtUtil:extractAllClaims
2025-11-25 15:26:59 INFO  c.e.crm_system_backend.utils.JwtUtil - Exit: JwtUtil:extractAllClaims
2025-11-25 15:26:59 INFO  c.e.crm_system_backend.utils.JwtUtil - Enter: JwtUtil:getSigningKey
2025-11-25 15:26:59 INFO  c.e.crm_system_backend.utils.JwtUtil - Exit: JwtUtil:getSigningKey
2025-11-25 15:26:59 INFO  c.e.c.s.s.UserSessionService - Enter : UserSessionService:findSessionByToken
2025-11-25 15:26:59 INFO  c.e.c.s.s.UserSessionService - token:eyJhbGciOiJIUzI1NiJ9.eyJzdWIiOiIyIiwiZW1haWwiOiJha3NoYXlAZ21haWwuY29tIiwicm9sZSI6Ik1BU1RFUl9BRE1JTiIsImlhdCI6MTc2NDA2NDQ4MiwiZXhwIjoxNzY0MDY4MDgyfQ.FLTNmapnsAWAhbEeBxY-yV97fwE5bOHe1GIxZ0uNhZM
2025-11-25 15:26:59 INFO  c.e.c.s.s.UserSessionService - email:akshay@gmail.com
2025-11-25 15:26:59 INFO  c.e.c.s.s.UserSessionService - Exit : UserSessionService:findSessionByToken
2025-11-25 15:26:59 INFO  c.e.crm_system_backend.utils.JwtUtil - Enter: JwtUtil:getRole
2025-11-25 15:26:59 INFO  c.e.crm_system_backend.utils.JwtUtil - Exit: JwtUtil:getRole
2025-11-25 15:26:59 INFO  c.e.crm_system_backend.utils.JwtUtil - Enter: JwtUtil:extractAllClaims
2025-11-25 15:26:59 INFO  c.e.crm_system_backend.utils.JwtUtil - Exit: JwtUtil:extractAllClaims
2025-11-25 15:26:59 INFO  c.e.crm_system_backend.utils.JwtUtil - Enter: JwtUtil:getSigningKey
2025-11-25 15:26:59 INFO  c.e.crm_system_backend.utils.JwtUtil - Exit: JwtUtil:getSigningKey
2025-11-25 15:26:59 INFO  c.e.crm_system_backend.utils.JwtUtil - Enter: JwtUtil:getId
2025-11-25 15:26:59 INFO  c.e.crm_system_backend.utils.JwtUtil - Exit: JwtUtil:getId
2025-11-25 15:26:59 INFO  c.e.crm_system_backend.utils.JwtUtil - Enter: JwtUtil:extractAllClaims
2025-11-25 15:26:59 INFO  c.e.crm_system_backend.utils.JwtUtil - Exit: JwtUtil:extractAllClaims
2025-11-25 15:26:59 INFO  c.e.crm_system_backend.utils.JwtUtil - Enter: JwtUtil:getSigningKey
2025-11-25 15:26:59 INFO  c.e.crm_system_backend.utils.JwtUtil - Exit: JwtUtil:getSigningKey
2025-11-25 15:26:59 INFO  c.e.c.c.ErrorRecordController - Enter: ErrorRecordController.deleteErrorRecordByEmail
2025-11-25 15:26:59 INFO  c.e.c.handler.ErrorRecordHandler - Enter: ErrorRecordHandler.deleteErrorRecordByEmail
2025-11-25 15:26:59 INFO  c.e.c.s.s.UploadHistoryService - Enter: ErrorRecordHandler.findById
2025-11-25 15:26:59 INFO  c.e.c.s.s.UploadHistoryService - Exit: ErrorRecordHandler.findById
2025-11-25 15:26:59 INFO  c.e.c.s.s.UploadHistoryService - Enter: ErrorRecordHandler.save
2025-11-25 15:26:59 INFO  c.e.c.handler.ErrorRecordHandler - Exit : ErrorRecordHandler.deleteErrorRecordByEmail
2025-11-25 15:26:59 INFO  c.e.c.c.ErrorRecordController - Exit: ErrorRecordController.deleteErrorRecordByEmail
2025-11-25 15:26:59 INFO  c.e.c.interceptor.RequestInterceptor - Enter: RequestInterceptor.preHandle
2025-11-25 15:26:59 INFO  c.e.c.interceptor.RequestInterceptor - Request URI: /crm/error/records/ed6daa66-e935-4bd2-8715-9615726f5b5e
2025-11-25 15:26:59 INFO  c.e.c.interceptor.RequestInterceptor - Enter: RequestInterceptor.preHandle
2025-11-25 15:26:59 INFO  c.e.c.interceptor.RequestInterceptor - Request URI: /crm/error/records/ed6daa66-e935-4bd2-8715-9615726f5b5e
2025-11-25 15:26:59 INFO  c.e.c.interceptor.RequestInterceptor - Token: Bearer eyJhbGciOiJIUzI1NiJ9.eyJzdWIiOiIyIiwiZW1haWwiOiJha3NoYXlAZ21haWwuY29tIiwicm9sZSI6Ik1BU1RFUl9BRE1JTiIsImlhdCI6MTc2NDA2NDQ4MiwiZXhwIjoxNzY0MDY4MDgyfQ.FLTNmapnsAWAhbEeBxY-yV97fwE5bOHe1GIxZ0uNhZM
2025-11-25 15:26:59 INFO  c.e.crm_system_backend.utils.JwtUtil - Enter: JwtUtil:getEmail
2025-11-25 15:26:59 INFO  c.e.crm_system_backend.utils.JwtUtil - Exit: JwtUtil:getEmail
2025-11-25 15:26:59 INFO  c.e.crm_system_backend.utils.JwtUtil - Enter: JwtUtil:extractAllClaims
2025-11-25 15:26:59 INFO  c.e.crm_system_backend.utils.JwtUtil - Exit: JwtUtil:extractAllClaims
2025-11-25 15:26:59 INFO  c.e.crm_system_backend.utils.JwtUtil - Enter: JwtUtil:getSigningKey
2025-11-25 15:26:59 INFO  c.e.crm_system_backend.utils.JwtUtil - Exit: JwtUtil:getSigningKey
2025-11-25 15:26:59 INFO  c.e.crm_system_backend.utils.JwtUtil - Enter: JwtUtil:validateToken
2025-11-25 15:26:59 INFO  c.e.crm_system_backend.utils.JwtUtil - Enter: JwtUtil:getSigningKey
2025-11-25 15:26:59 INFO  c.e.crm_system_backend.utils.JwtUtil - Exit: JwtUtil:getSigningKey
2025-11-25 15:26:59 INFO  c.e.crm_system_backend.utils.JwtUtil - Enter: JwtUtil:validateToken
2025-11-25 15:26:59 INFO  c.e.crm_system_backend.utils.JwtUtil - Enter: JwtUtil:getSigningKey
2025-11-25 15:26:59 INFO  c.e.crm_system_backend.utils.JwtUtil - Exit: JwtUtil:getSigningKey
2025-11-25 15:26:59 INFO  c.e.crm_system_backend.utils.JwtUtil - Enter: JwtUtil:isTokenExpired
2025-11-25 15:26:59 INFO  c.e.crm_system_backend.utils.JwtUtil - Enter: JwtUtil:extractAllClaims
2025-11-25 15:26:59 INFO  c.e.crm_system_backend.utils.JwtUtil - Exit: JwtUtil:extractAllClaims
2025-11-25 15:26:59 INFO  c.e.crm_system_backend.utils.JwtUtil - Enter: JwtUtil:getSigningKey
2025-11-25 15:26:59 INFO  c.e.crm_system_backend.utils.JwtUtil - Exit: JwtUtil:getSigningKey
2025-11-25 15:26:59 INFO  c.e.c.s.s.UserSessionService - Enter : UserSessionService:findSessionByToken
2025-11-25 15:26:59 INFO  c.e.c.s.s.UserSessionService - token:eyJhbGciOiJIUzI1NiJ9.eyJzdWIiOiIyIiwiZW1haWwiOiJha3NoYXlAZ21haWwuY29tIiwicm9sZSI6Ik1BU1RFUl9BRE1JTiIsImlhdCI6MTc2NDA2NDQ4MiwiZXhwIjoxNzY0MDY4MDgyfQ.FLTNmapnsAWAhbEeBxY-yV97fwE5bOHe1GIxZ0uNhZM
2025-11-25 15:26:59 INFO  c.e.c.s.s.UserSessionService - email:akshay@gmail.com
2025-11-25 15:26:59 INFO  c.e.c.s.s.UserSessionService - Exit : UserSessionService:findSessionByToken
2025-11-25 15:26:59 INFO  c.e.crm_system_backend.utils.JwtUtil - Enter: JwtUtil:getRole
2025-11-25 15:26:59 INFO  c.e.crm_system_backend.utils.JwtUtil - Exit: JwtUtil:getRole
2025-11-25 15:26:59 INFO  c.e.crm_system_backend.utils.JwtUtil - Enter: JwtUtil:extractAllClaims
2025-11-25 15:26:59 INFO  c.e.crm_system_backend.utils.JwtUtil - Exit: JwtUtil:extractAllClaims
2025-11-25 15:26:59 INFO  c.e.crm_system_backend.utils.JwtUtil - Enter: JwtUtil:getSigningKey
2025-11-25 15:26:59 INFO  c.e.crm_system_backend.utils.JwtUtil - Exit: JwtUtil:getSigningKey
2025-11-25 15:26:59 INFO  c.e.crm_system_backend.utils.JwtUtil - Enter: JwtUtil:getId
2025-11-25 15:26:59 INFO  c.e.crm_system_backend.utils.JwtUtil - Exit: JwtUtil:getId
2025-11-25 15:26:59 INFO  c.e.crm_system_backend.utils.JwtUtil - Enter: JwtUtil:extractAllClaims
2025-11-25 15:26:59 INFO  c.e.crm_system_backend.utils.JwtUtil - Exit: JwtUtil:extractAllClaims
2025-11-25 15:26:59 INFO  c.e.crm_system_backend.utils.JwtUtil - Enter: JwtUtil:getSigningKey
2025-11-25 15:26:59 INFO  c.e.crm_system_backend.utils.JwtUtil - Exit: JwtUtil:getSigningKey
2025-11-25 15:26:59 INFO  c.e.c.c.ErrorRecordController - Enter: ErrorRecordController.findErrorRecordByUploadHistoryId
2025-11-25 15:26:59 INFO  c.e.c.handler.ErrorRecordHandler - Enter:ErrorRecordHandler.findErrorRecordByUploadHistoryId
2025-11-25 15:26:59 INFO  c.e.c.s.s.UploadHistoryService - Enter: ErrorRecordHandler.findById
2025-11-25 15:26:59 INFO  c.e.c.s.s.UploadHistoryService - Exit: ErrorRecordHandler.findById
2025-11-25 15:26:59 INFO  c.e.c.handler.ErrorRecordHandler - Exit: ErrorRecordHandler.findErrorRecordByUploadHistoryId
2025-11-25 15:26:59 INFO  c.e.c.c.ErrorRecordController - Exit: ErrorRecordController.findErrorRecordByUploadHistoryId
2025-11-25 15:27:27 INFO  c.e.c.interceptor.RequestInterceptor - Enter: RequestInterceptor.preHandle
2025-11-25 15:27:27 INFO  c.e.c.interceptor.RequestInterceptor - Request URI: /crm/history/lead/akshay@gmail.com
2025-11-25 15:27:27 INFO  c.e.c.interceptor.RequestInterceptor - Enter: RequestInterceptor.preHandle
2025-11-25 15:27:27 INFO  c.e.c.interceptor.RequestInterceptor - Request URI: /crm/history/lead/akshay@gmail.com
2025-11-25 15:27:27 INFO  c.e.c.interceptor.RequestInterceptor - Token: Bearer eyJhbGciOiJIUzI1NiJ9.eyJzdWIiOiIyIiwiZW1haWwiOiJha3NoYXlAZ21haWwuY29tIiwicm9sZSI6Ik1BU1RFUl9BRE1JTiIsImlhdCI6MTc2NDA2NDQ4MiwiZXhwIjoxNzY0MDY4MDgyfQ.FLTNmapnsAWAhbEeBxY-yV97fwE5bOHe1GIxZ0uNhZM
2025-11-25 15:27:27 INFO  c.e.crm_system_backend.utils.JwtUtil - Enter: JwtUtil:getEmail
2025-11-25 15:27:27 INFO  c.e.crm_system_backend.utils.JwtUtil - Exit: JwtUtil:getEmail
2025-11-25 15:27:27 INFO  c.e.crm_system_backend.utils.JwtUtil - Enter: JwtUtil:extractAllClaims
2025-11-25 15:27:27 INFO  c.e.crm_system_backend.utils.JwtUtil - Exit: JwtUtil:extractAllClaims
2025-11-25 15:27:27 INFO  c.e.crm_system_backend.utils.JwtUtil - Enter: JwtUtil:getSigningKey
2025-11-25 15:27:27 INFO  c.e.crm_system_backend.utils.JwtUtil - Exit: JwtUtil:getSigningKey
2025-11-25 15:27:27 INFO  c.e.crm_system_backend.utils.JwtUtil - Enter: JwtUtil:validateToken
2025-11-25 15:27:27 INFO  c.e.crm_system_backend.utils.JwtUtil - Enter: JwtUtil:getSigningKey
2025-11-25 15:27:27 INFO  c.e.crm_system_backend.utils.JwtUtil - Exit: JwtUtil:getSigningKey
2025-11-25 15:27:27 INFO  c.e.crm_system_backend.utils.JwtUtil - Enter: JwtUtil:validateToken
2025-11-25 15:27:27 INFO  c.e.crm_system_backend.utils.JwtUtil - Enter: JwtUtil:getSigningKey
2025-11-25 15:27:27 INFO  c.e.crm_system_backend.utils.JwtUtil - Exit: JwtUtil:getSigningKey
2025-11-25 15:27:27 INFO  c.e.crm_system_backend.utils.JwtUtil - Enter: JwtUtil:isTokenExpired
2025-11-25 15:27:27 INFO  c.e.crm_system_backend.utils.JwtUtil - Enter: JwtUtil:extractAllClaims
2025-11-25 15:27:27 INFO  c.e.crm_system_backend.utils.JwtUtil - Exit: JwtUtil:extractAllClaims
2025-11-25 15:27:27 INFO  c.e.crm_system_backend.utils.JwtUtil - Enter: JwtUtil:getSigningKey
2025-11-25 15:27:27 INFO  c.e.crm_system_backend.utils.JwtUtil - Exit: JwtUtil:getSigningKey
2025-11-25 15:27:27 INFO  c.e.c.s.s.UserSessionService - Enter : UserSessionService:findSessionByToken
2025-11-25 15:27:27 INFO  c.e.c.s.s.UserSessionService - token:eyJhbGciOiJIUzI1NiJ9.eyJzdWIiOiIyIiwiZW1haWwiOiJha3NoYXlAZ21haWwuY29tIiwicm9sZSI6Ik1BU1RFUl9BRE1JTiIsImlhdCI6MTc2NDA2NDQ4MiwiZXhwIjoxNzY0MDY4MDgyfQ.FLTNmapnsAWAhbEeBxY-yV97fwE5bOHe1GIxZ0uNhZM
2025-11-25 15:27:27 INFO  c.e.c.s.s.UserSessionService - email:akshay@gmail.com
2025-11-25 15:27:27 INFO  c.e.c.s.s.UserSessionService - Exit : UserSessionService:findSessionByToken
2025-11-25 15:27:27 INFO  c.e.crm_system_backend.utils.JwtUtil - Enter: JwtUtil:getRole
2025-11-25 15:27:27 INFO  c.e.crm_system_backend.utils.JwtUtil - Exit: JwtUtil:getRole
2025-11-25 15:27:27 INFO  c.e.crm_system_backend.utils.JwtUtil - Enter: JwtUtil:extractAllClaims
2025-11-25 15:27:27 INFO  c.e.crm_system_backend.utils.JwtUtil - Exit: JwtUtil:extractAllClaims
2025-11-25 15:27:27 INFO  c.e.crm_system_backend.utils.JwtUtil - Enter: JwtUtil:getSigningKey
2025-11-25 15:27:27 INFO  c.e.crm_system_backend.utils.JwtUtil - Exit: JwtUtil:getSigningKey
2025-11-25 15:27:27 INFO  c.e.crm_system_backend.utils.JwtUtil - Enter: JwtUtil:getId
2025-11-25 15:27:27 INFO  c.e.crm_system_backend.utils.JwtUtil - Exit: JwtUtil:getId
2025-11-25 15:27:27 INFO  c.e.crm_system_backend.utils.JwtUtil - Enter: JwtUtil:extractAllClaims
2025-11-25 15:27:27 INFO  c.e.crm_system_backend.utils.JwtUtil - Exit: JwtUtil:extractAllClaims
2025-11-25 15:27:27 INFO  c.e.crm_system_backend.utils.JwtUtil - Enter: JwtUtil:getSigningKey
2025-11-25 15:27:27 INFO  c.e.crm_system_backend.utils.JwtUtil - Exit: JwtUtil:getSigningKey
2025-11-25 15:27:27 INFO  c.e.c.handler.UploadedHistoryHandler - Enter : findLeadUploadHistoryByEmail
2025-11-25 15:27:27 INFO  c.e.c.s.s.UploadHistoryService - Enter: ErrorRecordHandler.findByUser
2025-11-25 15:27:27 INFO  c.e.c.handler.UploadedHistoryHandler - Exit : findLeadUploadHistoryByEmail
2025-11-25 15:27:28 INFO  c.e.c.interceptor.RequestInterceptor - Enter: RequestInterceptor.preHandle
2025-11-25 15:27:28 INFO  c.e.c.interceptor.RequestInterceptor - Request URI: /crm/lead/by/2
2025-11-25 15:27:28 INFO  c.e.c.interceptor.RequestInterceptor - Enter: RequestInterceptor.preHandle
2025-11-25 15:27:28 INFO  c.e.c.interceptor.RequestInterceptor - Request URI: /crm/user/users
2025-11-25 15:27:28 INFO  c.e.c.interceptor.RequestInterceptor - Token: Bearer eyJhbGciOiJIUzI1NiJ9.eyJzdWIiOiIyIiwiZW1haWwiOiJha3NoYXlAZ21haWwuY29tIiwicm9sZSI6Ik1BU1RFUl9BRE1JTiIsImlhdCI6MTc2NDA2NDQ4MiwiZXhwIjoxNzY0MDY4MDgyfQ.FLTNmapnsAWAhbEeBxY-yV97fwE5bOHe1GIxZ0uNhZM
2025-11-25 15:27:28 INFO  c.e.crm_system_backend.utils.JwtUtil - Enter: JwtUtil:getEmail
2025-11-25 15:27:28 INFO  c.e.crm_system_backend.utils.JwtUtil - Exit: JwtUtil:getEmail
2025-11-25 15:27:28 INFO  c.e.crm_system_backend.utils.JwtUtil - Enter: JwtUtil:extractAllClaims
2025-11-25 15:27:28 INFO  c.e.crm_system_backend.utils.JwtUtil - Exit: JwtUtil:extractAllClaims
2025-11-25 15:27:28 INFO  c.e.crm_system_backend.utils.JwtUtil - Enter: JwtUtil:getSigningKey
2025-11-25 15:27:28 INFO  c.e.crm_system_backend.utils.JwtUtil - Exit: JwtUtil:getSigningKey
2025-11-25 15:27:28 INFO  c.e.crm_system_backend.utils.JwtUtil - Enter: JwtUtil:validateToken
2025-11-25 15:27:28 INFO  c.e.crm_system_backend.utils.JwtUtil - Enter: JwtUtil:getSigningKey
2025-11-25 15:27:28 INFO  c.e.crm_system_backend.utils.JwtUtil - Exit: JwtUtil:getSigningKey
2025-11-25 15:27:28 INFO  c.e.crm_system_backend.utils.JwtUtil - Enter: JwtUtil:validateToken
2025-11-25 15:27:28 INFO  c.e.crm_system_backend.utils.JwtUtil - Enter: JwtUtil:getSigningKey
2025-11-25 15:27:28 INFO  c.e.crm_system_backend.utils.JwtUtil - Exit: JwtUtil:getSigningKey
2025-11-25 15:27:28 INFO  c.e.c.interceptor.RequestInterceptor - Enter: RequestInterceptor.preHandle
2025-11-25 15:27:28 INFO  c.e.c.interceptor.RequestInterceptor - Request URI: /crm/lead/by/2
2025-11-25 15:27:28 INFO  c.e.c.interceptor.RequestInterceptor - Token: Bearer eyJhbGciOiJIUzI1NiJ9.eyJzdWIiOiIyIiwiZW1haWwiOiJha3NoYXlAZ21haWwuY29tIiwicm9sZSI6Ik1BU1RFUl9BRE1JTiIsImlhdCI6MTc2NDA2NDQ4MiwiZXhwIjoxNzY0MDY4MDgyfQ.FLTNmapnsAWAhbEeBxY-yV97fwE5bOHe1GIxZ0uNhZM
2025-11-25 15:27:28 INFO  c.e.crm_system_backend.utils.JwtUtil - Enter: JwtUtil:getEmail
2025-11-25 15:27:28 INFO  c.e.crm_system_backend.utils.JwtUtil - Exit: JwtUtil:getEmail
2025-11-25 15:27:28 INFO  c.e.crm_system_backend.utils.JwtUtil - Enter: JwtUtil:isTokenExpired
2025-11-25 15:27:28 INFO  c.e.crm_system_backend.utils.JwtUtil - Enter: JwtUtil:extractAllClaims
2025-11-25 15:27:28 INFO  c.e.crm_system_backend.utils.JwtUtil - Enter: JwtUtil:extractAllClaims
2025-11-25 15:27:28 INFO  c.e.crm_system_backend.utils.JwtUtil - Exit: JwtUtil:extractAllClaims
2025-11-25 15:27:28 INFO  c.e.crm_system_backend.utils.JwtUtil - Exit: JwtUtil:extractAllClaims
2025-11-25 15:27:28 INFO  c.e.crm_system_backend.utils.JwtUtil - Enter: JwtUtil:getSigningKey
2025-11-25 15:27:28 INFO  c.e.crm_system_backend.utils.JwtUtil - Enter: JwtUtil:getSigningKey
2025-11-25 15:27:28 INFO  c.e.crm_system_backend.utils.JwtUtil - Exit: JwtUtil:getSigningKey
2025-11-25 15:27:28 INFO  c.e.crm_system_backend.utils.JwtUtil - Exit: JwtUtil:getSigningKey
2025-11-25 15:27:28 INFO  c.e.crm_system_backend.utils.JwtUtil - Enter: JwtUtil:validateToken
2025-11-25 15:27:28 INFO  c.e.crm_system_backend.utils.JwtUtil - Enter: JwtUtil:getSigningKey
2025-11-25 15:27:28 INFO  c.e.crm_system_backend.utils.JwtUtil - Exit: JwtUtil:getSigningKey
2025-11-25 15:27:28 INFO  c.e.c.s.s.UserSessionService - Enter : UserSessionService:findSessionByToken
2025-11-25 15:27:28 INFO  c.e.c.s.s.UserSessionService - token:eyJhbGciOiJIUzI1NiJ9.eyJzdWIiOiIyIiwiZW1haWwiOiJha3NoYXlAZ21haWwuY29tIiwicm9sZSI6Ik1BU1RFUl9BRE1JTiIsImlhdCI6MTc2NDA2NDQ4MiwiZXhwIjoxNzY0MDY4MDgyfQ.FLTNmapnsAWAhbEeBxY-yV97fwE5bOHe1GIxZ0uNhZM
2025-11-25 15:27:28 INFO  c.e.c.s.s.UserSessionService - email:akshay@gmail.com
2025-11-25 15:27:28 INFO  c.e.c.s.s.UserSessionService - Exit : UserSessionService:findSessionByToken
2025-11-25 15:27:28 INFO  c.e.crm_system_backend.utils.JwtUtil - Enter: JwtUtil:validateToken
2025-11-25 15:27:28 INFO  c.e.crm_system_backend.utils.JwtUtil - Enter: JwtUtil:getSigningKey
2025-11-25 15:27:28 INFO  c.e.crm_system_backend.utils.JwtUtil - Exit: JwtUtil:getSigningKey
2025-11-25 15:27:28 INFO  c.e.crm_system_backend.utils.JwtUtil - Enter: JwtUtil:isTokenExpired
2025-11-25 15:27:28 INFO  c.e.crm_system_backend.utils.JwtUtil - Enter: JwtUtil:extractAllClaims
2025-11-25 15:27:28 INFO  c.e.crm_system_backend.utils.JwtUtil - Exit: JwtUtil:extractAllClaims
2025-11-25 15:27:28 INFO  c.e.crm_system_backend.utils.JwtUtil - Enter: JwtUtil:getSigningKey
2025-11-25 15:27:28 INFO  c.e.crm_system_backend.utils.JwtUtil - Exit: JwtUtil:getSigningKey
2025-11-25 15:27:28 INFO  c.e.c.s.s.UserSessionService - Enter : UserSessionService:findSessionByToken
2025-11-25 15:27:28 INFO  c.e.crm_system_backend.utils.JwtUtil - Enter: JwtUtil:getRole
2025-11-25 15:27:28 INFO  c.e.c.s.s.UserSessionService - token:eyJhbGciOiJIUzI1NiJ9.eyJzdWIiOiIyIiwiZW1haWwiOiJha3NoYXlAZ21haWwuY29tIiwicm9sZSI6Ik1BU1RFUl9BRE1JTiIsImlhdCI6MTc2NDA2NDQ4MiwiZXhwIjoxNzY0MDY4MDgyfQ.FLTNmapnsAWAhbEeBxY-yV97fwE5bOHe1GIxZ0uNhZM
2025-11-25 15:27:28 INFO  c.e.crm_system_backend.utils.JwtUtil - Exit: JwtUtil:getRole
2025-11-25 15:27:28 INFO  c.e.c.s.s.UserSessionService - email:akshay@gmail.com
2025-11-25 15:27:28 INFO  c.e.crm_system_backend.utils.JwtUtil - Enter: JwtUtil:extractAllClaims
2025-11-25 15:27:28 INFO  c.e.c.s.s.UserSessionService - Exit : UserSessionService:findSessionByToken
2025-11-25 15:27:28 INFO  c.e.crm_system_backend.utils.JwtUtil - Exit: JwtUtil:extractAllClaims
2025-11-25 15:27:28 INFO  c.e.crm_system_backend.utils.JwtUtil - Enter: JwtUtil:getSigningKey
2025-11-25 15:27:28 INFO  c.e.crm_system_backend.utils.JwtUtil - Exit: JwtUtil:getSigningKey
2025-11-25 15:27:28 INFO  c.e.crm_system_backend.utils.JwtUtil - Enter: JwtUtil:getId
2025-11-25 15:27:28 INFO  c.e.crm_system_backend.utils.JwtUtil - Exit: JwtUtil:getId
2025-11-25 15:27:28 INFO  c.e.crm_system_backend.utils.JwtUtil - Enter: JwtUtil:extractAllClaims
2025-11-25 15:27:28 INFO  c.e.crm_system_backend.utils.JwtUtil - Exit: JwtUtil:extractAllClaims
2025-11-25 15:27:28 INFO  c.e.crm_system_backend.utils.JwtUtil - Enter: JwtUtil:getSigningKey
2025-11-25 15:27:28 INFO  c.e.crm_system_backend.utils.JwtUtil - Exit: JwtUtil:getSigningKey
2025-11-25 15:27:28 INFO  c.e.crm_system_backend.utils.JwtUtil - Enter: JwtUtil:getRole
2025-11-25 15:27:28 INFO  c.e.crm_system_backend.utils.JwtUtil - Exit: JwtUtil:getRole
2025-11-25 15:27:28 INFO  c.e.crm_system_backend.utils.JwtUtil - Enter: JwtUtil:extractAllClaims
2025-11-25 15:27:28 INFO  c.e.crm_system_backend.utils.JwtUtil - Exit: JwtUtil:extractAllClaims
2025-11-25 15:27:28 INFO  c.e.crm_system_backend.utils.JwtUtil - Enter: JwtUtil:getSigningKey
2025-11-25 15:27:28 INFO  c.e.crm_system_backend.utils.JwtUtil - Exit: JwtUtil:getSigningKey
2025-11-25 15:27:28 INFO  c.e.c.interceptor.RoleInterceptor - Enter: RoleInterceptor.preHandle
2025-11-25 15:27:28 INFO  c.e.c.controller.UserController - userId:2
2025-11-25 15:27:28 INFO  c.e.c.handler.UserHandler - Enter : UserHandler:getUsers
2025-11-25 15:27:28 INFO  c.e.c.s.serviceImpl.UserService - Enter : UserService:getUserById
2025-11-25 15:27:28 INFO  c.e.c.s.serviceImpl.UserService - id:2
2025-11-25 15:27:28 INFO  c.e.c.s.serviceImpl.UserService - Exit : UserService:getUserById
2025-11-25 15:27:28 INFO  c.e.crm_system_backend.utils.JwtUtil - Enter: JwtUtil:getId
2025-11-25 15:27:28 INFO  c.e.crm_system_backend.utils.JwtUtil - Exit: JwtUtil:getId
2025-11-25 15:27:28 INFO  c.e.crm_system_backend.utils.JwtUtil - Enter: JwtUtil:extractAllClaims
2025-11-25 15:27:28 INFO  c.e.crm_system_backend.utils.JwtUtil - Exit: JwtUtil:extractAllClaims
2025-11-25 15:27:28 INFO  c.e.crm_system_backend.utils.JwtUtil - Enter: JwtUtil:getSigningKey
2025-11-25 15:27:28 INFO  c.e.crm_system_backend.utils.JwtUtil - Exit: JwtUtil:getSigningKey
2025-11-25 15:27:28 INFO  c.e.c.controller.LeadController - Enter: LeadController.getAllLeadsByUser
2025-11-25 15:27:28 INFO  c.e.c.handler.LeadHandler - Enter: LeadHandler.getLeadsByUser
2025-11-25 15:27:28 INFO  c.e.c.s.serviceImpl.UserService - Enter : UserService:getUserById
2025-11-25 15:27:28 INFO  c.e.c.s.serviceImpl.UserService - id:2
2025-11-25 15:27:28 INFO  c.e.c.s.serviceImpl.UserService - Exit : UserService:getUserById
2025-11-25 15:27:28 INFO  c.e.c.handler.UserHandler - Request for getting users is in user Handler for master admin
2025-11-25 15:27:28 INFO  c.e.c.s.serviceImpl.UserService - Enter : UserService:getAllUserByMasterAdmin
2025-11-25 15:27:28 INFO  c.e.c.s.serviceImpl.UserService - Enter: UserService.getAllUsersRegisterById
2025-11-25 15:27:28 INFO  c.e.c.s.serviceImpl.UserService - users:[User(id=3, firstName=Akshay, lastName=jadhav, email=akshay2002@gmail.com, mobileNumber=8308575626, password=Akshay@123, address=, city=, state=, country=, pinCode=, role=USER, registeredBy=2, registeredOn=2025-11-10T18:23:51.032489), User(id=4, firstName=rohan, lastName=rote, email=rohan@yahoo.com, mobileNumber=8123456780, password=Admin@123, address=, city=, state=, country=, pinCode=, role=ADMIN, registeredBy=2, registeredOn=2025-11-20T19:47:50.780109)]
2025-11-25 15:27:28 INFO  c.e.c.s.serviceImpl.UserService - Exit: UserService.getAllUsersRegisterById
2025-11-25 15:27:28 INFO  c.e.c.s.serviceImpl.LeadService - Enter: LeadService.findByUserIn
2025-11-25 15:27:28 INFO  c.e.c.s.serviceImpl.UserService - admins:[User(id=4, firstName=rohan, lastName=rote, email=rohan@yahoo.com, mobileNumber=8123456780, password=Admin@123, address=, city=, state=, country=, pinCode=, role=ADMIN, registeredBy=2, registeredOn=2025-11-20T19:47:50.780109)]
2025-11-25 15:27:28 INFO  c.e.c.s.serviceImpl.UserService - Enter : UserService:getAllUsersByAdmin
2025-11-25 15:27:28 INFO  c.e.c.s.serviceImpl.UserService - id:4
2025-11-25 15:27:28 INFO  c.e.c.s.serviceImpl.UserService - Exit : UserService:getAllUsersByAdmin
2025-11-25 15:27:28 INFO  c.e.c.s.serviceImpl.UserService - users2:[]
2025-11-25 15:27:28 INFO  c.e.c.s.serviceImpl.UserService - Exit : UserService:getAllUserByMasterAdmin
2025-11-25 15:27:28 INFO  c.e.c.handler.UserHandler - Exit : UserHandler:getUsers
2025-11-25 15:27:28 INFO  c.e.c.handler.LeadHandler - Exit: LeadHandler.getLeadsByUser
2025-11-25 15:27:41 INFO  c.e.c.interceptor.RequestInterceptor - Enter: RequestInterceptor.preHandle
2025-11-25 15:27:41 INFO  c.e.c.interceptor.RequestInterceptor - Request URI: /crm/lead/
2025-11-25 15:27:41 INFO  c.e.c.interceptor.RequestInterceptor - Enter: RequestInterceptor.preHandle
2025-11-25 15:27:41 INFO  c.e.c.interceptor.RequestInterceptor - Request URI: /crm/lead/
2025-11-25 15:27:41 INFO  c.e.c.interceptor.RequestInterceptor - Token: Bearer eyJhbGciOiJIUzI1NiJ9.eyJzdWIiOiIyIiwiZW1haWwiOiJha3NoYXlAZ21haWwuY29tIiwicm9sZSI6Ik1BU1RFUl9BRE1JTiIsImlhdCI6MTc2NDA2NDQ4MiwiZXhwIjoxNzY0MDY4MDgyfQ.FLTNmapnsAWAhbEeBxY-yV97fwE5bOHe1GIxZ0uNhZM
2025-11-25 15:27:41 INFO  c.e.crm_system_backend.utils.JwtUtil - Enter: JwtUtil:getEmail
2025-11-25 15:27:41 INFO  c.e.crm_system_backend.utils.JwtUtil - Exit: JwtUtil:getEmail
2025-11-25 15:27:41 INFO  c.e.crm_system_backend.utils.JwtUtil - Enter: JwtUtil:extractAllClaims
2025-11-25 15:27:41 INFO  c.e.crm_system_backend.utils.JwtUtil - Exit: JwtUtil:extractAllClaims
2025-11-25 15:27:41 INFO  c.e.crm_system_backend.utils.JwtUtil - Enter: JwtUtil:getSigningKey
2025-11-25 15:27:41 INFO  c.e.crm_system_backend.utils.JwtUtil - Exit: JwtUtil:getSigningKey
2025-11-25 15:27:41 INFO  c.e.crm_system_backend.utils.JwtUtil - Enter: JwtUtil:validateToken
2025-11-25 15:27:41 INFO  c.e.crm_system_backend.utils.JwtUtil - Enter: JwtUtil:getSigningKey
2025-11-25 15:27:41 INFO  c.e.crm_system_backend.utils.JwtUtil - Exit: JwtUtil:getSigningKey
2025-11-25 15:27:41 INFO  c.e.crm_system_backend.utils.JwtUtil - Enter: JwtUtil:validateToken
2025-11-25 15:27:41 INFO  c.e.crm_system_backend.utils.JwtUtil - Enter: JwtUtil:getSigningKey
2025-11-25 15:27:41 INFO  c.e.crm_system_backend.utils.JwtUtil - Exit: JwtUtil:getSigningKey
2025-11-25 15:27:41 INFO  c.e.crm_system_backend.utils.JwtUtil - Enter: JwtUtil:isTokenExpired
2025-11-25 15:27:41 INFO  c.e.crm_system_backend.utils.JwtUtil - Enter: JwtUtil:extractAllClaims
2025-11-25 15:27:41 INFO  c.e.crm_system_backend.utils.JwtUtil - Exit: JwtUtil:extractAllClaims
2025-11-25 15:27:41 INFO  c.e.crm_system_backend.utils.JwtUtil - Enter: JwtUtil:getSigningKey
2025-11-25 15:27:41 INFO  c.e.crm_system_backend.utils.JwtUtil - Exit: JwtUtil:getSigningKey
2025-11-25 15:27:41 INFO  c.e.c.s.s.UserSessionService - Enter : UserSessionService:findSessionByToken
2025-11-25 15:27:41 INFO  c.e.c.s.s.UserSessionService - token:eyJhbGciOiJIUzI1NiJ9.eyJzdWIiOiIyIiwiZW1haWwiOiJha3NoYXlAZ21haWwuY29tIiwicm9sZSI6Ik1BU1RFUl9BRE1JTiIsImlhdCI6MTc2NDA2NDQ4MiwiZXhwIjoxNzY0MDY4MDgyfQ.FLTNmapnsAWAhbEeBxY-yV97fwE5bOHe1GIxZ0uNhZM
2025-11-25 15:27:41 INFO  c.e.c.s.s.UserSessionService - email:akshay@gmail.com
2025-11-25 15:27:41 INFO  c.e.c.s.s.UserSessionService - Exit : UserSessionService:findSessionByToken
2025-11-25 15:27:41 INFO  c.e.crm_system_backend.utils.JwtUtil - Enter: JwtUtil:getRole
2025-11-25 15:27:41 INFO  c.e.crm_system_backend.utils.JwtUtil - Exit: JwtUtil:getRole
2025-11-25 15:27:41 INFO  c.e.crm_system_backend.utils.JwtUtil - Enter: JwtUtil:extractAllClaims
2025-11-25 15:27:41 INFO  c.e.crm_system_backend.utils.JwtUtil - Exit: JwtUtil:extractAllClaims
2025-11-25 15:27:41 INFO  c.e.crm_system_backend.utils.JwtUtil - Enter: JwtUtil:getSigningKey
2025-11-25 15:27:41 INFO  c.e.crm_system_backend.utils.JwtUtil - Exit: JwtUtil:getSigningKey
2025-11-25 15:27:41 INFO  c.e.crm_system_backend.utils.JwtUtil - Enter: JwtUtil:getId
2025-11-25 15:27:41 INFO  c.e.crm_system_backend.utils.JwtUtil - Exit: JwtUtil:getId
2025-11-25 15:27:41 INFO  c.e.crm_system_backend.utils.JwtUtil - Enter: JwtUtil:extractAllClaims
2025-11-25 15:27:41 INFO  c.e.crm_system_backend.utils.JwtUtil - Exit: JwtUtil:extractAllClaims
2025-11-25 15:27:41 INFO  c.e.crm_system_backend.utils.JwtUtil - Enter: JwtUtil:getSigningKey
2025-11-25 15:27:41 INFO  c.e.crm_system_backend.utils.JwtUtil - Exit: JwtUtil:getSigningKey
2025-11-25 15:27:41 INFO  c.e.c.controller.LeadController - Enter: LeadController.deleteLead
2025-11-25 15:27:41 INFO  c.e.c.handler.LeadHandler - Enter: LeadHandler.getLeadByEmail
2025-11-25 15:27:41 INFO  c.e.c.s.serviceImpl.LeadService - Enter: LeadService.getLeadByEmail
2025-11-25 15:27:41 ERROR o.a.c.c.C.[.[.[.[dispatcherServlet] - Servlet.service() for servlet [dispatcherServlet] in context with path [] threw exception [Request processing failed: org.springframework.dao.IncorrectResultSizeDataAccessException: Query did not return a unique result: 2 results were returned] with root cause
org.hibernate.NonUniqueResultException: Query did not return a unique result: 2 results were returned
	at org.hibernate.query.spi.AbstractSelectionQuery.uniqueElement(AbstractSelectionQuery.java:298)
	at org.hibernate.query.spi.AbstractSelectionQuery.getSingleResult(AbstractSelectionQuery.java:281)
	at org.springframework.data.jpa.repository.query.JpaQueryExecution$SingleEntityExecution.doExecute(JpaQueryExecution.java:226)
	at org.springframework.data.jpa.repository.query.JpaQueryExecution.execute(JpaQueryExecution.java:95)
	at org.springframework.data.jpa.repository.query.AbstractJpaQuery.doExecute(AbstractJpaQuery.java:160)
	at org.springframework.data.jpa.repository.query.AbstractJpaQuery.execute(AbstractJpaQuery.java:148)
	at org.springframework.data.repository.core.support.RepositoryMethodInvoker.doInvoke(RepositoryMethodInvoker.java:170)
	at org.springframework.data.repository.core.support.RepositoryMethodInvoker.invoke(RepositoryMethodInvoker.java:158)
	at org.springframework.data.repository.core.support.QueryExecutorMethodInterceptor.doInvoke(QueryExecutorMethodInterceptor.java:170)
	at org.springframework.data.repository.core.support.QueryExecutorMethodInterceptor.invoke(QueryExecutorMethodInterceptor.java:149)
	at org.springframework.aop.framework.ReflectiveMethodInvocation.proceed(ReflectiveMethodInvocation.java:184)
	at org.springframework.data.projection.DefaultMethodInvokingMethodInterceptor.invoke(DefaultMethodInvokingMethodInterceptor.java:69)
	at org.springframework.aop.framework.ReflectiveMethodInvocation.proceed(ReflectiveMethodInvocation.java:184)
	at org.springframework.transaction.interceptor.TransactionAspectSupport.invokeWithinTransaction(TransactionAspectSupport.java:380)
	at org.springframework.transaction.interceptor.TransactionInterceptor.invoke(TransactionInterceptor.java:119)
	at org.springframework.aop.framework.ReflectiveMethodInvocation.proceed(ReflectiveMethodInvocation.java:184)
	at org.springframework.dao.support.PersistenceExceptionTranslationInterceptor.invoke(PersistenceExceptionTranslationInterceptor.java:138)
	at org.springframework.aop.framework.ReflectiveMethodInvocation.proceed(ReflectiveMethodInvocation.java:184)
	at org.springframework.data.jpa.repository.support.CrudMethodMetadataPostProcessor$CrudMethodMetadataPopulatingMethodInterceptor.invoke(CrudMethodMetadataPostProcessor.java:136)
	at org.springframework.aop.framework.ReflectiveMethodInvocation.proceed(ReflectiveMethodInvocation.java:184)
	at org.springframework.aop.framework.JdkDynamicAopProxy.invoke(JdkDynamicAopProxy.java:223)
	at jdk.proxy2/jdk.proxy2.$Proxy147.getLeadsByEmail(Unknown Source)
	at com.example.crm_system_backend.service.serviceImpl.LeadService.getLeadByEmail(LeadService.java:130)
	at com.example.crm_system_backend.handler.LeadHandler.getLeadByEmail(LeadHandler.java:107)
	at com.example.crm_system_backend.controller.LeadController.deleteLead(LeadController.java:69)
	at java.base/jdk.internal.reflect.NativeMethodAccessorImpl.invoke0(Native Method)
	at java.base/jdk.internal.reflect.NativeMethodAccessorImpl.invoke(NativeMethodAccessorImpl.java:77)
	at java.base/jdk.internal.reflect.DelegatingMethodAccessorImpl.invoke(DelegatingMethodAccessorImpl.java:43)
	at java.base/java.lang.reflect.Method.invoke(Method.java:568)
	at org.springframework.web.method.support.InvocableHandlerMethod.doInvoke(InvocableHandlerMethod.java:258)
	at org.springframework.web.method.support.InvocableHandlerMethod.invokeForRequest(InvocableHandlerMethod.java:191)
	at org.springframework.web.servlet.mvc.method.annotation.ServletInvocableHandlerMethod.invokeAndHandle(ServletInvocableHandlerMethod.java:118)
	at org.springframework.web.servlet.mvc.method.annotation.RequestMappingHandlerAdapter.invokeHandlerMethod(RequestMappingHandlerAdapter.java:991)
	at org.springframework.web.servlet.mvc.method.annotation.RequestMappingHandlerAdapter.handleInternal(RequestMappingHandlerAdapter.java:896)
	at org.springframework.web.servlet.mvc.method.AbstractHandlerMethodAdapter.handle(AbstractHandlerMethodAdapter.java:87)
	at org.springframework.web.servlet.DispatcherServlet.doDispatch(DispatcherServlet.java:1089)
	at org.springframework.web.servlet.DispatcherServlet.doService(DispatcherServlet.java:979)
	at org.springframework.web.servlet.FrameworkServlet.processRequest(FrameworkServlet.java:1014)
	at org.springframework.web.servlet.FrameworkServlet.doDelete(FrameworkServlet.java:936)
	at jakarta.servlet.http.HttpServlet.service(HttpServlet.java:596)
	at org.springframework.web.servlet.FrameworkServlet.service(FrameworkServlet.java:885)
	at jakarta.servlet.http.HttpServlet.service(HttpServlet.java:658)
	at org.apache.catalina.core.ApplicationFilterChain.internalDoFilter(ApplicationFilterChain.java:193)
	at org.apache.catalina.core.ApplicationFilterChain.doFilter(ApplicationFilterChain.java:138)
	at org.apache.tomcat.websocket.server.WsFilter.doFilter(WsFilter.java:51)
	at org.apache.catalina.core.ApplicationFilterChain.internalDoFilter(ApplicationFilterChain.java:162)
	at org.apache.catalina.core.ApplicationFilterChain.doFilter(ApplicationFilterChain.java:138)
	at org.springframework.web.filter.RequestContextFilter.doFilterInternal(RequestContextFilter.java:100)
	at org.springframework.web.filter.OncePerRequestFilter.doFilter(OncePerRequestFilter.java:116)
	at org.apache.catalina.core.ApplicationFilterChain.internalDoFilter(ApplicationFilterChain.java:162)
	at org.apache.catalina.core.ApplicationFilterChain.doFilter(ApplicationFilterChain.java:138)
	at org.springframework.web.filter.FormContentFilter.doFilterInternal(FormContentFilter.java:90)
	at org.springframework.web.filter.OncePerRequestFilter.doFilter(OncePerRequestFilter.java:116)
	at org.apache.catalina.core.ApplicationFilterChain.internalDoFilter(ApplicationFilterChain.java:162)
	at org.apache.catalina.core.ApplicationFilterChain.doFilter(ApplicationFilterChain.java:138)
	at org.springframework.web.filter.CharacterEncodingFilter.doFilterInternal(CharacterEncodingFilter.java:201)
	at org.springframework.web.filter.OncePerRequestFilter.doFilter(OncePerRequestFilter.java:116)
	at org.apache.catalina.core.ApplicationFilterChain.internalDoFilter(ApplicationFilterChain.java:162)
	at org.apache.catalina.core.ApplicationFilterChain.doFilter(ApplicationFilterChain.java:138)
	at org.apache.catalina.core.StandardWrapperValve.invoke(StandardWrapperValve.java:165)
	at org.apache.catalina.core.StandardContextValve.invoke(StandardContextValve.java:88)
	at org.apache.catalina.authenticator.AuthenticatorBase.invoke(AuthenticatorBase.java:482)
	at org.apache.catalina.core.StandardHostValve.invoke(StandardHostValve.java:113)
	at org.apache.catalina.valves.ErrorReportValve.invoke(ErrorReportValve.java:83)
	at org.apache.catalina.core.StandardEngineValve.invoke(StandardEngineValve.java:72)
	at org.apache.catalina.connector.CoyoteAdapter.service(CoyoteAdapter.java:342)
	at org.apache.coyote.http11.Http11Processor.service(Http11Processor.java:399)
	at org.apache.coyote.AbstractProcessorLight.process(AbstractProcessorLight.java:63)
	at org.apache.coyote.AbstractProtocol$ConnectionHandler.process(AbstractProtocol.java:903)
	at org.apache.tomcat.util.net.NioEndpoint$SocketProcessor.doRun(NioEndpoint.java:1774)
	at org.apache.tomcat.util.net.SocketProcessorBase.run(SocketProcessorBase.java:52)
	at org.apache.tomcat.util.threads.ThreadPoolExecutor.runWorker(ThreadPoolExecutor.java:973)
	at org.apache.tomcat.util.threads.ThreadPoolExecutor$Worker.run(ThreadPoolExecutor.java:491)
	at org.apache.tomcat.util.threads.TaskThread$WrappingRunnable.run(TaskThread.java:63)
	at java.base/java.lang.Thread.run(Thread.java:842)
2025-11-25 15:27:45 INFO  c.e.c.interceptor.RequestInterceptor - Enter: RequestInterceptor.preHandle
2025-11-25 15:27:45 INFO  c.e.c.interceptor.RequestInterceptor - Request URI: /crm/lead/by/2
2025-11-25 15:27:45 INFO  c.e.c.interceptor.RequestInterceptor - Enter: RequestInterceptor.preHandle
2025-11-25 15:27:45 INFO  c.e.c.interceptor.RequestInterceptor - Request URI: /crm/lead/by/2
2025-11-25 15:27:45 INFO  c.e.c.interceptor.RequestInterceptor - Token: Bearer eyJhbGciOiJIUzI1NiJ9.eyJzdWIiOiIyIiwiZW1haWwiOiJha3NoYXlAZ21haWwuY29tIiwicm9sZSI6Ik1BU1RFUl9BRE1JTiIsImlhdCI6MTc2NDA2NDQ4MiwiZXhwIjoxNzY0MDY4MDgyfQ.FLTNmapnsAWAhbEeBxY-yV97fwE5bOHe1GIxZ0uNhZM
2025-11-25 15:27:45 INFO  c.e.crm_system_backend.utils.JwtUtil - Enter: JwtUtil:getEmail
2025-11-25 15:27:45 INFO  c.e.crm_system_backend.utils.JwtUtil - Exit: JwtUtil:getEmail
2025-11-25 15:27:45 INFO  c.e.crm_system_backend.utils.JwtUtil - Enter: JwtUtil:extractAllClaims
2025-11-25 15:27:45 INFO  c.e.crm_system_backend.utils.JwtUtil - Exit: JwtUtil:extractAllClaims
2025-11-25 15:27:45 INFO  c.e.crm_system_backend.utils.JwtUtil - Enter: JwtUtil:getSigningKey
2025-11-25 15:27:45 INFO  c.e.crm_system_backend.utils.JwtUtil - Exit: JwtUtil:getSigningKey
2025-11-25 15:27:45 INFO  c.e.crm_system_backend.utils.JwtUtil - Enter: JwtUtil:validateToken
2025-11-25 15:27:45 INFO  c.e.crm_system_backend.utils.JwtUtil - Enter: JwtUtil:getSigningKey
2025-11-25 15:27:45 INFO  c.e.crm_system_backend.utils.JwtUtil - Exit: JwtUtil:getSigningKey
2025-11-25 15:27:45 INFO  c.e.c.interceptor.RequestInterceptor - Enter: RequestInterceptor.preHandle
2025-11-25 15:27:45 INFO  c.e.c.interceptor.RequestInterceptor - Request URI: /crm/user/users
2025-11-25 15:27:45 INFO  c.e.crm_system_backend.utils.JwtUtil - Enter: JwtUtil:validateToken
2025-11-25 15:27:45 INFO  c.e.c.interceptor.RequestInterceptor - Token: Bearer eyJhbGciOiJIUzI1NiJ9.eyJzdWIiOiIyIiwiZW1haWwiOiJha3NoYXlAZ21haWwuY29tIiwicm9sZSI6Ik1BU1RFUl9BRE1JTiIsImlhdCI6MTc2NDA2NDQ4MiwiZXhwIjoxNzY0MDY4MDgyfQ.FLTNmapnsAWAhbEeBxY-yV97fwE5bOHe1GIxZ0uNhZM
2025-11-25 15:27:45 INFO  c.e.crm_system_backend.utils.JwtUtil - Enter: JwtUtil:getSigningKey
2025-11-25 15:27:45 INFO  c.e.crm_system_backend.utils.JwtUtil - Enter: JwtUtil:getEmail
2025-11-25 15:27:45 INFO  c.e.crm_system_backend.utils.JwtUtil - Exit: JwtUtil:getSigningKey
2025-11-25 15:27:45 INFO  c.e.crm_system_backend.utils.JwtUtil - Exit: JwtUtil:getEmail
2025-11-25 15:27:45 INFO  c.e.crm_system_backend.utils.JwtUtil - Enter: JwtUtil:extractAllClaims
2025-11-25 15:27:45 INFO  c.e.crm_system_backend.utils.JwtUtil - Exit: JwtUtil:extractAllClaims
2025-11-25 15:27:45 INFO  c.e.crm_system_backend.utils.JwtUtil - Enter: JwtUtil:getSigningKey
2025-11-25 15:27:45 INFO  c.e.crm_system_backend.utils.JwtUtil - Exit: JwtUtil:getSigningKey
2025-11-25 15:27:45 INFO  c.e.crm_system_backend.utils.JwtUtil - Enter: JwtUtil:isTokenExpired
2025-11-25 15:27:45 INFO  c.e.crm_system_backend.utils.JwtUtil - Enter: JwtUtil:validateToken
2025-11-25 15:27:45 INFO  c.e.crm_system_backend.utils.JwtUtil - Enter: JwtUtil:extractAllClaims
2025-11-25 15:27:45 INFO  c.e.crm_system_backend.utils.JwtUtil - Exit: JwtUtil:extractAllClaims
2025-11-25 15:27:45 INFO  c.e.crm_system_backend.utils.JwtUtil - Enter: JwtUtil:getSigningKey
2025-11-25 15:27:45 INFO  c.e.crm_system_backend.utils.JwtUtil - Exit: JwtUtil:getSigningKey
2025-11-25 15:27:45 INFO  c.e.crm_system_backend.utils.JwtUtil - Enter: JwtUtil:getSigningKey
2025-11-25 15:27:45 INFO  c.e.crm_system_backend.utils.JwtUtil - Exit: JwtUtil:getSigningKey
2025-11-25 15:27:45 INFO  c.e.crm_system_backend.utils.JwtUtil - Enter: JwtUtil:validateToken
2025-11-25 15:27:45 INFO  c.e.c.s.s.UserSessionService - Enter : UserSessionService:findSessionByToken
2025-11-25 15:27:45 INFO  c.e.c.s.s.UserSessionService - token:eyJhbGciOiJIUzI1NiJ9.eyJzdWIiOiIyIiwiZW1haWwiOiJha3NoYXlAZ21haWwuY29tIiwicm9sZSI6Ik1BU1RFUl9BRE1JTiIsImlhdCI6MTc2NDA2NDQ4MiwiZXhwIjoxNzY0MDY4MDgyfQ.FLTNmapnsAWAhbEeBxY-yV97fwE5bOHe1GIxZ0uNhZM
2025-11-25 15:27:45 INFO  c.e.crm_system_backend.utils.JwtUtil - Enter: JwtUtil:getSigningKey
2025-11-25 15:27:45 INFO  c.e.c.s.s.UserSessionService - email:akshay@gmail.com
2025-11-25 15:27:45 INFO  c.e.crm_system_backend.utils.JwtUtil - Exit: JwtUtil:getSigningKey
2025-11-25 15:27:45 INFO  c.e.c.s.s.UserSessionService - Exit : UserSessionService:findSessionByToken
2025-11-25 15:27:45 INFO  c.e.crm_system_backend.utils.JwtUtil - Enter: JwtUtil:isTokenExpired
2025-11-25 15:27:45 INFO  c.e.crm_system_backend.utils.JwtUtil - Enter: JwtUtil:extractAllClaims
2025-11-25 15:27:45 INFO  c.e.crm_system_backend.utils.JwtUtil - Exit: JwtUtil:extractAllClaims
2025-11-25 15:27:45 INFO  c.e.crm_system_backend.utils.JwtUtil - Enter: JwtUtil:getSigningKey
2025-11-25 15:27:45 INFO  c.e.crm_system_backend.utils.JwtUtil - Exit: JwtUtil:getSigningKey
2025-11-25 15:27:45 INFO  c.e.c.s.s.UserSessionService - Enter : UserSessionService:findSessionByToken
2025-11-25 15:27:45 INFO  c.e.c.s.s.UserSessionService - token:eyJhbGciOiJIUzI1NiJ9.eyJzdWIiOiIyIiwiZW1haWwiOiJha3NoYXlAZ21haWwuY29tIiwicm9sZSI6Ik1BU1RFUl9BRE1JTiIsImlhdCI6MTc2NDA2NDQ4MiwiZXhwIjoxNzY0MDY4MDgyfQ.FLTNmapnsAWAhbEeBxY-yV97fwE5bOHe1GIxZ0uNhZM
2025-11-25 15:27:45 INFO  c.e.c.s.s.UserSessionService - email:akshay@gmail.com
2025-11-25 15:27:45 INFO  c.e.c.s.s.UserSessionService - Exit : UserSessionService:findSessionByToken
2025-11-25 15:27:45 INFO  c.e.crm_system_backend.utils.JwtUtil - Enter: JwtUtil:getRole
2025-11-25 15:27:45 INFO  c.e.crm_system_backend.utils.JwtUtil - Exit: JwtUtil:getRole
2025-11-25 15:27:45 INFO  c.e.crm_system_backend.utils.JwtUtil - Enter: JwtUtil:extractAllClaims
2025-11-25 15:27:45 INFO  c.e.crm_system_backend.utils.JwtUtil - Exit: JwtUtil:extractAllClaims
2025-11-25 15:27:45 INFO  c.e.crm_system_backend.utils.JwtUtil - Enter: JwtUtil:getSigningKey
2025-11-25 15:27:45 INFO  c.e.crm_system_backend.utils.JwtUtil - Exit: JwtUtil:getSigningKey
2025-11-25 15:27:45 INFO  c.e.crm_system_backend.utils.JwtUtil - Enter: JwtUtil:getId
2025-11-25 15:27:45 INFO  c.e.crm_system_backend.utils.JwtUtil - Exit: JwtUtil:getId
2025-11-25 15:27:45 INFO  c.e.crm_system_backend.utils.JwtUtil - Enter: JwtUtil:extractAllClaims
2025-11-25 15:27:45 INFO  c.e.crm_system_backend.utils.JwtUtil - Exit: JwtUtil:extractAllClaims
2025-11-25 15:27:45 INFO  c.e.crm_system_backend.utils.JwtUtil - Enter: JwtUtil:getSigningKey
2025-11-25 15:27:45 INFO  c.e.crm_system_backend.utils.JwtUtil - Exit: JwtUtil:getSigningKey
2025-11-25 15:27:45 INFO  c.e.crm_system_backend.utils.JwtUtil - Enter: JwtUtil:getRole
2025-11-25 15:27:45 INFO  c.e.crm_system_backend.utils.JwtUtil - Exit: JwtUtil:getRole
2025-11-25 15:27:45 INFO  c.e.crm_system_backend.utils.JwtUtil - Enter: JwtUtil:extractAllClaims
2025-11-25 15:27:45 INFO  c.e.crm_system_backend.utils.JwtUtil - Exit: JwtUtil:extractAllClaims
2025-11-25 15:27:45 INFO  c.e.crm_system_backend.utils.JwtUtil - Enter: JwtUtil:getSigningKey
2025-11-25 15:27:45 INFO  c.e.crm_system_backend.utils.JwtUtil - Exit: JwtUtil:getSigningKey
2025-11-25 15:27:45 INFO  c.e.c.controller.LeadController - Enter: LeadController.getAllLeadsByUser
2025-11-25 15:27:45 INFO  c.e.c.handler.LeadHandler - Enter: LeadHandler.getLeadsByUser
2025-11-25 15:27:45 INFO  c.e.c.s.serviceImpl.UserService - Enter : UserService:getUserById
2025-11-25 15:27:45 INFO  c.e.c.s.serviceImpl.UserService - id:2
2025-11-25 15:27:45 INFO  c.e.c.s.serviceImpl.UserService - Exit : UserService:getUserById
2025-11-25 15:27:45 INFO  c.e.crm_system_backend.utils.JwtUtil - Enter: JwtUtil:getId
2025-11-25 15:27:45 INFO  c.e.crm_system_backend.utils.JwtUtil - Exit: JwtUtil:getId
2025-11-25 15:27:45 INFO  c.e.crm_system_backend.utils.JwtUtil - Enter: JwtUtil:extractAllClaims
2025-11-25 15:27:45 INFO  c.e.crm_system_backend.utils.JwtUtil - Exit: JwtUtil:extractAllClaims
2025-11-25 15:27:45 INFO  c.e.crm_system_backend.utils.JwtUtil - Enter: JwtUtil:getSigningKey
2025-11-25 15:27:45 INFO  c.e.crm_system_backend.utils.JwtUtil - Exit: JwtUtil:getSigningKey
2025-11-25 15:27:45 INFO  c.e.c.interceptor.RoleInterceptor - Enter: RoleInterceptor.preHandle
2025-11-25 15:27:45 INFO  c.e.c.controller.UserController - userId:2
2025-11-25 15:27:45 INFO  c.e.c.handler.UserHandler - Enter : UserHandler:getUsers
2025-11-25 15:27:45 INFO  c.e.c.s.serviceImpl.UserService - Enter : UserService:getUserById
2025-11-25 15:27:45 INFO  c.e.c.s.serviceImpl.UserService - id:2
2025-11-25 15:27:45 INFO  c.e.c.s.serviceImpl.UserService - Exit : UserService:getUserById
2025-11-25 15:27:45 INFO  c.e.c.s.serviceImpl.UserService - Enter: UserService.getAllUsersRegisterById
2025-11-25 15:27:45 INFO  c.e.c.s.serviceImpl.UserService - Exit: UserService.getAllUsersRegisterById
2025-11-25 15:27:45 INFO  c.e.c.handler.UserHandler - Request for getting users is in user Handler for master admin
2025-11-25 15:27:45 INFO  c.e.c.s.serviceImpl.LeadService - Enter: LeadService.findByUserIn
2025-11-25 15:27:45 INFO  c.e.c.s.serviceImpl.UserService - Enter : UserService:getAllUserByMasterAdmin
2025-11-25 15:27:45 INFO  c.e.c.s.serviceImpl.UserService - users:[User(id=3, firstName=Akshay, lastName=jadhav, email=akshay2002@gmail.com, mobileNumber=8308575626, password=Akshay@123, address=, city=, state=, country=, pinCode=, role=USER, registeredBy=2, registeredOn=2025-11-10T18:23:51.032489), User(id=4, firstName=rohan, lastName=rote, email=rohan@yahoo.com, mobileNumber=8123456780, password=Admin@123, address=, city=, state=, country=, pinCode=, role=ADMIN, registeredBy=2, registeredOn=2025-11-20T19:47:50.780109)]
2025-11-25 15:27:45 INFO  c.e.c.s.serviceImpl.UserService - admins:[User(id=4, firstName=rohan, lastName=rote, email=rohan@yahoo.com, mobileNumber=8123456780, password=Admin@123, address=, city=, state=, country=, pinCode=, role=ADMIN, registeredBy=2, registeredOn=2025-11-20T19:47:50.780109)]
2025-11-25 15:27:45 INFO  c.e.c.s.serviceImpl.UserService - Enter : UserService:getAllUsersByAdmin
2025-11-25 15:27:45 INFO  c.e.c.s.serviceImpl.UserService - id:4
2025-11-25 15:27:45 INFO  c.e.c.s.serviceImpl.UserService - Exit : UserService:getAllUsersByAdmin
2025-11-25 15:27:45 INFO  c.e.c.handler.LeadHandler - Exit: LeadHandler.getLeadsByUser
2025-11-25 15:27:45 INFO  c.e.c.s.serviceImpl.UserService - users2:[]
2025-11-25 15:27:45 INFO  c.e.c.s.serviceImpl.UserService - Exit : UserService:getAllUserByMasterAdmin
2025-11-25 15:27:45 INFO  c.e.c.handler.UserHandler - Exit : UserHandler:getUsers
2025-11-25 15:27:46 INFO  c.e.c.interceptor.RequestInterceptor - Enter: RequestInterceptor.preHandle
2025-11-25 15:27:46 INFO  c.e.c.interceptor.RequestInterceptor - Request URI: /crm/lead/by/2
2025-11-25 15:27:46 INFO  c.e.c.interceptor.RequestInterceptor - Enter: RequestInterceptor.preHandle
2025-11-25 15:27:46 INFO  c.e.c.interceptor.RequestInterceptor - Enter: RequestInterceptor.preHandle
2025-11-25 15:27:46 INFO  c.e.c.interceptor.RequestInterceptor - Request URI: /crm/user/users
2025-11-25 15:27:46 INFO  c.e.c.interceptor.RequestInterceptor - Token: Bearer eyJhbGciOiJIUzI1NiJ9.eyJzdWIiOiIyIiwiZW1haWwiOiJha3NoYXlAZ21haWwuY29tIiwicm9sZSI6Ik1BU1RFUl9BRE1JTiIsImlhdCI6MTc2NDA2NDQ4MiwiZXhwIjoxNzY0MDY4MDgyfQ.FLTNmapnsAWAhbEeBxY-yV97fwE5bOHe1GIxZ0uNhZM
2025-11-25 15:27:46 INFO  c.e.crm_system_backend.utils.JwtUtil - Enter: JwtUtil:getEmail
2025-11-25 15:27:46 INFO  c.e.c.interceptor.RequestInterceptor - Request URI: /crm/lead/by/2
2025-11-25 15:27:46 INFO  c.e.crm_system_backend.utils.JwtUtil - Exit: JwtUtil:getEmail
2025-11-25 15:27:46 INFO  c.e.c.interceptor.RequestInterceptor - Token: Bearer eyJhbGciOiJIUzI1NiJ9.eyJzdWIiOiIyIiwiZW1haWwiOiJha3NoYXlAZ21haWwuY29tIiwicm9sZSI6Ik1BU1RFUl9BRE1JTiIsImlhdCI6MTc2NDA2NDQ4MiwiZXhwIjoxNzY0MDY4MDgyfQ.FLTNmapnsAWAhbEeBxY-yV97fwE5bOHe1GIxZ0uNhZM
2025-11-25 15:27:46 INFO  c.e.crm_system_backend.utils.JwtUtil - Enter: JwtUtil:getEmail
2025-11-25 15:27:46 INFO  c.e.crm_system_backend.utils.JwtUtil - Exit: JwtUtil:getEmail
2025-11-25 15:27:46 INFO  c.e.crm_system_backend.utils.JwtUtil - Enter: JwtUtil:extractAllClaims
2025-11-25 15:27:46 INFO  c.e.crm_system_backend.utils.JwtUtil - Exit: JwtUtil:extractAllClaims
2025-11-25 15:27:46 INFO  c.e.crm_system_backend.utils.JwtUtil - Enter: JwtUtil:extractAllClaims
2025-11-25 15:27:46 INFO  c.e.crm_system_backend.utils.JwtUtil - Exit: JwtUtil:extractAllClaims
2025-11-25 15:27:46 INFO  c.e.crm_system_backend.utils.JwtUtil - Enter: JwtUtil:getSigningKey
2025-11-25 15:27:46 INFO  c.e.crm_system_backend.utils.JwtUtil - Enter: JwtUtil:getSigningKey
2025-11-25 15:27:46 INFO  c.e.crm_system_backend.utils.JwtUtil - Exit: JwtUtil:getSigningKey
2025-11-25 15:27:46 INFO  c.e.crm_system_backend.utils.JwtUtil - Exit: JwtUtil:getSigningKey
2025-11-25 15:27:46 INFO  c.e.crm_system_backend.utils.JwtUtil - Enter: JwtUtil:validateToken
2025-11-25 15:27:46 INFO  c.e.crm_system_backend.utils.JwtUtil - Enter: JwtUtil:validateToken
2025-11-25 15:27:46 INFO  c.e.crm_system_backend.utils.JwtUtil - Enter: JwtUtil:getSigningKey
2025-11-25 15:27:46 INFO  c.e.crm_system_backend.utils.JwtUtil - Enter: JwtUtil:getSigningKey
2025-11-25 15:27:46 INFO  c.e.crm_system_backend.utils.JwtUtil - Exit: JwtUtil:getSigningKey
2025-11-25 15:27:46 INFO  c.e.crm_system_backend.utils.JwtUtil - Exit: JwtUtil:getSigningKey
2025-11-25 15:27:46 INFO  c.e.crm_system_backend.utils.JwtUtil - Enter: JwtUtil:validateToken
2025-11-25 15:27:46 INFO  c.e.crm_system_backend.utils.JwtUtil - Enter: JwtUtil:validateToken
2025-11-25 15:27:46 INFO  c.e.crm_system_backend.utils.JwtUtil - Enter: JwtUtil:getSigningKey
2025-11-25 15:27:46 INFO  c.e.crm_system_backend.utils.JwtUtil - Enter: JwtUtil:getSigningKey
2025-11-25 15:27:46 INFO  c.e.crm_system_backend.utils.JwtUtil - Exit: JwtUtil:getSigningKey
2025-11-25 15:27:46 INFO  c.e.crm_system_backend.utils.JwtUtil - Exit: JwtUtil:getSigningKey
2025-11-25 15:27:46 INFO  c.e.crm_system_backend.utils.JwtUtil - Enter: JwtUtil:isTokenExpired
2025-11-25 15:27:46 INFO  c.e.crm_system_backend.utils.JwtUtil - Enter: JwtUtil:isTokenExpired
2025-11-25 15:27:46 INFO  c.e.crm_system_backend.utils.JwtUtil - Enter: JwtUtil:extractAllClaims
2025-11-25 15:27:46 INFO  c.e.crm_system_backend.utils.JwtUtil - Enter: JwtUtil:extractAllClaims
2025-11-25 15:27:46 INFO  c.e.crm_system_backend.utils.JwtUtil - Exit: JwtUtil:extractAllClaims
2025-11-25 15:27:46 INFO  c.e.crm_system_backend.utils.JwtUtil - Exit: JwtUtil:extractAllClaims
2025-11-25 15:27:46 INFO  c.e.crm_system_backend.utils.JwtUtil - Enter: JwtUtil:getSigningKey
2025-11-25 15:27:46 INFO  c.e.crm_system_backend.utils.JwtUtil - Enter: JwtUtil:getSigningKey
2025-11-25 15:27:46 INFO  c.e.crm_system_backend.utils.JwtUtil - Exit: JwtUtil:getSigningKey
2025-11-25 15:27:46 INFO  c.e.crm_system_backend.utils.JwtUtil - Exit: JwtUtil:getSigningKey
2025-11-25 15:27:46 INFO  c.e.c.s.s.UserSessionService - Enter : UserSessionService:findSessionByToken
2025-11-25 15:27:46 INFO  c.e.c.s.s.UserSessionService - Enter : UserSessionService:findSessionByToken
2025-11-25 15:27:46 INFO  c.e.c.s.s.UserSessionService - token:eyJhbGciOiJIUzI1NiJ9.eyJzdWIiOiIyIiwiZW1haWwiOiJha3NoYXlAZ21haWwuY29tIiwicm9sZSI6Ik1BU1RFUl9BRE1JTiIsImlhdCI6MTc2NDA2NDQ4MiwiZXhwIjoxNzY0MDY4MDgyfQ.FLTNmapnsAWAhbEeBxY-yV97fwE5bOHe1GIxZ0uNhZM
2025-11-25 15:27:46 INFO  c.e.c.s.s.UserSessionService - token:eyJhbGciOiJIUzI1NiJ9.eyJzdWIiOiIyIiwiZW1haWwiOiJha3NoYXlAZ21haWwuY29tIiwicm9sZSI6Ik1BU1RFUl9BRE1JTiIsImlhdCI6MTc2NDA2NDQ4MiwiZXhwIjoxNzY0MDY4MDgyfQ.FLTNmapnsAWAhbEeBxY-yV97fwE5bOHe1GIxZ0uNhZM
2025-11-25 15:27:46 INFO  c.e.c.s.s.UserSessionService - email:akshay@gmail.com
2025-11-25 15:27:46 INFO  c.e.c.s.s.UserSessionService - email:akshay@gmail.com
2025-11-25 15:27:46 INFO  c.e.c.s.s.UserSessionService - Exit : UserSessionService:findSessionByToken
2025-11-25 15:27:46 INFO  c.e.c.s.s.UserSessionService - Exit : UserSessionService:findSessionByToken
2025-11-25 15:27:46 INFO  c.e.crm_system_backend.utils.JwtUtil - Enter: JwtUtil:getRole
2025-11-25 15:27:46 INFO  c.e.crm_system_backend.utils.JwtUtil - Enter: JwtUtil:getRole
2025-11-25 15:27:46 INFO  c.e.crm_system_backend.utils.JwtUtil - Exit: JwtUtil:getRole
2025-11-25 15:27:46 INFO  c.e.crm_system_backend.utils.JwtUtil - Exit: JwtUtil:getRole
2025-11-25 15:27:46 INFO  c.e.crm_system_backend.utils.JwtUtil - Enter: JwtUtil:extractAllClaims
2025-11-25 15:27:46 INFO  c.e.crm_system_backend.utils.JwtUtil - Enter: JwtUtil:extractAllClaims
2025-11-25 15:27:46 INFO  c.e.crm_system_backend.utils.JwtUtil - Exit: JwtUtil:extractAllClaims
2025-11-25 15:27:46 INFO  c.e.crm_system_backend.utils.JwtUtil - Exit: JwtUtil:extractAllClaims
2025-11-25 15:27:46 INFO  c.e.crm_system_backend.utils.JwtUtil - Enter: JwtUtil:getSigningKey
2025-11-25 15:27:46 INFO  c.e.crm_system_backend.utils.JwtUtil - Enter: JwtUtil:getSigningKey
2025-11-25 15:27:46 INFO  c.e.crm_system_backend.utils.JwtUtil - Exit: JwtUtil:getSigningKey
2025-11-25 15:27:46 INFO  c.e.crm_system_backend.utils.JwtUtil - Exit: JwtUtil:getSigningKey
2025-11-25 15:27:46 INFO  c.e.crm_system_backend.utils.JwtUtil - Enter: JwtUtil:getId
2025-11-25 15:27:46 INFO  c.e.crm_system_backend.utils.JwtUtil - Enter: JwtUtil:getId
2025-11-25 15:27:46 INFO  c.e.crm_system_backend.utils.JwtUtil - Exit: JwtUtil:getId
2025-11-25 15:27:46 INFO  c.e.crm_system_backend.utils.JwtUtil - Exit: JwtUtil:getId
2025-11-25 15:27:46 INFO  c.e.crm_system_backend.utils.JwtUtil - Enter: JwtUtil:extractAllClaims
2025-11-25 15:27:46 INFO  c.e.crm_system_backend.utils.JwtUtil - Enter: JwtUtil:extractAllClaims
2025-11-25 15:27:46 INFO  c.e.crm_system_backend.utils.JwtUtil - Exit: JwtUtil:extractAllClaims
2025-11-25 15:27:46 INFO  c.e.crm_system_backend.utils.JwtUtil - Exit: JwtUtil:extractAllClaims
2025-11-25 15:27:46 INFO  c.e.crm_system_backend.utils.JwtUtil - Enter: JwtUtil:getSigningKey
2025-11-25 15:27:46 INFO  c.e.crm_system_backend.utils.JwtUtil - Enter: JwtUtil:getSigningKey
2025-11-25 15:27:46 INFO  c.e.crm_system_backend.utils.JwtUtil - Exit: JwtUtil:getSigningKey
2025-11-25 15:27:46 INFO  c.e.crm_system_backend.utils.JwtUtil - Exit: JwtUtil:getSigningKey
2025-11-25 15:27:46 INFO  c.e.c.interceptor.RoleInterceptor - Enter: RoleInterceptor.preHandle
2025-11-25 15:27:46 INFO  c.e.c.controller.UserController - userId:2
2025-11-25 15:27:46 INFO  c.e.c.controller.LeadController - Enter: LeadController.getAllLeadsByUser
2025-11-25 15:27:46 INFO  c.e.c.handler.UserHandler - Enter : UserHandler:getUsers
2025-11-25 15:27:46 INFO  c.e.c.handler.LeadHandler - Enter: LeadHandler.getLeadsByUser
2025-11-25 15:27:46 INFO  c.e.c.s.serviceImpl.UserService - Enter : UserService:getUserById
2025-11-25 15:27:46 INFO  c.e.c.s.serviceImpl.UserService - Enter : UserService:getUserById
2025-11-25 15:27:46 INFO  c.e.c.s.serviceImpl.UserService - id:2
2025-11-25 15:27:46 INFO  c.e.c.s.serviceImpl.UserService - id:2
2025-11-25 15:27:46 INFO  c.e.c.s.serviceImpl.UserService - Exit : UserService:getUserById
2025-11-25 15:27:46 INFO  c.e.c.s.serviceImpl.UserService - Exit : UserService:getUserById
2025-11-25 15:27:46 INFO  c.e.c.s.serviceImpl.UserService - Enter: UserService.getAllUsersRegisterById
2025-11-25 15:27:46 INFO  c.e.c.handler.UserHandler - Request for getting users is in user Handler for master admin
2025-11-25 15:27:46 INFO  c.e.c.s.serviceImpl.UserService - Enter : UserService:getAllUserByMasterAdmin
2025-11-25 15:27:46 INFO  c.e.c.s.serviceImpl.UserService - Exit: UserService.getAllUsersRegisterById
2025-11-25 15:27:46 INFO  c.e.c.s.serviceImpl.LeadService - Enter: LeadService.findByUserIn
2025-11-25 15:27:46 INFO  c.e.c.s.serviceImpl.UserService - users:[User(id=3, firstName=Akshay, lastName=jadhav, email=akshay2002@gmail.com, mobileNumber=8308575626, password=Akshay@123, address=, city=, state=, country=, pinCode=, role=USER, registeredBy=2, registeredOn=2025-11-10T18:23:51.032489), User(id=4, firstName=rohan, lastName=rote, email=rohan@yahoo.com, mobileNumber=8123456780, password=Admin@123, address=, city=, state=, country=, pinCode=, role=ADMIN, registeredBy=2, registeredOn=2025-11-20T19:47:50.780109)]
2025-11-25 15:27:46 INFO  c.e.c.s.serviceImpl.UserService - admins:[User(id=4, firstName=rohan, lastName=rote, email=rohan@yahoo.com, mobileNumber=8123456780, password=Admin@123, address=, city=, state=, country=, pinCode=, role=ADMIN, registeredBy=2, registeredOn=2025-11-20T19:47:50.780109)]
2025-11-25 15:27:46 INFO  c.e.c.s.serviceImpl.UserService - Enter : UserService:getAllUsersByAdmin
2025-11-25 15:27:46 INFO  c.e.c.s.serviceImpl.UserService - id:4
2025-11-25 15:27:46 INFO  c.e.c.s.serviceImpl.UserService - Exit : UserService:getAllUsersByAdmin
2025-11-25 15:27:46 INFO  c.e.c.s.serviceImpl.UserService - users2:[]
2025-11-25 15:27:46 INFO  c.e.c.s.serviceImpl.UserService - Exit : UserService:getAllUserByMasterAdmin
2025-11-25 15:27:46 INFO  c.e.c.handler.LeadHandler - Exit: LeadHandler.getLeadsByUser
2025-11-25 15:27:46 INFO  c.e.c.handler.UserHandler - Exit : UserHandler:getUsers
2025-11-25 15:31:54 INFO  c.e.c.interceptor.RequestInterceptor - Enter: RequestInterceptor.preHandle
2025-11-25 15:31:54 INFO  c.e.c.interceptor.RequestInterceptor - Request URI: /crm/lead/by/2
2025-11-25 15:31:54 INFO  c.e.c.interceptor.RequestInterceptor - Enter: RequestInterceptor.preHandle
2025-11-25 15:31:54 INFO  c.e.c.interceptor.RequestInterceptor - Request URI: /crm/user/users
2025-11-25 15:31:54 INFO  c.e.c.interceptor.RequestInterceptor - Token: Bearer eyJhbGciOiJIUzI1NiJ9.eyJzdWIiOiIyIiwiZW1haWwiOiJha3NoYXlAZ21haWwuY29tIiwicm9sZSI6Ik1BU1RFUl9BRE1JTiIsImlhdCI6MTc2NDA2NDQ4MiwiZXhwIjoxNzY0MDY4MDgyfQ.FLTNmapnsAWAhbEeBxY-yV97fwE5bOHe1GIxZ0uNhZM
2025-11-25 15:31:54 INFO  c.e.crm_system_backend.utils.JwtUtil - Enter: JwtUtil:getEmail
2025-11-25 15:31:54 INFO  c.e.crm_system_backend.utils.JwtUtil - Exit: JwtUtil:getEmail
2025-11-25 15:31:54 INFO  c.e.crm_system_backend.utils.JwtUtil - Enter: JwtUtil:extractAllClaims
2025-11-25 15:31:54 INFO  c.e.crm_system_backend.utils.JwtUtil - Exit: JwtUtil:extractAllClaims
2025-11-25 15:31:54 INFO  c.e.crm_system_backend.utils.JwtUtil - Enter: JwtUtil:getSigningKey
2025-11-25 15:31:54 INFO  c.e.crm_system_backend.utils.JwtUtil - Exit: JwtUtil:getSigningKey
2025-11-25 15:31:54 INFO  c.e.c.interceptor.RequestInterceptor - Enter: RequestInterceptor.preHandle
2025-11-25 15:31:54 INFO  c.e.c.interceptor.RequestInterceptor - Request URI: /crm/lead/by/2
2025-11-25 15:31:54 INFO  c.e.c.interceptor.RequestInterceptor - Token: Bearer eyJhbGciOiJIUzI1NiJ9.eyJzdWIiOiIyIiwiZW1haWwiOiJha3NoYXlAZ21haWwuY29tIiwicm9sZSI6Ik1BU1RFUl9BRE1JTiIsImlhdCI6MTc2NDA2NDQ4MiwiZXhwIjoxNzY0MDY4MDgyfQ.FLTNmapnsAWAhbEeBxY-yV97fwE5bOHe1GIxZ0uNhZM
2025-11-25 15:31:54 INFO  c.e.crm_system_backend.utils.JwtUtil - Enter: JwtUtil:getEmail
2025-11-25 15:31:54 INFO  c.e.crm_system_backend.utils.JwtUtil - Enter: JwtUtil:validateToken
2025-11-25 15:31:54 INFO  c.e.crm_system_backend.utils.JwtUtil - Exit: JwtUtil:getEmail
2025-11-25 15:31:54 INFO  c.e.crm_system_backend.utils.JwtUtil - Enter: JwtUtil:extractAllClaims
2025-11-25 15:31:54 INFO  c.e.crm_system_backend.utils.JwtUtil - Enter: JwtUtil:getSigningKey
2025-11-25 15:31:54 INFO  c.e.crm_system_backend.utils.JwtUtil - Exit: JwtUtil:extractAllClaims
2025-11-25 15:31:54 INFO  c.e.crm_system_backend.utils.JwtUtil - Exit: JwtUtil:getSigningKey
2025-11-25 15:31:54 INFO  c.e.crm_system_backend.utils.JwtUtil - Enter: JwtUtil:getSigningKey
2025-11-25 15:31:54 INFO  c.e.crm_system_backend.utils.JwtUtil - Exit: JwtUtil:getSigningKey
2025-11-25 15:31:54 INFO  c.e.crm_system_backend.utils.JwtUtil - Enter: JwtUtil:validateToken
2025-11-25 15:31:54 INFO  c.e.crm_system_backend.utils.JwtUtil - Enter: JwtUtil:validateToken
2025-11-25 15:31:54 INFO  c.e.crm_system_backend.utils.JwtUtil - Enter: JwtUtil:getSigningKey
2025-11-25 15:31:54 INFO  c.e.crm_system_backend.utils.JwtUtil - Enter: JwtUtil:getSigningKey
2025-11-25 15:31:54 INFO  c.e.crm_system_backend.utils.JwtUtil - Exit: JwtUtil:getSigningKey
2025-11-25 15:31:54 INFO  c.e.crm_system_backend.utils.JwtUtil - Exit: JwtUtil:getSigningKey
2025-11-25 15:31:54 INFO  c.e.crm_system_backend.utils.JwtUtil - Enter: JwtUtil:isTokenExpired
2025-11-25 15:31:54 INFO  c.e.crm_system_backend.utils.JwtUtil - Enter: JwtUtil:extractAllClaims
2025-11-25 15:31:54 INFO  c.e.crm_system_backend.utils.JwtUtil - Enter: JwtUtil:validateToken
2025-11-25 15:31:54 INFO  c.e.crm_system_backend.utils.JwtUtil - Exit: JwtUtil:extractAllClaims
2025-11-25 15:31:54 INFO  c.e.crm_system_backend.utils.JwtUtil - Enter: JwtUtil:getSigningKey
2025-11-25 15:31:54 INFO  c.e.crm_system_backend.utils.JwtUtil - Exit: JwtUtil:getSigningKey
2025-11-25 15:31:54 INFO  c.e.crm_system_backend.utils.JwtUtil - Enter: JwtUtil:getSigningKey
2025-11-25 15:31:54 INFO  c.e.crm_system_backend.utils.JwtUtil - Exit: JwtUtil:getSigningKey
2025-11-25 15:31:54 INFO  c.e.crm_system_backend.utils.JwtUtil - Enter: JwtUtil:isTokenExpired
2025-11-25 15:31:54 INFO  c.e.c.s.s.UserSessionService - Enter : UserSessionService:findSessionByToken
2025-11-25 15:31:54 INFO  c.e.crm_system_backend.utils.JwtUtil - Enter: JwtUtil:extractAllClaims
2025-11-25 15:31:54 INFO  c.e.c.s.s.UserSessionService - token:eyJhbGciOiJIUzI1NiJ9.eyJzdWIiOiIyIiwiZW1haWwiOiJha3NoYXlAZ21haWwuY29tIiwicm9sZSI6Ik1BU1RFUl9BRE1JTiIsImlhdCI6MTc2NDA2NDQ4MiwiZXhwIjoxNzY0MDY4MDgyfQ.FLTNmapnsAWAhbEeBxY-yV97fwE5bOHe1GIxZ0uNhZM
2025-11-25 15:31:54 INFO  c.e.c.s.s.UserSessionService - email:akshay@gmail.com
2025-11-25 15:31:54 INFO  c.e.crm_system_backend.utils.JwtUtil - Exit: JwtUtil:extractAllClaims
2025-11-25 15:31:54 INFO  c.e.c.s.s.UserSessionService - Exit : UserSessionService:findSessionByToken
2025-11-25 15:31:54 INFO  c.e.crm_system_backend.utils.JwtUtil - Enter: JwtUtil:getSigningKey
2025-11-25 15:31:54 INFO  c.e.crm_system_backend.utils.JwtUtil - Exit: JwtUtil:getSigningKey
2025-11-25 15:31:54 INFO  c.e.c.s.s.UserSessionService - Enter : UserSessionService:findSessionByToken
2025-11-25 15:31:54 INFO  c.e.c.s.s.UserSessionService - token:eyJhbGciOiJIUzI1NiJ9.eyJzdWIiOiIyIiwiZW1haWwiOiJha3NoYXlAZ21haWwuY29tIiwicm9sZSI6Ik1BU1RFUl9BRE1JTiIsImlhdCI6MTc2NDA2NDQ4MiwiZXhwIjoxNzY0MDY4MDgyfQ.FLTNmapnsAWAhbEeBxY-yV97fwE5bOHe1GIxZ0uNhZM
2025-11-25 15:31:54 INFO  c.e.c.s.s.UserSessionService - email:akshay@gmail.com
2025-11-25 15:31:54 INFO  c.e.c.s.s.UserSessionService - Exit : UserSessionService:findSessionByToken
2025-11-25 15:31:54 INFO  c.e.crm_system_backend.utils.JwtUtil - Enter: JwtUtil:getRole
2025-11-25 15:31:54 INFO  c.e.crm_system_backend.utils.JwtUtil - Exit: JwtUtil:getRole
2025-11-25 15:31:54 INFO  c.e.crm_system_backend.utils.JwtUtil - Enter: JwtUtil:extractAllClaims
2025-11-25 15:31:54 INFO  c.e.crm_system_backend.utils.JwtUtil - Exit: JwtUtil:extractAllClaims
2025-11-25 15:31:54 INFO  c.e.crm_system_backend.utils.JwtUtil - Enter: JwtUtil:getSigningKey
2025-11-25 15:31:54 INFO  c.e.crm_system_backend.utils.JwtUtil - Exit: JwtUtil:getSigningKey
2025-11-25 15:31:54 INFO  c.e.crm_system_backend.utils.JwtUtil - Enter: JwtUtil:getRole
2025-11-25 15:31:54 INFO  c.e.crm_system_backend.utils.JwtUtil - Exit: JwtUtil:getRole
2025-11-25 15:31:54 INFO  c.e.crm_system_backend.utils.JwtUtil - Enter: JwtUtil:extractAllClaims
2025-11-25 15:31:54 INFO  c.e.crm_system_backend.utils.JwtUtil - Exit: JwtUtil:extractAllClaims
2025-11-25 15:31:54 INFO  c.e.crm_system_backend.utils.JwtUtil - Enter: JwtUtil:getSigningKey
2025-11-25 15:31:54 INFO  c.e.crm_system_backend.utils.JwtUtil - Exit: JwtUtil:getSigningKey
2025-11-25 15:31:54 INFO  c.e.crm_system_backend.utils.JwtUtil - Enter: JwtUtil:getId
2025-11-25 15:31:54 INFO  c.e.crm_system_backend.utils.JwtUtil - Exit: JwtUtil:getId
2025-11-25 15:31:54 INFO  c.e.crm_system_backend.utils.JwtUtil - Enter: JwtUtil:extractAllClaims
2025-11-25 15:31:54 INFO  c.e.crm_system_backend.utils.JwtUtil - Exit: JwtUtil:extractAllClaims
2025-11-25 15:31:54 INFO  c.e.crm_system_backend.utils.JwtUtil - Enter: JwtUtil:getSigningKey
2025-11-25 15:31:54 INFO  c.e.crm_system_backend.utils.JwtUtil - Exit: JwtUtil:getSigningKey
2025-11-25 15:31:54 INFO  c.e.crm_system_backend.utils.JwtUtil - Enter: JwtUtil:getId
2025-11-25 15:31:54 INFO  c.e.crm_system_backend.utils.JwtUtil - Exit: JwtUtil:getId
2025-11-25 15:31:54 INFO  c.e.crm_system_backend.utils.JwtUtil - Enter: JwtUtil:extractAllClaims
2025-11-25 15:31:54 INFO  c.e.crm_system_backend.utils.JwtUtil - Exit: JwtUtil:extractAllClaims
2025-11-25 15:31:54 INFO  c.e.crm_system_backend.utils.JwtUtil - Enter: JwtUtil:getSigningKey
2025-11-25 15:31:54 INFO  c.e.crm_system_backend.utils.JwtUtil - Exit: JwtUtil:getSigningKey
2025-11-25 15:31:54 INFO  c.e.c.controller.LeadController - Enter: LeadController.getAllLeadsByUser
2025-11-25 15:31:54 INFO  c.e.c.handler.LeadHandler - Enter: LeadHandler.getLeadsByUser
2025-11-25 15:31:54 INFO  c.e.c.s.serviceImpl.UserService - Enter : UserService:getUserById
2025-11-25 15:31:54 INFO  c.e.c.interceptor.RoleInterceptor - Enter: RoleInterceptor.preHandle
2025-11-25 15:31:54 INFO  c.e.c.s.serviceImpl.UserService - id:2
2025-11-25 15:31:54 INFO  c.e.c.s.serviceImpl.UserService - Exit : UserService:getUserById
2025-11-25 15:31:54 INFO  c.e.c.controller.UserController - userId:2
2025-11-25 15:31:54 INFO  c.e.c.handler.UserHandler - Enter : UserHandler:getUsers
2025-11-25 15:31:54 INFO  c.e.c.s.serviceImpl.UserService - Enter : UserService:getUserById
2025-11-25 15:31:54 INFO  c.e.c.s.serviceImpl.UserService - id:2
2025-11-25 15:31:54 INFO  c.e.c.s.serviceImpl.UserService - Exit : UserService:getUserById
2025-11-25 15:31:54 INFO  c.e.c.s.serviceImpl.UserService - Enter: UserService.getAllUsersRegisterById
2025-11-25 15:31:54 INFO  c.e.c.handler.UserHandler - Request for getting users is in user Handler for master admin
2025-11-25 15:31:54 INFO  c.e.c.s.serviceImpl.UserService - Exit: UserService.getAllUsersRegisterById
2025-11-25 15:31:54 INFO  c.e.c.s.serviceImpl.UserService - Enter : UserService:getAllUserByMasterAdmin
2025-11-25 15:31:54 INFO  c.e.c.s.serviceImpl.LeadService - Enter: LeadService.findByUserIn
2025-11-25 15:31:54 INFO  c.e.c.s.serviceImpl.UserService - users:[User(id=3, firstName=Akshay, lastName=jadhav, email=akshay2002@gmail.com, mobileNumber=8308575626, password=Akshay@123, address=, city=, state=, country=, pinCode=, role=USER, registeredBy=2, registeredOn=2025-11-10T18:23:51.032489), User(id=4, firstName=rohan, lastName=rote, email=rohan@yahoo.com, mobileNumber=8123456780, password=Admin@123, address=, city=, state=, country=, pinCode=, role=ADMIN, registeredBy=2, registeredOn=2025-11-20T19:47:50.780109)]
2025-11-25 15:31:54 INFO  c.e.c.s.serviceImpl.UserService - admins:[User(id=4, firstName=rohan, lastName=rote, email=rohan@yahoo.com, mobileNumber=8123456780, password=Admin@123, address=, city=, state=, country=, pinCode=, role=ADMIN, registeredBy=2, registeredOn=2025-11-20T19:47:50.780109)]
2025-11-25 15:31:54 INFO  c.e.c.s.serviceImpl.UserService - Enter : UserService:getAllUsersByAdmin
2025-11-25 15:31:54 INFO  c.e.c.s.serviceImpl.UserService - id:4
2025-11-25 15:31:54 INFO  c.e.c.s.serviceImpl.UserService - Exit : UserService:getAllUsersByAdmin
2025-11-25 15:31:54 INFO  c.e.c.s.serviceImpl.UserService - users2:[]
2025-11-25 15:31:54 INFO  c.e.c.s.serviceImpl.UserService - Exit : UserService:getAllUserByMasterAdmin
2025-11-25 15:31:54 INFO  c.e.c.handler.UserHandler - Exit : UserHandler:getUsers
2025-11-25 15:31:54 INFO  c.e.c.handler.LeadHandler - Exit: LeadHandler.getLeadsByUser
2025-11-25 15:34:14 INFO  c.e.c.interceptor.RequestInterceptor - Enter: RequestInterceptor.preHandle
2025-11-25 15:34:14 INFO  c.e.c.interceptor.RequestInterceptor - Request URI: /crm/lead/by/2
2025-11-25 15:34:14 INFO  c.e.c.interceptor.RequestInterceptor - Enter: RequestInterceptor.preHandle
2025-11-25 15:34:14 INFO  c.e.c.interceptor.RequestInterceptor - Request URI: /crm/user/users
2025-11-25 15:34:14 INFO  c.e.c.interceptor.RequestInterceptor - Token: Bearer eyJhbGciOiJIUzI1NiJ9.eyJzdWIiOiIyIiwiZW1haWwiOiJha3NoYXlAZ21haWwuY29tIiwicm9sZSI6Ik1BU1RFUl9BRE1JTiIsImlhdCI6MTc2NDA2NDQ4MiwiZXhwIjoxNzY0MDY4MDgyfQ.FLTNmapnsAWAhbEeBxY-yV97fwE5bOHe1GIxZ0uNhZM
2025-11-25 15:34:14 INFO  c.e.crm_system_backend.utils.JwtUtil - Enter: JwtUtil:getEmail
2025-11-25 15:34:14 INFO  c.e.crm_system_backend.utils.JwtUtil - Exit: JwtUtil:getEmail
2025-11-25 15:34:14 INFO  c.e.crm_system_backend.utils.JwtUtil - Enter: JwtUtil:extractAllClaims
2025-11-25 15:34:14 INFO  c.e.crm_system_backend.utils.JwtUtil - Exit: JwtUtil:extractAllClaims
2025-11-25 15:34:14 INFO  c.e.crm_system_backend.utils.JwtUtil - Enter: JwtUtil:getSigningKey
2025-11-25 15:34:14 INFO  c.e.crm_system_backend.utils.JwtUtil - Exit: JwtUtil:getSigningKey
2025-11-25 15:34:14 INFO  c.e.c.interceptor.RequestInterceptor - Enter: RequestInterceptor.preHandle
2025-11-25 15:34:14 INFO  c.e.c.interceptor.RequestInterceptor - Request URI: /crm/lead/by/2
2025-11-25 15:34:14 INFO  c.e.c.interceptor.RequestInterceptor - Token: Bearer eyJhbGciOiJIUzI1NiJ9.eyJzdWIiOiIyIiwiZW1haWwiOiJha3NoYXlAZ21haWwuY29tIiwicm9sZSI6Ik1BU1RFUl9BRE1JTiIsImlhdCI6MTc2NDA2NDQ4MiwiZXhwIjoxNzY0MDY4MDgyfQ.FLTNmapnsAWAhbEeBxY-yV97fwE5bOHe1GIxZ0uNhZM
2025-11-25 15:34:14 INFO  c.e.crm_system_backend.utils.JwtUtil - Enter: JwtUtil:getEmail
2025-11-25 15:34:14 INFO  c.e.crm_system_backend.utils.JwtUtil - Exit: JwtUtil:getEmail
2025-11-25 15:34:14 INFO  c.e.crm_system_backend.utils.JwtUtil - Enter: JwtUtil:validateToken
2025-11-25 15:34:14 INFO  c.e.crm_system_backend.utils.JwtUtil - Enter: JwtUtil:extractAllClaims
2025-11-25 15:34:14 INFO  c.e.crm_system_backend.utils.JwtUtil - Exit: JwtUtil:extractAllClaims
2025-11-25 15:34:14 INFO  c.e.crm_system_backend.utils.JwtUtil - Enter: JwtUtil:getSigningKey
2025-11-25 15:34:14 INFO  c.e.crm_system_backend.utils.JwtUtil - Enter: JwtUtil:getSigningKey
2025-11-25 15:34:14 INFO  c.e.crm_system_backend.utils.JwtUtil - Exit: JwtUtil:getSigningKey
2025-11-25 15:34:14 INFO  c.e.crm_system_backend.utils.JwtUtil - Exit: JwtUtil:getSigningKey
2025-11-25 15:34:14 INFO  c.e.crm_system_backend.utils.JwtUtil - Enter: JwtUtil:validateToken
2025-11-25 15:34:14 INFO  c.e.crm_system_backend.utils.JwtUtil - Enter: JwtUtil:getSigningKey
2025-11-25 15:34:14 INFO  c.e.crm_system_backend.utils.JwtUtil - Exit: JwtUtil:getSigningKey
2025-11-25 15:34:14 INFO  c.e.crm_system_backend.utils.JwtUtil - Enter: JwtUtil:validateToken
2025-11-25 15:34:14 INFO  c.e.crm_system_backend.utils.JwtUtil - Enter: JwtUtil:getSigningKey
2025-11-25 15:34:14 INFO  c.e.crm_system_backend.utils.JwtUtil - Exit: JwtUtil:getSigningKey
2025-11-25 15:34:14 INFO  c.e.crm_system_backend.utils.JwtUtil - Enter: JwtUtil:validateToken
2025-11-25 15:34:14 INFO  c.e.crm_system_backend.utils.JwtUtil - Enter: JwtUtil:getSigningKey
2025-11-25 15:34:14 INFO  c.e.crm_system_backend.utils.JwtUtil - Exit: JwtUtil:getSigningKey
2025-11-25 15:34:14 INFO  c.e.crm_system_backend.utils.JwtUtil - Enter: JwtUtil:isTokenExpired
2025-11-25 15:34:14 INFO  c.e.crm_system_backend.utils.JwtUtil - Enter: JwtUtil:extractAllClaims
2025-11-25 15:34:14 INFO  c.e.crm_system_backend.utils.JwtUtil - Exit: JwtUtil:extractAllClaims
2025-11-25 15:34:14 INFO  c.e.crm_system_backend.utils.JwtUtil - Enter: JwtUtil:getSigningKey
2025-11-25 15:34:14 INFO  c.e.crm_system_backend.utils.JwtUtil - Exit: JwtUtil:getSigningKey
2025-11-25 15:34:14 INFO  c.e.crm_system_backend.utils.JwtUtil - Enter: JwtUtil:isTokenExpired
2025-11-25 15:34:14 INFO  c.e.crm_system_backend.utils.JwtUtil - Enter: JwtUtil:extractAllClaims
2025-11-25 15:34:14 INFO  c.e.crm_system_backend.utils.JwtUtil - Exit: JwtUtil:extractAllClaims
2025-11-25 15:34:14 INFO  c.e.crm_system_backend.utils.JwtUtil - Enter: JwtUtil:getSigningKey
2025-11-25 15:34:14 INFO  c.e.crm_system_backend.utils.JwtUtil - Exit: JwtUtil:getSigningKey
2025-11-25 15:34:14 INFO  c.e.c.s.s.UserSessionService - Enter : UserSessionService:findSessionByToken
2025-11-25 15:34:14 INFO  c.e.c.s.s.UserSessionService - token:eyJhbGciOiJIUzI1NiJ9.eyJzdWIiOiIyIiwiZW1haWwiOiJha3NoYXlAZ21haWwuY29tIiwicm9sZSI6Ik1BU1RFUl9BRE1JTiIsImlhdCI6MTc2NDA2NDQ4MiwiZXhwIjoxNzY0MDY4MDgyfQ.FLTNmapnsAWAhbEeBxY-yV97fwE5bOHe1GIxZ0uNhZM
2025-11-25 15:34:14 INFO  c.e.c.s.s.UserSessionService - email:akshay@gmail.com
2025-11-25 15:34:14 INFO  c.e.c.s.s.UserSessionService - Exit : UserSessionService:findSessionByToken
2025-11-25 15:34:14 INFO  c.e.c.s.s.UserSessionService - Enter : UserSessionService:findSessionByToken
2025-11-25 15:34:14 INFO  c.e.c.s.s.UserSessionService - token:eyJhbGciOiJIUzI1NiJ9.eyJzdWIiOiIyIiwiZW1haWwiOiJha3NoYXlAZ21haWwuY29tIiwicm9sZSI6Ik1BU1RFUl9BRE1JTiIsImlhdCI6MTc2NDA2NDQ4MiwiZXhwIjoxNzY0MDY4MDgyfQ.FLTNmapnsAWAhbEeBxY-yV97fwE5bOHe1GIxZ0uNhZM
2025-11-25 15:34:14 INFO  c.e.c.s.s.UserSessionService - email:akshay@gmail.com
2025-11-25 15:34:14 INFO  c.e.c.s.s.UserSessionService - Exit : UserSessionService:findSessionByToken
2025-11-25 15:34:14 INFO  c.e.crm_system_backend.utils.JwtUtil - Enter: JwtUtil:getRole
2025-11-25 15:34:14 INFO  c.e.crm_system_backend.utils.JwtUtil - Enter: JwtUtil:getRole
2025-11-25 15:34:14 INFO  c.e.crm_system_backend.utils.JwtUtil - Exit: JwtUtil:getRole
2025-11-25 15:34:14 INFO  c.e.crm_system_backend.utils.JwtUtil - Exit: JwtUtil:getRole
2025-11-25 15:34:14 INFO  c.e.crm_system_backend.utils.JwtUtil - Enter: JwtUtil:extractAllClaims
2025-11-25 15:34:14 INFO  c.e.crm_system_backend.utils.JwtUtil - Enter: JwtUtil:extractAllClaims
2025-11-25 15:34:14 INFO  c.e.crm_system_backend.utils.JwtUtil - Exit: JwtUtil:extractAllClaims
2025-11-25 15:34:14 INFO  c.e.crm_system_backend.utils.JwtUtil - Exit: JwtUtil:extractAllClaims
2025-11-25 15:34:14 INFO  c.e.crm_system_backend.utils.JwtUtil - Enter: JwtUtil:getSigningKey
2025-11-25 15:34:14 INFO  c.e.crm_system_backend.utils.JwtUtil - Enter: JwtUtil:getSigningKey
2025-11-25 15:34:14 INFO  c.e.crm_system_backend.utils.JwtUtil - Exit: JwtUtil:getSigningKey
2025-11-25 15:34:14 INFO  c.e.crm_system_backend.utils.JwtUtil - Exit: JwtUtil:getSigningKey
2025-11-25 15:34:14 INFO  c.e.crm_system_backend.utils.JwtUtil - Enter: JwtUtil:getId
2025-11-25 15:34:14 INFO  c.e.crm_system_backend.utils.JwtUtil - Exit: JwtUtil:getId
2025-11-25 15:34:14 INFO  c.e.crm_system_backend.utils.JwtUtil - Enter: JwtUtil:extractAllClaims
2025-11-25 15:34:14 INFO  c.e.crm_system_backend.utils.JwtUtil - Exit: JwtUtil:extractAllClaims
2025-11-25 15:34:14 INFO  c.e.crm_system_backend.utils.JwtUtil - Enter: JwtUtil:getId
2025-11-25 15:34:14 INFO  c.e.crm_system_backend.utils.JwtUtil - Enter: JwtUtil:getSigningKey
2025-11-25 15:34:14 INFO  c.e.crm_system_backend.utils.JwtUtil - Exit: JwtUtil:getId
2025-11-25 15:34:14 INFO  c.e.crm_system_backend.utils.JwtUtil - Exit: JwtUtil:getSigningKey
2025-11-25 15:34:14 INFO  c.e.crm_system_backend.utils.JwtUtil - Enter: JwtUtil:extractAllClaims
2025-11-25 15:34:14 INFO  c.e.crm_system_backend.utils.JwtUtil - Exit: JwtUtil:extractAllClaims
2025-11-25 15:34:14 INFO  c.e.crm_system_backend.utils.JwtUtil - Enter: JwtUtil:getSigningKey
2025-11-25 15:34:14 INFO  c.e.crm_system_backend.utils.JwtUtil - Exit: JwtUtil:getSigningKey
2025-11-25 15:34:14 INFO  c.e.c.interceptor.RoleInterceptor - Enter: RoleInterceptor.preHandle
2025-11-25 15:34:14 INFO  c.e.c.controller.LeadController - Enter: LeadController.getAllLeadsByUser
2025-11-25 15:34:14 INFO  c.e.c.handler.LeadHandler - Enter: LeadHandler.getLeadsByUser
2025-11-25 15:34:14 INFO  c.e.c.s.serviceImpl.UserService - Enter : UserService:getUserById
2025-11-25 15:34:14 INFO  c.e.c.s.serviceImpl.UserService - id:2
2025-11-25 15:34:14 INFO  c.e.c.s.serviceImpl.UserService - Exit : UserService:getUserById
2025-11-25 15:34:14 INFO  c.e.c.controller.UserController - userId:2
2025-11-25 15:34:14 INFO  c.e.c.handler.UserHandler - Enter : UserHandler:getUsers
2025-11-25 15:34:14 INFO  c.e.c.s.serviceImpl.UserService - Enter : UserService:getUserById
2025-11-25 15:34:14 INFO  c.e.c.s.serviceImpl.UserService - id:2
2025-11-25 15:34:14 INFO  c.e.c.s.serviceImpl.UserService - Exit : UserService:getUserById
2025-11-25 15:34:14 INFO  c.e.c.s.serviceImpl.UserService - Enter: UserService.getAllUsersRegisterById
2025-11-25 15:34:14 INFO  c.e.c.handler.UserHandler - Request for getting users is in user Handler for master admin
2025-11-25 15:34:14 INFO  c.e.c.s.serviceImpl.UserService - Enter : UserService:getAllUserByMasterAdmin
2025-11-25 15:34:14 INFO  c.e.c.s.serviceImpl.UserService - Exit: UserService.getAllUsersRegisterById
2025-11-25 15:34:14 INFO  c.e.c.s.serviceImpl.LeadService - Enter: LeadService.findByUserIn
2025-11-25 15:34:14 INFO  c.e.c.s.serviceImpl.UserService - users:[User(id=3, firstName=Akshay, lastName=jadhav, email=akshay2002@gmail.com, mobileNumber=8308575626, password=Akshay@123, address=, city=, state=, country=, pinCode=, role=USER, registeredBy=2, registeredOn=2025-11-10T18:23:51.032489), User(id=4, firstName=rohan, lastName=rote, email=rohan@yahoo.com, mobileNumber=8123456780, password=Admin@123, address=, city=, state=, country=, pinCode=, role=ADMIN, registeredBy=2, registeredOn=2025-11-20T19:47:50.780109)]
2025-11-25 15:34:14 INFO  c.e.c.s.serviceImpl.UserService - admins:[User(id=4, firstName=rohan, lastName=rote, email=rohan@yahoo.com, mobileNumber=8123456780, password=Admin@123, address=, city=, state=, country=, pinCode=, role=ADMIN, registeredBy=2, registeredOn=2025-11-20T19:47:50.780109)]
2025-11-25 15:34:14 INFO  c.e.c.s.serviceImpl.UserService - Enter : UserService:getAllUsersByAdmin
2025-11-25 15:34:14 INFO  c.e.c.s.serviceImpl.UserService - id:4
2025-11-25 15:34:14 INFO  c.e.c.s.serviceImpl.UserService - Exit : UserService:getAllUsersByAdmin
2025-11-25 15:34:14 INFO  c.e.c.s.serviceImpl.UserService - users2:[]
2025-11-25 15:34:14 INFO  c.e.c.s.serviceImpl.UserService - Exit : UserService:getAllUserByMasterAdmin
2025-11-25 15:34:14 INFO  c.e.c.handler.UserHandler - Exit : UserHandler:getUsers
2025-11-25 15:34:14 INFO  c.e.c.handler.LeadHandler - Exit: LeadHandler.getLeadsByUser
2025-11-25 15:35:13 INFO  c.e.c.interceptor.RequestInterceptor - Enter: RequestInterceptor.preHandle
2025-11-25 15:35:13 INFO  c.e.c.interceptor.RequestInterceptor - Request URI: /crm/lead/by/2
2025-11-25 15:35:13 INFO  c.e.c.interceptor.RequestInterceptor - Enter: RequestInterceptor.preHandle
2025-11-25 15:35:13 INFO  c.e.c.interceptor.RequestInterceptor - Request URI: /crm/user/users
2025-11-25 15:35:13 INFO  c.e.c.interceptor.RequestInterceptor - Token: Bearer eyJhbGciOiJIUzI1NiJ9.eyJzdWIiOiIyIiwiZW1haWwiOiJha3NoYXlAZ21haWwuY29tIiwicm9sZSI6Ik1BU1RFUl9BRE1JTiIsImlhdCI6MTc2NDA2NDQ4MiwiZXhwIjoxNzY0MDY4MDgyfQ.FLTNmapnsAWAhbEeBxY-yV97fwE5bOHe1GIxZ0uNhZM
2025-11-25 15:35:13 INFO  c.e.crm_system_backend.utils.JwtUtil - Enter: JwtUtil:getEmail
2025-11-25 15:35:13 INFO  c.e.crm_system_backend.utils.JwtUtil - Exit: JwtUtil:getEmail
2025-11-25 15:35:13 INFO  c.e.crm_system_backend.utils.JwtUtil - Enter: JwtUtil:extractAllClaims
2025-11-25 15:35:13 INFO  c.e.crm_system_backend.utils.JwtUtil - Exit: JwtUtil:extractAllClaims
2025-11-25 15:35:13 INFO  c.e.crm_system_backend.utils.JwtUtil - Enter: JwtUtil:getSigningKey
2025-11-25 15:35:13 INFO  c.e.crm_system_backend.utils.JwtUtil - Exit: JwtUtil:getSigningKey
2025-11-25 15:35:13 INFO  c.e.c.interceptor.RequestInterceptor - Enter: RequestInterceptor.preHandle
2025-11-25 15:35:13 INFO  c.e.c.interceptor.RequestInterceptor - Request URI: /crm/lead/by/2
2025-11-25 15:35:13 INFO  c.e.c.interceptor.RequestInterceptor - Token: Bearer eyJhbGciOiJIUzI1NiJ9.eyJzdWIiOiIyIiwiZW1haWwiOiJha3NoYXlAZ21haWwuY29tIiwicm9sZSI6Ik1BU1RFUl9BRE1JTiIsImlhdCI6MTc2NDA2NDQ4MiwiZXhwIjoxNzY0MDY4MDgyfQ.FLTNmapnsAWAhbEeBxY-yV97fwE5bOHe1GIxZ0uNhZM
2025-11-25 15:35:13 INFO  c.e.crm_system_backend.utils.JwtUtil - Enter: JwtUtil:getEmail
2025-11-25 15:35:13 INFO  c.e.crm_system_backend.utils.JwtUtil - Exit: JwtUtil:getEmail
2025-11-25 15:35:13 INFO  c.e.crm_system_backend.utils.JwtUtil - Enter: JwtUtil:extractAllClaims
2025-11-25 15:35:13 INFO  c.e.crm_system_backend.utils.JwtUtil - Exit: JwtUtil:extractAllClaims
2025-11-25 15:35:13 INFO  c.e.crm_system_backend.utils.JwtUtil - Enter: JwtUtil:validateToken
2025-11-25 15:35:13 INFO  c.e.crm_system_backend.utils.JwtUtil - Enter: JwtUtil:getSigningKey
2025-11-25 15:35:13 INFO  c.e.crm_system_backend.utils.JwtUtil - Exit: JwtUtil:getSigningKey
2025-11-25 15:35:13 INFO  c.e.crm_system_backend.utils.JwtUtil - Enter: JwtUtil:getSigningKey
2025-11-25 15:35:13 INFO  c.e.crm_system_backend.utils.JwtUtil - Exit: JwtUtil:getSigningKey
2025-11-25 15:35:13 INFO  c.e.crm_system_backend.utils.JwtUtil - Enter: JwtUtil:validateToken
2025-11-25 15:35:13 INFO  c.e.crm_system_backend.utils.JwtUtil - Enter: JwtUtil:getSigningKey
2025-11-25 15:35:13 INFO  c.e.crm_system_backend.utils.JwtUtil - Exit: JwtUtil:getSigningKey
2025-11-25 15:35:13 INFO  c.e.crm_system_backend.utils.JwtUtil - Enter: JwtUtil:validateToken
2025-11-25 15:35:13 INFO  c.e.crm_system_backend.utils.JwtUtil - Enter: JwtUtil:getSigningKey
2025-11-25 15:35:13 INFO  c.e.crm_system_backend.utils.JwtUtil - Exit: JwtUtil:getSigningKey
2025-11-25 15:35:13 INFO  c.e.crm_system_backend.utils.JwtUtil - Enter: JwtUtil:validateToken
2025-11-25 15:35:13 INFO  c.e.crm_system_backend.utils.JwtUtil - Enter: JwtUtil:isTokenExpired
2025-11-25 15:35:13 INFO  c.e.crm_system_backend.utils.JwtUtil - Enter: JwtUtil:getSigningKey
2025-11-25 15:35:13 INFO  c.e.crm_system_backend.utils.JwtUtil - Exit: JwtUtil:getSigningKey
2025-11-25 15:35:13 INFO  c.e.crm_system_backend.utils.JwtUtil - Enter: JwtUtil:extractAllClaims
2025-11-25 15:35:13 INFO  c.e.crm_system_backend.utils.JwtUtil - Exit: JwtUtil:extractAllClaims
2025-11-25 15:35:13 INFO  c.e.crm_system_backend.utils.JwtUtil - Enter: JwtUtil:getSigningKey
2025-11-25 15:35:13 INFO  c.e.crm_system_backend.utils.JwtUtil - Exit: JwtUtil:getSigningKey
2025-11-25 15:35:13 INFO  c.e.crm_system_backend.utils.JwtUtil - Enter: JwtUtil:isTokenExpired
2025-11-25 15:35:13 INFO  c.e.crm_system_backend.utils.JwtUtil - Enter: JwtUtil:extractAllClaims
2025-11-25 15:35:13 INFO  c.e.crm_system_backend.utils.JwtUtil - Exit: JwtUtil:extractAllClaims
2025-11-25 15:35:13 INFO  c.e.crm_system_backend.utils.JwtUtil - Enter: JwtUtil:getSigningKey
2025-11-25 15:35:13 INFO  c.e.crm_system_backend.utils.JwtUtil - Exit: JwtUtil:getSigningKey
2025-11-25 15:35:13 INFO  c.e.c.s.s.UserSessionService - Enter : UserSessionService:findSessionByToken
2025-11-25 15:35:13 INFO  c.e.c.s.s.UserSessionService - token:eyJhbGciOiJIUzI1NiJ9.eyJzdWIiOiIyIiwiZW1haWwiOiJha3NoYXlAZ21haWwuY29tIiwicm9sZSI6Ik1BU1RFUl9BRE1JTiIsImlhdCI6MTc2NDA2NDQ4MiwiZXhwIjoxNzY0MDY4MDgyfQ.FLTNmapnsAWAhbEeBxY-yV97fwE5bOHe1GIxZ0uNhZM
2025-11-25 15:35:13 INFO  c.e.c.s.s.UserSessionService - email:akshay@gmail.com
2025-11-25 15:35:13 INFO  c.e.c.s.s.UserSessionService - Exit : UserSessionService:findSessionByToken
2025-11-25 15:35:13 INFO  c.e.c.s.s.UserSessionService - Enter : UserSessionService:findSessionByToken
2025-11-25 15:35:13 INFO  c.e.c.s.s.UserSessionService - token:eyJhbGciOiJIUzI1NiJ9.eyJzdWIiOiIyIiwiZW1haWwiOiJha3NoYXlAZ21haWwuY29tIiwicm9sZSI6Ik1BU1RFUl9BRE1JTiIsImlhdCI6MTc2NDA2NDQ4MiwiZXhwIjoxNzY0MDY4MDgyfQ.FLTNmapnsAWAhbEeBxY-yV97fwE5bOHe1GIxZ0uNhZM
2025-11-25 15:35:13 INFO  c.e.c.s.s.UserSessionService - email:akshay@gmail.com
2025-11-25 15:35:13 INFO  c.e.c.s.s.UserSessionService - Exit : UserSessionService:findSessionByToken
2025-11-25 15:35:13 INFO  c.e.crm_system_backend.utils.JwtUtil - Enter: JwtUtil:getRole
2025-11-25 15:35:13 INFO  c.e.crm_system_backend.utils.JwtUtil - Enter: JwtUtil:getRole
2025-11-25 15:35:13 INFO  c.e.crm_system_backend.utils.JwtUtil - Exit: JwtUtil:getRole
2025-11-25 15:35:13 INFO  c.e.crm_system_backend.utils.JwtUtil - Exit: JwtUtil:getRole
2025-11-25 15:35:13 INFO  c.e.crm_system_backend.utils.JwtUtil - Enter: JwtUtil:extractAllClaims
2025-11-25 15:35:13 INFO  c.e.crm_system_backend.utils.JwtUtil - Enter: JwtUtil:extractAllClaims
2025-11-25 15:35:13 INFO  c.e.crm_system_backend.utils.JwtUtil - Exit: JwtUtil:extractAllClaims
2025-11-25 15:35:13 INFO  c.e.crm_system_backend.utils.JwtUtil - Exit: JwtUtil:extractAllClaims
2025-11-25 15:35:13 INFO  c.e.crm_system_backend.utils.JwtUtil - Enter: JwtUtil:getSigningKey
2025-11-25 15:35:13 INFO  c.e.crm_system_backend.utils.JwtUtil - Enter: JwtUtil:getSigningKey
2025-11-25 15:35:13 INFO  c.e.crm_system_backend.utils.JwtUtil - Exit: JwtUtil:getSigningKey
2025-11-25 15:35:13 INFO  c.e.crm_system_backend.utils.JwtUtil - Exit: JwtUtil:getSigningKey
2025-11-25 15:35:13 INFO  c.e.crm_system_backend.utils.JwtUtil - Enter: JwtUtil:getId
2025-11-25 15:35:13 INFO  c.e.crm_system_backend.utils.JwtUtil - Enter: JwtUtil:getId
2025-11-25 15:35:13 INFO  c.e.crm_system_backend.utils.JwtUtil - Exit: JwtUtil:getId
2025-11-25 15:35:13 INFO  c.e.crm_system_backend.utils.JwtUtil - Exit: JwtUtil:getId
2025-11-25 15:35:13 INFO  c.e.crm_system_backend.utils.JwtUtil - Enter: JwtUtil:extractAllClaims
2025-11-25 15:35:13 INFO  c.e.crm_system_backend.utils.JwtUtil - Enter: JwtUtil:extractAllClaims
2025-11-25 15:35:13 INFO  c.e.crm_system_backend.utils.JwtUtil - Exit: JwtUtil:extractAllClaims
2025-11-25 15:35:13 INFO  c.e.crm_system_backend.utils.JwtUtil - Exit: JwtUtil:extractAllClaims
2025-11-25 15:35:13 INFO  c.e.crm_system_backend.utils.JwtUtil - Enter: JwtUtil:getSigningKey
2025-11-25 15:35:13 INFO  c.e.crm_system_backend.utils.JwtUtil - Exit: JwtUtil:getSigningKey
2025-11-25 15:35:13 INFO  c.e.crm_system_backend.utils.JwtUtil - Enter: JwtUtil:getSigningKey
2025-11-25 15:35:13 INFO  c.e.crm_system_backend.utils.JwtUtil - Exit: JwtUtil:getSigningKey
2025-11-25 15:35:13 INFO  c.e.c.interceptor.RoleInterceptor - Enter: RoleInterceptor.preHandle
2025-11-25 15:35:13 INFO  c.e.c.controller.UserController - userId:2
2025-11-25 15:35:13 INFO  c.e.c.handler.UserHandler - Enter : UserHandler:getUsers
2025-11-25 15:35:13 INFO  c.e.c.controller.LeadController - Enter: LeadController.getAllLeadsByUser
2025-11-25 15:35:13 INFO  c.e.c.s.serviceImpl.UserService - Enter : UserService:getUserById
2025-11-25 15:35:13 INFO  c.e.c.handler.LeadHandler - Enter: LeadHandler.getLeadsByUser
2025-11-25 15:35:13 INFO  c.e.c.s.serviceImpl.UserService - id:2
2025-11-25 15:35:13 INFO  c.e.c.s.serviceImpl.UserService - Enter : UserService:getUserById
2025-11-25 15:35:13 INFO  c.e.c.s.serviceImpl.UserService - Exit : UserService:getUserById
2025-11-25 15:35:13 INFO  c.e.c.s.serviceImpl.UserService - id:2
2025-11-25 15:35:13 INFO  c.e.c.s.serviceImpl.UserService - Exit : UserService:getUserById
2025-11-25 15:35:13 INFO  c.e.c.s.serviceImpl.UserService - Enter: UserService.getAllUsersRegisterById
2025-11-25 15:35:13 INFO  c.e.c.handler.UserHandler - Request for getting users is in user Handler for master admin
2025-11-25 15:35:13 INFO  c.e.c.s.serviceImpl.UserService - Enter : UserService:getAllUserByMasterAdmin
2025-11-25 15:35:13 INFO  c.e.c.s.serviceImpl.UserService - Exit: UserService.getAllUsersRegisterById
2025-11-25 15:35:13 INFO  c.e.c.s.serviceImpl.LeadService - Enter: LeadService.findByUserIn
2025-11-25 15:35:13 INFO  c.e.c.s.serviceImpl.UserService - users:[User(id=3, firstName=Akshay, lastName=jadhav, email=akshay2002@gmail.com, mobileNumber=8308575626, password=Akshay@123, address=, city=, state=, country=, pinCode=, role=USER, registeredBy=2, registeredOn=2025-11-10T18:23:51.032489), User(id=4, firstName=rohan, lastName=rote, email=rohan@yahoo.com, mobileNumber=8123456780, password=Admin@123, address=, city=, state=, country=, pinCode=, role=ADMIN, registeredBy=2, registeredOn=2025-11-20T19:47:50.780109)]
2025-11-25 15:35:13 INFO  c.e.c.s.serviceImpl.UserService - admins:[User(id=4, firstName=rohan, lastName=rote, email=rohan@yahoo.com, mobileNumber=8123456780, password=Admin@123, address=, city=, state=, country=, pinCode=, role=ADMIN, registeredBy=2, registeredOn=2025-11-20T19:47:50.780109)]
2025-11-25 15:35:13 INFO  c.e.c.s.serviceImpl.UserService - Enter : UserService:getAllUsersByAdmin
2025-11-25 15:35:13 INFO  c.e.c.s.serviceImpl.UserService - id:4
2025-11-25 15:35:13 INFO  c.e.c.s.serviceImpl.UserService - Exit : UserService:getAllUsersByAdmin
2025-11-25 15:35:13 INFO  c.e.c.s.serviceImpl.UserService - users2:[]
2025-11-25 15:35:13 INFO  c.e.c.s.serviceImpl.UserService - Exit : UserService:getAllUserByMasterAdmin
2025-11-25 15:35:13 INFO  c.e.c.handler.UserHandler - Exit : UserHandler:getUsers
2025-11-25 15:35:13 INFO  c.e.c.handler.LeadHandler - Exit: LeadHandler.getLeadsByUser
2025-11-25 15:35:13 INFO  c.e.c.interceptor.RequestInterceptor - Enter: RequestInterceptor.preHandle
2025-11-25 15:35:13 INFO  c.e.c.interceptor.RequestInterceptor - Request URI: /crm/lead/by/2
2025-11-25 15:35:13 INFO  c.e.c.interceptor.RequestInterceptor - Enter: RequestInterceptor.preHandle
2025-11-25 15:35:13 INFO  c.e.c.interceptor.RequestInterceptor - Request URI: /crm/user/users
2025-11-25 15:35:13 INFO  c.e.c.interceptor.RequestInterceptor - Token: Bearer eyJhbGciOiJIUzI1NiJ9.eyJzdWIiOiIyIiwiZW1haWwiOiJha3NoYXlAZ21haWwuY29tIiwicm9sZSI6Ik1BU1RFUl9BRE1JTiIsImlhdCI6MTc2NDA2NDQ4MiwiZXhwIjoxNzY0MDY4MDgyfQ.FLTNmapnsAWAhbEeBxY-yV97fwE5bOHe1GIxZ0uNhZM
2025-11-25 15:35:13 INFO  c.e.crm_system_backend.utils.JwtUtil - Enter: JwtUtil:getEmail
2025-11-25 15:35:13 INFO  c.e.crm_system_backend.utils.JwtUtil - Exit: JwtUtil:getEmail
2025-11-25 15:35:13 INFO  c.e.crm_system_backend.utils.JwtUtil - Enter: JwtUtil:extractAllClaims
2025-11-25 15:35:13 INFO  c.e.crm_system_backend.utils.JwtUtil - Exit: JwtUtil:extractAllClaims
2025-11-25 15:35:13 INFO  c.e.crm_system_backend.utils.JwtUtil - Enter: JwtUtil:getSigningKey
2025-11-25 15:35:13 INFO  c.e.crm_system_backend.utils.JwtUtil - Exit: JwtUtil:getSigningKey
2025-11-25 15:35:13 INFO  c.e.c.interceptor.RequestInterceptor - Enter: RequestInterceptor.preHandle
2025-11-25 15:35:13 INFO  c.e.c.interceptor.RequestInterceptor - Request URI: /crm/lead/by/2
2025-11-25 15:35:13 INFO  c.e.c.interceptor.RequestInterceptor - Token: Bearer eyJhbGciOiJIUzI1NiJ9.eyJzdWIiOiIyIiwiZW1haWwiOiJha3NoYXlAZ21haWwuY29tIiwicm9sZSI6Ik1BU1RFUl9BRE1JTiIsImlhdCI6MTc2NDA2NDQ4MiwiZXhwIjoxNzY0MDY4MDgyfQ.FLTNmapnsAWAhbEeBxY-yV97fwE5bOHe1GIxZ0uNhZM
2025-11-25 15:35:13 INFO  c.e.crm_system_backend.utils.JwtUtil - Enter: JwtUtil:getEmail
2025-11-25 15:35:13 INFO  c.e.crm_system_backend.utils.JwtUtil - Exit: JwtUtil:getEmail
2025-11-25 15:35:13 INFO  c.e.crm_system_backend.utils.JwtUtil - Enter: JwtUtil:extractAllClaims
2025-11-25 15:35:13 INFO  c.e.crm_system_backend.utils.JwtUtil - Exit: JwtUtil:extractAllClaims
2025-11-25 15:35:13 INFO  c.e.crm_system_backend.utils.JwtUtil - Enter: JwtUtil:getSigningKey
2025-11-25 15:35:13 INFO  c.e.crm_system_backend.utils.JwtUtil - Exit: JwtUtil:getSigningKey
2025-11-25 15:35:13 INFO  c.e.crm_system_backend.utils.JwtUtil - Enter: JwtUtil:validateToken
2025-11-25 15:35:13 INFO  c.e.crm_system_backend.utils.JwtUtil - Enter: JwtUtil:validateToken
2025-11-25 15:35:13 INFO  c.e.crm_system_backend.utils.JwtUtil - Enter: JwtUtil:getSigningKey
2025-11-25 15:35:13 INFO  c.e.crm_system_backend.utils.JwtUtil - Exit: JwtUtil:getSigningKey
2025-11-25 15:35:13 INFO  c.e.crm_system_backend.utils.JwtUtil - Enter: JwtUtil:getSigningKey
2025-11-25 15:35:13 INFO  c.e.crm_system_backend.utils.JwtUtil - Exit: JwtUtil:getSigningKey
2025-11-25 15:35:13 INFO  c.e.crm_system_backend.utils.JwtUtil - Enter: JwtUtil:validateToken
2025-11-25 15:35:13 INFO  c.e.crm_system_backend.utils.JwtUtil - Enter: JwtUtil:getSigningKey
2025-11-25 15:35:13 INFO  c.e.crm_system_backend.utils.JwtUtil - Exit: JwtUtil:getSigningKey
2025-11-25 15:35:13 INFO  c.e.crm_system_backend.utils.JwtUtil - Enter: JwtUtil:validateToken
2025-11-25 15:35:13 INFO  c.e.crm_system_backend.utils.JwtUtil - Enter: JwtUtil:getSigningKey
2025-11-25 15:35:13 INFO  c.e.crm_system_backend.utils.JwtUtil - Exit: JwtUtil:getSigningKey
2025-11-25 15:35:13 INFO  c.e.crm_system_backend.utils.JwtUtil - Enter: JwtUtil:isTokenExpired
2025-11-25 15:35:13 INFO  c.e.crm_system_backend.utils.JwtUtil - Enter: JwtUtil:extractAllClaims
2025-11-25 15:35:13 INFO  c.e.crm_system_backend.utils.JwtUtil - Exit: JwtUtil:extractAllClaims
2025-11-25 15:35:13 INFO  c.e.crm_system_backend.utils.JwtUtil - Enter: JwtUtil:getSigningKey
2025-11-25 15:35:13 INFO  c.e.crm_system_backend.utils.JwtUtil - Exit: JwtUtil:getSigningKey
2025-11-25 15:35:13 INFO  c.e.crm_system_backend.utils.JwtUtil - Enter: JwtUtil:isTokenExpired
2025-11-25 15:35:13 INFO  c.e.crm_system_backend.utils.JwtUtil - Enter: JwtUtil:extractAllClaims
2025-11-25 15:35:13 INFO  c.e.crm_system_backend.utils.JwtUtil - Exit: JwtUtil:extractAllClaims
2025-11-25 15:35:13 INFO  c.e.crm_system_backend.utils.JwtUtil - Enter: JwtUtil:getSigningKey
2025-11-25 15:35:13 INFO  c.e.crm_system_backend.utils.JwtUtil - Exit: JwtUtil:getSigningKey
2025-11-25 15:35:13 INFO  c.e.c.s.s.UserSessionService - Enter : UserSessionService:findSessionByToken
2025-11-25 15:35:13 INFO  c.e.c.s.s.UserSessionService - Enter : UserSessionService:findSessionByToken
2025-11-25 15:35:13 INFO  c.e.c.s.s.UserSessionService - token:eyJhbGciOiJIUzI1NiJ9.eyJzdWIiOiIyIiwiZW1haWwiOiJha3NoYXlAZ21haWwuY29tIiwicm9sZSI6Ik1BU1RFUl9BRE1JTiIsImlhdCI6MTc2NDA2NDQ4MiwiZXhwIjoxNzY0MDY4MDgyfQ.FLTNmapnsAWAhbEeBxY-yV97fwE5bOHe1GIxZ0uNhZM
2025-11-25 15:35:13 INFO  c.e.c.s.s.UserSessionService - token:eyJhbGciOiJIUzI1NiJ9.eyJzdWIiOiIyIiwiZW1haWwiOiJha3NoYXlAZ21haWwuY29tIiwicm9sZSI6Ik1BU1RFUl9BRE1JTiIsImlhdCI6MTc2NDA2NDQ4MiwiZXhwIjoxNzY0MDY4MDgyfQ.FLTNmapnsAWAhbEeBxY-yV97fwE5bOHe1GIxZ0uNhZM
2025-11-25 15:35:13 INFO  c.e.c.s.s.UserSessionService - email:akshay@gmail.com
2025-11-25 15:35:13 INFO  c.e.c.s.s.UserSessionService - email:akshay@gmail.com
2025-11-25 15:35:13 INFO  c.e.c.s.s.UserSessionService - Exit : UserSessionService:findSessionByToken
2025-11-25 15:35:13 INFO  c.e.c.s.s.UserSessionService - Exit : UserSessionService:findSessionByToken
2025-11-25 15:35:14 INFO  c.e.crm_system_backend.utils.JwtUtil - Enter: JwtUtil:getRole
2025-11-25 15:35:14 INFO  c.e.crm_system_backend.utils.JwtUtil - Enter: JwtUtil:getRole
2025-11-25 15:35:14 INFO  c.e.crm_system_backend.utils.JwtUtil - Exit: JwtUtil:getRole
2025-11-25 15:35:14 INFO  c.e.crm_system_backend.utils.JwtUtil - Exit: JwtUtil:getRole
2025-11-25 15:35:14 INFO  c.e.crm_system_backend.utils.JwtUtil - Enter: JwtUtil:extractAllClaims
2025-11-25 15:35:14 INFO  c.e.crm_system_backend.utils.JwtUtil - Enter: JwtUtil:extractAllClaims
2025-11-25 15:35:14 INFO  c.e.crm_system_backend.utils.JwtUtil - Exit: JwtUtil:extractAllClaims
2025-11-25 15:35:14 INFO  c.e.crm_system_backend.utils.JwtUtil - Enter: JwtUtil:getSigningKey
2025-11-25 15:35:14 INFO  c.e.crm_system_backend.utils.JwtUtil - Exit: JwtUtil:extractAllClaims
2025-11-25 15:35:14 INFO  c.e.crm_system_backend.utils.JwtUtil - Exit: JwtUtil:getSigningKey
2025-11-25 15:35:14 INFO  c.e.crm_system_backend.utils.JwtUtil - Enter: JwtUtil:getSigningKey
2025-11-25 15:35:14 INFO  c.e.crm_system_backend.utils.JwtUtil - Exit: JwtUtil:getSigningKey
2025-11-25 15:35:14 INFO  c.e.crm_system_backend.utils.JwtUtil - Enter: JwtUtil:getId
2025-11-25 15:35:14 INFO  c.e.crm_system_backend.utils.JwtUtil - Exit: JwtUtil:getId
2025-11-25 15:35:14 INFO  c.e.crm_system_backend.utils.JwtUtil - Enter: JwtUtil:extractAllClaims
2025-11-25 15:35:14 INFO  c.e.crm_system_backend.utils.JwtUtil - Exit: JwtUtil:extractAllClaims
2025-11-25 15:35:14 INFO  c.e.crm_system_backend.utils.JwtUtil - Enter: JwtUtil:getSigningKey
2025-11-25 15:35:14 INFO  c.e.crm_system_backend.utils.JwtUtil - Exit: JwtUtil:getSigningKey
2025-11-25 15:35:14 INFO  c.e.crm_system_backend.utils.JwtUtil - Enter: JwtUtil:getId
2025-11-25 15:35:14 INFO  c.e.crm_system_backend.utils.JwtUtil - Exit: JwtUtil:getId
2025-11-25 15:35:14 INFO  c.e.crm_system_backend.utils.JwtUtil - Enter: JwtUtil:extractAllClaims
2025-11-25 15:35:14 INFO  c.e.crm_system_backend.utils.JwtUtil - Exit: JwtUtil:extractAllClaims
2025-11-25 15:35:14 INFO  c.e.crm_system_backend.utils.JwtUtil - Enter: JwtUtil:getSigningKey
2025-11-25 15:35:14 INFO  c.e.crm_system_backend.utils.JwtUtil - Exit: JwtUtil:getSigningKey
2025-11-25 15:35:14 INFO  c.e.c.interceptor.RoleInterceptor - Enter: RoleInterceptor.preHandle
2025-11-25 15:35:14 INFO  c.e.c.controller.UserController - userId:2
2025-11-25 15:35:14 INFO  c.e.c.handler.UserHandler - Enter : UserHandler:getUsers
2025-11-25 15:35:14 INFO  c.e.c.s.serviceImpl.UserService - Enter : UserService:getUserById
2025-11-25 15:35:14 INFO  c.e.c.s.serviceImpl.UserService - id:2
2025-11-25 15:35:14 INFO  c.e.c.s.serviceImpl.UserService - Exit : UserService:getUserById
2025-11-25 15:35:14 INFO  c.e.c.controller.LeadController - Enter: LeadController.getAllLeadsByUser
2025-11-25 15:35:14 INFO  c.e.c.handler.LeadHandler - Enter: LeadHandler.getLeadsByUser
2025-11-25 15:35:14 INFO  c.e.c.s.serviceImpl.UserService - Enter : UserService:getUserById
2025-11-25 15:35:14 INFO  c.e.c.s.serviceImpl.UserService - id:2
2025-11-25 15:35:14 INFO  c.e.c.s.serviceImpl.UserService - Exit : UserService:getUserById
2025-11-25 15:35:14 INFO  c.e.c.s.serviceImpl.UserService - Enter: UserService.getAllUsersRegisterById
2025-11-25 15:35:14 INFO  c.e.c.handler.UserHandler - Request for getting users is in user Handler for master admin
2025-11-25 15:35:14 INFO  c.e.c.s.serviceImpl.UserService - Enter : UserService:getAllUserByMasterAdmin
2025-11-25 15:35:14 INFO  c.e.c.s.serviceImpl.UserService - Exit: UserService.getAllUsersRegisterById
2025-11-25 15:35:14 INFO  c.e.c.s.serviceImpl.LeadService - Enter: LeadService.findByUserIn
2025-11-25 15:35:14 INFO  c.e.c.s.serviceImpl.UserService - users:[User(id=3, firstName=Akshay, lastName=jadhav, email=akshay2002@gmail.com, mobileNumber=8308575626, password=Akshay@123, address=, city=, state=, country=, pinCode=, role=USER, registeredBy=2, registeredOn=2025-11-10T18:23:51.032489), User(id=4, firstName=rohan, lastName=rote, email=rohan@yahoo.com, mobileNumber=8123456780, password=Admin@123, address=, city=, state=, country=, pinCode=, role=ADMIN, registeredBy=2, registeredOn=2025-11-20T19:47:50.780109)]
2025-11-25 15:35:14 INFO  c.e.c.s.serviceImpl.UserService - admins:[User(id=4, firstName=rohan, lastName=rote, email=rohan@yahoo.com, mobileNumber=8123456780, password=Admin@123, address=, city=, state=, country=, pinCode=, role=ADMIN, registeredBy=2, registeredOn=2025-11-20T19:47:50.780109)]
2025-11-25 15:35:14 INFO  c.e.c.s.serviceImpl.UserService - Enter : UserService:getAllUsersByAdmin
2025-11-25 15:35:14 INFO  c.e.c.s.serviceImpl.UserService - id:4
2025-11-25 15:35:14 INFO  c.e.c.s.serviceImpl.UserService - Exit : UserService:getAllUsersByAdmin
2025-11-25 15:35:14 INFO  c.e.c.handler.LeadHandler - Exit: LeadHandler.getLeadsByUser
2025-11-25 15:35:14 INFO  c.e.c.s.serviceImpl.UserService - users2:[]
2025-11-25 15:35:14 INFO  c.e.c.s.serviceImpl.UserService - Exit : UserService:getAllUserByMasterAdmin
2025-11-25 15:35:14 INFO  c.e.c.handler.UserHandler - Exit : UserHandler:getUsers
2025-11-25 15:49:51 INFO  org.quartz.core.QuartzScheduler - Scheduler quartzScheduler_$_NON_CLUSTERED paused.
2025-11-25 15:49:51 INFO  o.s.b.w.e.tomcat.GracefulShutdown - Commencing graceful shutdown. Waiting for active requests to complete
2025-11-25 15:49:58 INFO  o.h.validator.internal.util.Version - HV000001: Hibernate Validator 8.0.3.Final
2025-11-25 15:49:58 INFO  c.e.c.CrmSystemBackendApplication - Starting CrmSystemBackendApplication using Java 17.0.16 with PID 22864 (D:\assignments\case_studys\crm-system\crm-system-backend\target\classes started by Perennial in D:\assignments\case_studys\crm-system)
2025-11-25 15:49:58 INFO  c.e.c.CrmSystemBackendApplication - No active profile set, falling back to 1 default profile: "default"
2025-11-25 15:49:59 INFO  o.s.d.r.c.RepositoryConfigurationDelegate - Bootstrapping Spring Data JPA repositories in DEFAULT mode.
2025-11-25 15:49:59 INFO  o.s.d.r.c.RepositoryConfigurationDelegate - Finished Spring Data repository scanning in 114 ms. Found 5 JPA repository interfaces.
2025-11-25 15:50:00 INFO  o.s.b.w.e.tomcat.TomcatWebServer - Tomcat initialized with port 8080 (http)
2025-11-25 15:50:00 INFO  o.a.coyote.http11.Http11NioProtocol - Initializing ProtocolHandler ["http-nio-8080"]
2025-11-25 15:50:00 INFO  o.a.catalina.core.StandardService - Starting service [Tomcat]
2025-11-25 15:50:00 INFO  o.a.catalina.core.StandardEngine - Starting Servlet engine: [Apache Tomcat/10.1.48]
2025-11-25 15:50:00 INFO  o.apache.jasper.servlet.TldScanner - At least one JAR was scanned for TLDs yet contained no TLDs. Enable debug logging for this logger for a complete list of JARs that were scanned but no TLDs were found in them. Skipping unneeded JARs during scanning can improve startup time and JSP compilation time.
2025-11-25 15:50:00 INFO  o.a.c.c.C.[Tomcat].[localhost].[/] - Initializing Spring embedded WebApplicationContext
2025-11-25 15:50:00 INFO  o.s.b.w.s.c.ServletWebServerApplicationContext - Root WebApplicationContext: initialization completed in 1802 ms
2025-11-25 15:50:00 INFO  com.zaxxer.hikari.HikariDataSource - HikariPool-1 - Starting...
2025-11-25 15:50:00 INFO  com.zaxxer.hikari.pool.HikariPool - HikariPool-1 - Added connection com.mysql.cj.jdbc.ConnectionImpl@2cee5365
2025-11-25 15:50:00 INFO  com.zaxxer.hikari.HikariDataSource - HikariPool-1 - Start completed.
2025-11-25 15:50:01 INFO  o.h.jpa.internal.util.LogHelper - HHH000204: Processing PersistenceUnitInfo [name: default]
2025-11-25 15:50:01 INFO  org.hibernate.Version - HHH000412: Hibernate ORM core version 6.6.33.Final
2025-11-25 15:50:01 INFO  o.h.c.i.RegionFactoryInitiator - HHH000026: Second-level cache disabled
2025-11-25 15:50:02 INFO  o.s.o.j.p.SpringPersistenceUnitInfo - No LoadTimeWeaver setup: ignoring JPA class transformer
2025-11-25 15:50:02 INFO  o.hibernate.orm.connections.pooling - HHH10001005: Database info:
	Database JDBC URL [Connecting through datasource 'HikariDataSource (HikariPool-1)']
	Database driver: undefined/unknown
	Database version: 8.0.43
	Autocommit mode: undefined/unknown
	Isolation level: undefined/unknown
	Minimum pool size: undefined/unknown
	Maximum pool size: undefined/unknown
2025-11-25 15:50:03 INFO  o.h.e.t.j.p.i.JtaPlatformInitiator - HHH000489: No JTA platform available (set 'hibernate.transaction.jta.platform' to enable JTA platform integration)
2025-11-25 15:50:03 INFO  o.s.o.j.LocalContainerEntityManagerFactoryBean - Initialized JPA EntityManagerFactory for persistence unit 'default'
2025-11-25 15:50:04 INFO  org.quartz.impl.StdSchedulerFactory - Using default implementation for ThreadExecutor
2025-11-25 15:50:04 INFO  o.quartz.core.SchedulerSignalerImpl - Initialized Scheduler Signaller of type: class org.quartz.core.SchedulerSignalerImpl
2025-11-25 15:50:04 INFO  org.quartz.core.QuartzScheduler - Quartz Scheduler v2.5.0 created.
2025-11-25 15:50:04 INFO  o.s.s.quartz.LocalDataSourceJobStore - Using db table-based data access locking (synchronization).
2025-11-25 15:50:04 INFO  o.s.s.quartz.LocalDataSourceJobStore - JobStoreCMT initialized.
2025-11-25 15:50:04 INFO  org.quartz.core.QuartzScheduler - Scheduler meta-data: Quartz Scheduler (v2.5.0) 'quartzScheduler' with instanceId 'NON_CLUSTERED'
  Scheduler class: 'org.quartz.core.QuartzScheduler' - running locally.
  NOT STARTED.
  Currently in standby mode.
  Number of jobs executed: 0
  Using thread pool 'org.quartz.simpl.SimpleThreadPool' - with 5 threads.
  Using job-store 'org.springframework.scheduling.quartz.LocalDataSourceJobStore' - which supports persistence. and is not clustered.

2025-11-25 15:50:04 INFO  org.quartz.impl.StdSchedulerFactory - Quartz scheduler 'quartzScheduler' initialized from an externally provided properties instance.
2025-11-25 15:50:04 INFO  org.quartz.impl.StdSchedulerFactory - Quartz scheduler version: 2.5.0
2025-11-25 15:50:04 INFO  org.quartz.core.QuartzScheduler - JobFactory set to: org.springframework.scheduling.quartz.SpringBeanJobFactory@2c9af700
2025-11-25 15:50:04 INFO  o.s.d.j.r.query.QueryEnhancerFactory - Hibernate is in classpath; If applicable, HQL parser will be used.
2025-11-25 15:50:05 WARN  o.s.b.a.o.j.JpaBaseConfiguration$JpaWebConfiguration - spring.jpa.open-in-view is enabled by default. Therefore, database queries may be performed during view rendering. Explicitly configure spring.jpa.open-in-view to disable this warning
2025-11-25 15:50:06 INFO  o.a.coyote.http11.Http11NioProtocol - Starting ProtocolHandler ["http-nio-8080"]
2025-11-25 15:50:06 INFO  o.s.b.w.e.tomcat.TomcatWebServer - Tomcat started on port 8080 (http) with context path '/'
2025-11-25 15:50:06 INFO  o.s.s.quartz.SchedulerFactoryBean - Starting Quartz Scheduler now
2025-11-25 15:50:06 INFO  o.s.s.quartz.LocalDataSourceJobStore - Freed 0 triggers from 'acquired' / 'blocked' state.
2025-11-25 15:50:06 INFO  o.s.s.quartz.LocalDataSourceJobStore - Recovering 0 jobs that were in-progress at the time of the last shut-down.
2025-11-25 15:50:06 INFO  o.s.s.quartz.LocalDataSourceJobStore - Recovery complete.
2025-11-25 15:50:06 INFO  o.s.s.quartz.LocalDataSourceJobStore - Removed 0 'complete' triggers.
2025-11-25 15:50:06 INFO  o.s.s.quartz.LocalDataSourceJobStore - Removed 0 stale fired job entries.
2025-11-25 15:50:06 INFO  org.quartz.core.QuartzScheduler - Scheduler quartzScheduler_$_NON_CLUSTERED started.
2025-11-25 15:50:06 INFO  c.e.c.CrmSystemBackendApplication - Started CrmSystemBackendApplication in 8.302 seconds (process running for 9.446)
2025-11-25 15:50:10 INFO  o.a.c.c.C.[Tomcat].[localhost].[/] - Initializing Spring DispatcherServlet 'dispatcherServlet'
2025-11-25 15:50:10 INFO  o.s.web.servlet.DispatcherServlet - Initializing Servlet 'dispatcherServlet'
2025-11-25 15:50:10 INFO  o.s.web.servlet.DispatcherServlet - Completed initialization in 0 ms
2025-11-25 15:55:18 INFO  org.quartz.core.QuartzScheduler - Scheduler quartzScheduler_$_NON_CLUSTERED paused.
2025-11-25 15:55:18 INFO  o.s.b.w.e.tomcat.GracefulShutdown - Commencing graceful shutdown. Waiting for active requests to complete
2025-11-25 15:55:27 INFO  o.h.validator.internal.util.Version - HV000001: Hibernate Validator 8.0.3.Final
2025-11-25 15:55:28 INFO  c.e.c.CrmSystemBackendApplication - Starting CrmSystemBackendApplication using Java 17.0.16 with PID 27416 (D:\assignments\case_studys\crm-system\crm-system-backend\target\classes started by Perennial in D:\assignments\case_studys\crm-system)
2025-11-25 15:55:28 INFO  c.e.c.CrmSystemBackendApplication - No active profile set, falling back to 1 default profile: "default"
2025-11-25 15:55:28 INFO  o.s.d.r.c.RepositoryConfigurationDelegate - Bootstrapping Spring Data JPA repositories in DEFAULT mode.
2025-11-25 15:55:29 INFO  o.s.d.r.c.RepositoryConfigurationDelegate - Finished Spring Data repository scanning in 100 ms. Found 5 JPA repository interfaces.
2025-11-25 15:55:29 INFO  o.s.b.w.e.tomcat.TomcatWebServer - Tomcat initialized with port 8080 (http)
2025-11-25 15:55:29 INFO  o.a.coyote.http11.Http11NioProtocol - Initializing ProtocolHandler ["http-nio-8080"]
2025-11-25 15:55:29 INFO  o.a.catalina.core.StandardService - Starting service [Tomcat]
2025-11-25 15:55:29 INFO  o.a.catalina.core.StandardEngine - Starting Servlet engine: [Apache Tomcat/10.1.48]
2025-11-25 15:55:29 INFO  o.apache.jasper.servlet.TldScanner - At least one JAR was scanned for TLDs yet contained no TLDs. Enable debug logging for this logger for a complete list of JARs that were scanned but no TLDs were found in them. Skipping unneeded JARs during scanning can improve startup time and JSP compilation time.
2025-11-25 15:55:29 INFO  o.a.c.c.C.[Tomcat].[localhost].[/] - Initializing Spring embedded WebApplicationContext
2025-11-25 15:55:29 INFO  o.s.b.w.s.c.ServletWebServerApplicationContext - Root WebApplicationContext: initialization completed in 1902 ms
2025-11-25 15:55:30 INFO  com.zaxxer.hikari.HikariDataSource - HikariPool-1 - Starting...
2025-11-25 15:55:30 INFO  com.zaxxer.hikari.pool.HikariPool - HikariPool-1 - Added connection com.mysql.cj.jdbc.ConnectionImpl@50dc49e1
2025-11-25 15:55:30 INFO  com.zaxxer.hikari.HikariDataSource - HikariPool-1 - Start completed.
2025-11-25 15:55:31 INFO  o.h.jpa.internal.util.LogHelper - HHH000204: Processing PersistenceUnitInfo [name: default]
2025-11-25 15:55:31 INFO  org.hibernate.Version - HHH000412: Hibernate ORM core version 6.6.33.Final
2025-11-25 15:55:31 INFO  o.h.c.i.RegionFactoryInitiator - HHH000026: Second-level cache disabled
2025-11-25 15:55:31 INFO  o.s.o.j.p.SpringPersistenceUnitInfo - No LoadTimeWeaver setup: ignoring JPA class transformer
2025-11-25 15:55:31 INFO  o.hibernate.orm.connections.pooling - HHH10001005: Database info:
	Database JDBC URL [Connecting through datasource 'HikariDataSource (HikariPool-1)']
	Database driver: undefined/unknown
	Database version: 8.0.43
	Autocommit mode: undefined/unknown
	Isolation level: undefined/unknown
	Minimum pool size: undefined/unknown
	Maximum pool size: undefined/unknown
2025-11-25 15:55:32 INFO  o.h.e.t.j.p.i.JtaPlatformInitiator - HHH000489: No JTA platform available (set 'hibernate.transaction.jta.platform' to enable JTA platform integration)
2025-11-25 15:55:33 INFO  o.s.o.j.LocalContainerEntityManagerFactoryBean - Initialized JPA EntityManagerFactory for persistence unit 'default'
2025-11-25 15:55:33 INFO  org.quartz.impl.StdSchedulerFactory - Using default implementation for ThreadExecutor
2025-11-25 15:55:33 INFO  o.quartz.core.SchedulerSignalerImpl - Initialized Scheduler Signaller of type: class org.quartz.core.SchedulerSignalerImpl
2025-11-25 15:55:33 INFO  org.quartz.core.QuartzScheduler - Quartz Scheduler v2.5.0 created.
2025-11-25 15:55:33 INFO  o.s.s.quartz.LocalDataSourceJobStore - Using db table-based data access locking (synchronization).
2025-11-25 15:55:33 INFO  o.s.s.quartz.LocalDataSourceJobStore - JobStoreCMT initialized.
2025-11-25 15:55:33 INFO  org.quartz.core.QuartzScheduler - Scheduler meta-data: Quartz Scheduler (v2.5.0) 'quartzScheduler' with instanceId 'NON_CLUSTERED'
  Scheduler class: 'org.quartz.core.QuartzScheduler' - running locally.
  NOT STARTED.
  Currently in standby mode.
  Number of jobs executed: 0
  Using thread pool 'org.quartz.simpl.SimpleThreadPool' - with 5 threads.
  Using job-store 'org.springframework.scheduling.quartz.LocalDataSourceJobStore' - which supports persistence. and is not clustered.

2025-11-25 15:55:33 INFO  org.quartz.impl.StdSchedulerFactory - Quartz scheduler 'quartzScheduler' initialized from an externally provided properties instance.
2025-11-25 15:55:33 INFO  org.quartz.impl.StdSchedulerFactory - Quartz scheduler version: 2.5.0
2025-11-25 15:55:33 INFO  org.quartz.core.QuartzScheduler - JobFactory set to: org.springframework.scheduling.quartz.SpringBeanJobFactory@1c5f6292
2025-11-25 15:55:34 INFO  o.s.d.j.r.query.QueryEnhancerFactory - Hibernate is in classpath; If applicable, HQL parser will be used.
2025-11-25 15:55:35 WARN  o.s.b.a.o.j.JpaBaseConfiguration$JpaWebConfiguration - spring.jpa.open-in-view is enabled by default. Therefore, database queries may be performed during view rendering. Explicitly configure spring.jpa.open-in-view to disable this warning
2025-11-25 15:55:35 INFO  o.a.coyote.http11.Http11NioProtocol - Starting ProtocolHandler ["http-nio-8080"]
2025-11-25 15:55:36 INFO  o.s.b.w.e.tomcat.TomcatWebServer - Tomcat started on port 8080 (http) with context path '/'
2025-11-25 15:55:36 INFO  o.s.s.quartz.SchedulerFactoryBean - Starting Quartz Scheduler now
2025-11-25 15:55:36 INFO  o.s.s.quartz.LocalDataSourceJobStore - Freed 0 triggers from 'acquired' / 'blocked' state.
2025-11-25 15:55:36 INFO  o.s.s.quartz.LocalDataSourceJobStore - Recovering 0 jobs that were in-progress at the time of the last shut-down.
2025-11-25 15:55:36 INFO  o.s.s.quartz.LocalDataSourceJobStore - Recovery complete.
2025-11-25 15:55:36 INFO  o.s.s.quartz.LocalDataSourceJobStore - Removed 0 'complete' triggers.
2025-11-25 15:55:36 INFO  o.s.s.quartz.LocalDataSourceJobStore - Removed 0 stale fired job entries.
2025-11-25 15:55:36 INFO  org.quartz.core.QuartzScheduler - Scheduler quartzScheduler_$_NON_CLUSTERED started.
2025-11-25 15:55:36 INFO  c.e.c.CrmSystemBackendApplication - Started CrmSystemBackendApplication in 8.793 seconds (process running for 10.597)
2025-11-25 15:56:06 INFO  o.a.c.c.C.[Tomcat].[localhost].[/] - Initializing Spring DispatcherServlet 'dispatcherServlet'
2025-11-25 15:56:06 INFO  o.s.web.servlet.DispatcherServlet - Initializing Servlet 'dispatcherServlet'
2025-11-25 15:56:06 INFO  o.s.web.servlet.DispatcherServlet - Completed initialization in 2 ms
2025-11-25 15:59:49 WARN  com.zaxxer.hikari.pool.HikariPool - HikariPool-1 - Thread starvation or clock leap detected (housekeeper delta=2m16s102ms709µs100ns).
2025-11-25 16:06:49 INFO  org.quartz.core.QuartzScheduler - Scheduler quartzScheduler_$_NON_CLUSTERED paused.
2025-11-25 16:06:49 INFO  o.s.b.w.e.tomcat.GracefulShutdown - Commencing graceful shutdown. Waiting for active requests to complete
2025-11-25 16:21:36 INFO  o.h.validator.internal.util.Version - HV000001: Hibernate Validator 8.0.3.Final
2025-11-25 16:21:36 INFO  c.e.c.CrmSystemBackendApplication - Starting CrmSystemBackendApplication using Java 17.0.16 with PID 17192 (D:\assignments\case_studys\crm-system\crm-system-backend\target\classes started by Perennial in D:\assignments\case_studys\crm-system)
2025-11-25 16:21:36 INFO  c.e.c.CrmSystemBackendApplication - No active profile set, falling back to 1 default profile: "default"
2025-11-25 16:21:37 INFO  o.s.d.r.c.RepositoryConfigurationDelegate - Bootstrapping Spring Data JPA repositories in DEFAULT mode.
2025-11-25 16:21:37 INFO  o.s.d.r.c.RepositoryConfigurationDelegate - Finished Spring Data repository scanning in 107 ms. Found 5 JPA repository interfaces.
2025-11-25 16:21:38 INFO  o.s.b.w.e.tomcat.TomcatWebServer - Tomcat initialized with port 8080 (http)
2025-11-25 16:21:38 INFO  o.a.coyote.http11.Http11NioProtocol - Initializing ProtocolHandler ["http-nio-8080"]
2025-11-25 16:21:38 INFO  o.a.catalina.core.StandardService - Starting service [Tomcat]
2025-11-25 16:21:38 INFO  o.a.catalina.core.StandardEngine - Starting Servlet engine: [Apache Tomcat/10.1.48]
2025-11-25 16:21:38 INFO  o.apache.jasper.servlet.TldScanner - At least one JAR was scanned for TLDs yet contained no TLDs. Enable debug logging for this logger for a complete list of JARs that were scanned but no TLDs were found in them. Skipping unneeded JARs during scanning can improve startup time and JSP compilation time.
2025-11-25 16:21:38 INFO  o.a.c.c.C.[Tomcat].[localhost].[/] - Initializing Spring embedded WebApplicationContext
2025-11-25 16:21:38 INFO  o.s.b.w.s.c.ServletWebServerApplicationContext - Root WebApplicationContext: initialization completed in 2278 ms
2025-11-25 16:21:39 INFO  com.zaxxer.hikari.HikariDataSource - HikariPool-1 - Starting...
2025-11-25 16:21:39 INFO  com.zaxxer.hikari.pool.HikariPool - HikariPool-1 - Added connection com.mysql.cj.jdbc.ConnectionImpl@781c2497
2025-11-25 16:21:39 INFO  com.zaxxer.hikari.HikariDataSource - HikariPool-1 - Start completed.
2025-11-25 16:21:40 INFO  o.h.jpa.internal.util.LogHelper - HHH000204: Processing PersistenceUnitInfo [name: default]
2025-11-25 16:21:40 INFO  org.hibernate.Version - HHH000412: Hibernate ORM core version 6.6.33.Final
2025-11-25 16:21:40 INFO  o.h.c.i.RegionFactoryInitiator - HHH000026: Second-level cache disabled
2025-11-25 16:21:40 INFO  o.s.o.j.p.SpringPersistenceUnitInfo - No LoadTimeWeaver setup: ignoring JPA class transformer
2025-11-25 16:21:40 INFO  o.hibernate.orm.connections.pooling - HHH10001005: Database info:
	Database JDBC URL [Connecting through datasource 'HikariDataSource (HikariPool-1)']
	Database driver: undefined/unknown
	Database version: 8.0.43
	Autocommit mode: undefined/unknown
	Isolation level: undefined/unknown
	Minimum pool size: undefined/unknown
	Maximum pool size: undefined/unknown
2025-11-25 16:21:42 INFO  o.h.e.t.j.p.i.JtaPlatformInitiator - HHH000489: No JTA platform available (set 'hibernate.transaction.jta.platform' to enable JTA platform integration)
2025-11-25 16:21:42 INFO  o.s.o.j.LocalContainerEntityManagerFactoryBean - Initialized JPA EntityManagerFactory for persistence unit 'default'
2025-11-25 16:21:42 INFO  org.quartz.impl.StdSchedulerFactory - Using default implementation for ThreadExecutor
2025-11-25 16:21:42 INFO  o.quartz.core.SchedulerSignalerImpl - Initialized Scheduler Signaller of type: class org.quartz.core.SchedulerSignalerImpl
2025-11-25 16:21:42 INFO  org.quartz.core.QuartzScheduler - Quartz Scheduler v2.5.0 created.
2025-11-25 16:21:42 INFO  o.s.s.quartz.LocalDataSourceJobStore - Using db table-based data access locking (synchronization).
2025-11-25 16:21:42 INFO  o.s.s.quartz.LocalDataSourceJobStore - JobStoreCMT initialized.
2025-11-25 16:21:42 INFO  org.quartz.core.QuartzScheduler - Scheduler meta-data: Quartz Scheduler (v2.5.0) 'quartzScheduler' with instanceId 'NON_CLUSTERED'
  Scheduler class: 'org.quartz.core.QuartzScheduler' - running locally.
  NOT STARTED.
  Currently in standby mode.
  Number of jobs executed: 0
  Using thread pool 'org.quartz.simpl.SimpleThreadPool' - with 5 threads.
  Using job-store 'org.springframework.scheduling.quartz.LocalDataSourceJobStore' - which supports persistence. and is not clustered.

2025-11-25 16:21:42 INFO  org.quartz.impl.StdSchedulerFactory - Quartz scheduler 'quartzScheduler' initialized from an externally provided properties instance.
2025-11-25 16:21:42 INFO  org.quartz.impl.StdSchedulerFactory - Quartz scheduler version: 2.5.0
2025-11-25 16:21:42 INFO  org.quartz.core.QuartzScheduler - JobFactory set to: org.springframework.scheduling.quartz.SpringBeanJobFactory@6c89c92e
2025-11-25 16:21:43 INFO  o.s.d.j.r.query.QueryEnhancerFactory - Hibernate is in classpath; If applicable, HQL parser will be used.
2025-11-25 16:21:44 WARN  o.s.b.a.o.j.JpaBaseConfiguration$JpaWebConfiguration - spring.jpa.open-in-view is enabled by default. Therefore, database queries may be performed during view rendering. Explicitly configure spring.jpa.open-in-view to disable this warning
2025-11-25 16:21:45 INFO  o.a.coyote.http11.Http11NioProtocol - Starting ProtocolHandler ["http-nio-8080"]
2025-11-25 16:21:45 INFO  o.s.b.w.e.tomcat.TomcatWebServer - Tomcat started on port 8080 (http) with context path '/'
2025-11-25 16:21:45 INFO  o.s.s.quartz.SchedulerFactoryBean - Starting Quartz Scheduler now
2025-11-25 16:21:45 INFO  o.s.s.quartz.LocalDataSourceJobStore - Freed 0 triggers from 'acquired' / 'blocked' state.
2025-11-25 16:21:45 INFO  o.s.s.quartz.LocalDataSourceJobStore - Recovering 0 jobs that were in-progress at the time of the last shut-down.
2025-11-25 16:21:45 INFO  o.s.s.quartz.LocalDataSourceJobStore - Recovery complete.
2025-11-25 16:21:45 INFO  o.s.s.quartz.LocalDataSourceJobStore - Removed 0 'complete' triggers.
2025-11-25 16:21:45 INFO  o.s.s.quartz.LocalDataSourceJobStore - Removed 0 stale fired job entries.
2025-11-25 16:21:45 INFO  org.quartz.core.QuartzScheduler - Scheduler quartzScheduler_$_NON_CLUSTERED started.
2025-11-25 16:21:45 INFO  c.e.c.CrmSystemBackendApplication - Started CrmSystemBackendApplication in 9.895 seconds (process running for 13.252)
2025-11-25 16:21:56 INFO  o.a.c.c.C.[Tomcat].[localhost].[/] - Initializing Spring DispatcherServlet 'dispatcherServlet'
2025-11-25 16:21:56 INFO  o.s.web.servlet.DispatcherServlet - Initializing Servlet 'dispatcherServlet'
2025-11-25 16:21:56 INFO  o.s.web.servlet.DispatcherServlet - Completed initialization in 2 ms
2025-11-25 16:23:28 WARN  com.zaxxer.hikari.pool.HikariPool - HikariPool-1 - Thread starvation or clock leap detected (housekeeper delta=48s783ms885µs800ns).
2025-11-25 16:25:30 INFO  org.quartz.core.QuartzScheduler - Scheduler quartzScheduler_$_NON_CLUSTERED paused.
2025-11-25 16:25:30 INFO  o.s.b.w.e.tomcat.GracefulShutdown - Commencing graceful shutdown. Waiting for active requests to complete
2025-11-25 16:25:39 INFO  o.h.validator.internal.util.Version - HV000001: Hibernate Validator 8.0.3.Final
2025-11-25 16:25:39 INFO  c.e.c.CrmSystemBackendApplication - Starting CrmSystemBackendApplication using Java 17.0.16 with PID 2700 (D:\assignments\case_studys\crm-system\crm-system-backend\target\classes started by Perennial in D:\assignments\case_studys\crm-system)
2025-11-25 16:25:39 INFO  c.e.c.CrmSystemBackendApplication - No active profile set, falling back to 1 default profile: "default"
2025-11-25 16:25:40 INFO  o.s.d.r.c.RepositoryConfigurationDelegate - Bootstrapping Spring Data JPA repositories in DEFAULT mode.
2025-11-25 16:25:40 INFO  o.s.d.r.c.RepositoryConfigurationDelegate - Finished Spring Data repository scanning in 108 ms. Found 5 JPA repository interfaces.
2025-11-25 16:25:41 INFO  o.s.b.w.e.tomcat.TomcatWebServer - Tomcat initialized with port 8080 (http)
2025-11-25 16:25:41 INFO  o.a.coyote.http11.Http11NioProtocol - Initializing ProtocolHandler ["http-nio-8080"]
2025-11-25 16:25:41 INFO  o.a.catalina.core.StandardService - Starting service [Tomcat]
2025-11-25 16:25:41 INFO  o.a.catalina.core.StandardEngine - Starting Servlet engine: [Apache Tomcat/10.1.48]
2025-11-25 16:25:41 INFO  o.apache.jasper.servlet.TldScanner - At least one JAR was scanned for TLDs yet contained no TLDs. Enable debug logging for this logger for a complete list of JARs that were scanned but no TLDs were found in them. Skipping unneeded JARs during scanning can improve startup time and JSP compilation time.
2025-11-25 16:25:41 INFO  o.a.c.c.C.[Tomcat].[localhost].[/] - Initializing Spring embedded WebApplicationContext
2025-11-25 16:25:41 INFO  o.s.b.w.s.c.ServletWebServerApplicationContext - Root WebApplicationContext: initialization completed in 2117 ms
2025-11-25 16:25:41 INFO  com.zaxxer.hikari.HikariDataSource - HikariPool-1 - Starting...
2025-11-25 16:25:42 INFO  com.zaxxer.hikari.pool.HikariPool - HikariPool-1 - Added connection com.mysql.cj.jdbc.ConnectionImpl@5cf0673d
2025-11-25 16:25:42 INFO  com.zaxxer.hikari.HikariDataSource - HikariPool-1 - Start completed.
2025-11-25 16:25:43 INFO  o.h.jpa.internal.util.LogHelper - HHH000204: Processing PersistenceUnitInfo [name: default]
2025-11-25 16:25:43 INFO  org.hibernate.Version - HHH000412: Hibernate ORM core version 6.6.33.Final
2025-11-25 16:25:43 INFO  o.h.c.i.RegionFactoryInitiator - HHH000026: Second-level cache disabled
2025-11-25 16:25:43 INFO  o.s.o.j.p.SpringPersistenceUnitInfo - No LoadTimeWeaver setup: ignoring JPA class transformer
2025-11-25 16:25:43 INFO  o.hibernate.orm.connections.pooling - HHH10001005: Database info:
	Database JDBC URL [Connecting through datasource 'HikariDataSource (HikariPool-1)']
	Database driver: undefined/unknown
	Database version: 8.0.43
	Autocommit mode: undefined/unknown
	Isolation level: undefined/unknown
	Minimum pool size: undefined/unknown
	Maximum pool size: undefined/unknown
2025-11-25 16:25:45 INFO  o.h.e.t.j.p.i.JtaPlatformInitiator - HHH000489: No JTA platform available (set 'hibernate.transaction.jta.platform' to enable JTA platform integration)
2025-11-25 16:25:45 INFO  o.s.o.j.LocalContainerEntityManagerFactoryBean - Initialized JPA EntityManagerFactory for persistence unit 'default'
2025-11-25 16:25:45 INFO  org.quartz.impl.StdSchedulerFactory - Using default implementation for ThreadExecutor
2025-11-25 16:25:45 INFO  o.quartz.core.SchedulerSignalerImpl - Initialized Scheduler Signaller of type: class org.quartz.core.SchedulerSignalerImpl
2025-11-25 16:25:45 INFO  org.quartz.core.QuartzScheduler - Quartz Scheduler v2.5.0 created.
2025-11-25 16:25:45 INFO  o.s.s.quartz.LocalDataSourceJobStore - Using db table-based data access locking (synchronization).
2025-11-25 16:25:45 INFO  o.s.s.quartz.LocalDataSourceJobStore - JobStoreCMT initialized.
2025-11-25 16:25:45 INFO  org.quartz.core.QuartzScheduler - Scheduler meta-data: Quartz Scheduler (v2.5.0) 'quartzScheduler' with instanceId 'NON_CLUSTERED'
  Scheduler class: 'org.quartz.core.QuartzScheduler' - running locally.
  NOT STARTED.
  Currently in standby mode.
  Number of jobs executed: 0
  Using thread pool 'org.quartz.simpl.SimpleThreadPool' - with 5 threads.
  Using job-store 'org.springframework.scheduling.quartz.LocalDataSourceJobStore' - which supports persistence. and is not clustered.

2025-11-25 16:25:45 INFO  org.quartz.impl.StdSchedulerFactory - Quartz scheduler 'quartzScheduler' initialized from an externally provided properties instance.
2025-11-25 16:25:45 INFO  org.quartz.impl.StdSchedulerFactory - Quartz scheduler version: 2.5.0
2025-11-25 16:25:45 INFO  org.quartz.core.QuartzScheduler - JobFactory set to: org.springframework.scheduling.quartz.SpringBeanJobFactory@6c54d0dc
2025-11-25 16:25:46 INFO  o.s.d.j.r.query.QueryEnhancerFactory - Hibernate is in classpath; If applicable, HQL parser will be used.
2025-11-25 16:25:47 WARN  o.s.b.a.o.j.JpaBaseConfiguration$JpaWebConfiguration - spring.jpa.open-in-view is enabled by default. Therefore, database queries may be performed during view rendering. Explicitly configure spring.jpa.open-in-view to disable this warning
2025-11-25 16:25:47 INFO  o.a.coyote.http11.Http11NioProtocol - Starting ProtocolHandler ["http-nio-8080"]
2025-11-25 16:25:47 INFO  o.s.b.w.e.tomcat.TomcatWebServer - Tomcat started on port 8080 (http) with context path '/'
2025-11-25 16:25:47 INFO  o.s.s.quartz.SchedulerFactoryBean - Starting Quartz Scheduler now
2025-11-25 16:25:47 INFO  o.s.s.quartz.LocalDataSourceJobStore - Freed 0 triggers from 'acquired' / 'blocked' state.
2025-11-25 16:25:47 INFO  o.s.s.quartz.LocalDataSourceJobStore - Recovering 0 jobs that were in-progress at the time of the last shut-down.
2025-11-25 16:25:47 INFO  o.s.s.quartz.LocalDataSourceJobStore - Recovery complete.
2025-11-25 16:25:47 INFO  o.s.s.quartz.LocalDataSourceJobStore - Removed 0 'complete' triggers.
2025-11-25 16:25:47 INFO  o.s.s.quartz.LocalDataSourceJobStore - Removed 0 stale fired job entries.
2025-11-25 16:25:47 INFO  org.quartz.core.QuartzScheduler - Scheduler quartzScheduler_$_NON_CLUSTERED started.
2025-11-25 16:25:47 INFO  c.e.c.CrmSystemBackendApplication - Started CrmSystemBackendApplication in 9.324 seconds (process running for 10.846)
2025-11-25 16:25:56 INFO  o.a.c.c.C.[Tomcat].[localhost].[/] - Initializing Spring DispatcherServlet 'dispatcherServlet'
2025-11-25 16:25:56 INFO  o.s.web.servlet.DispatcherServlet - Initializing Servlet 'dispatcherServlet'
2025-11-25 16:25:56 INFO  o.s.web.servlet.DispatcherServlet - Completed initialization in 2 ms
2025-11-25 16:28:52 WARN  com.zaxxer.hikari.pool.HikariPool - HikariPool-1 - Thread starvation or clock leap detected (housekeeper delta=1m10s639ms328µs400ns).
2025-11-25 16:35:10 INFO  org.quartz.core.QuartzScheduler - Scheduler quartzScheduler_$_NON_CLUSTERED paused.
2025-11-25 16:35:10 INFO  o.s.b.w.e.tomcat.GracefulShutdown - Commencing graceful shutdown. Waiting for active requests to complete
2025-11-25 16:35:17 INFO  o.h.validator.internal.util.Version - HV000001: Hibernate Validator 8.0.3.Final
2025-11-25 16:35:17 INFO  c.e.c.CrmSystemBackendApplication - Starting CrmSystemBackendApplication using Java 17.0.16 with PID 25016 (D:\assignments\case_studys\crm-system\crm-system-backend\target\classes started by Perennial in D:\assignments\case_studys\crm-system)
2025-11-25 16:35:17 INFO  c.e.c.CrmSystemBackendApplication - No active profile set, falling back to 1 default profile: "default"
2025-11-25 16:35:18 INFO  o.s.d.r.c.RepositoryConfigurationDelegate - Bootstrapping Spring Data JPA repositories in DEFAULT mode.
2025-11-25 16:35:18 INFO  o.s.d.r.c.RepositoryConfigurationDelegate - Finished Spring Data repository scanning in 207 ms. Found 5 JPA repository interfaces.
2025-11-25 16:35:19 INFO  o.s.b.w.e.tomcat.TomcatWebServer - Tomcat initialized with port 8080 (http)
2025-11-25 16:35:19 INFO  o.a.coyote.http11.Http11NioProtocol - Initializing ProtocolHandler ["http-nio-8080"]
2025-11-25 16:35:19 INFO  o.a.catalina.core.StandardService - Starting service [Tomcat]
2025-11-25 16:35:19 INFO  o.a.catalina.core.StandardEngine - Starting Servlet engine: [Apache Tomcat/10.1.48]
2025-11-25 16:35:19 INFO  o.apache.jasper.servlet.TldScanner - At least one JAR was scanned for TLDs yet contained no TLDs. Enable debug logging for this logger for a complete list of JARs that were scanned but no TLDs were found in them. Skipping unneeded JARs during scanning can improve startup time and JSP compilation time.
2025-11-25 16:35:19 INFO  o.a.c.c.C.[Tomcat].[localhost].[/] - Initializing Spring embedded WebApplicationContext
2025-11-25 16:35:19 INFO  o.s.b.w.s.c.ServletWebServerApplicationContext - Root WebApplicationContext: initialization completed in 2395 ms
2025-11-25 16:35:19 INFO  com.zaxxer.hikari.HikariDataSource - HikariPool-1 - Starting...
2025-11-25 16:35:19 INFO  com.zaxxer.hikari.pool.HikariPool - HikariPool-1 - Added connection com.mysql.cj.jdbc.ConnectionImpl@597a7afa
2025-11-25 16:35:19 INFO  com.zaxxer.hikari.HikariDataSource - HikariPool-1 - Start completed.
2025-11-25 16:35:20 INFO  o.h.jpa.internal.util.LogHelper - HHH000204: Processing PersistenceUnitInfo [name: default]
2025-11-25 16:35:21 INFO  org.hibernate.Version - HHH000412: Hibernate ORM core version 6.6.33.Final
2025-11-25 16:35:21 INFO  o.h.c.i.RegionFactoryInitiator - HHH000026: Second-level cache disabled
2025-11-25 16:35:21 INFO  o.s.o.j.p.SpringPersistenceUnitInfo - No LoadTimeWeaver setup: ignoring JPA class transformer
2025-11-25 16:35:21 INFO  o.hibernate.orm.connections.pooling - HHH10001005: Database info:
	Database JDBC URL [Connecting through datasource 'HikariDataSource (HikariPool-1)']
	Database driver: undefined/unknown
	Database version: 8.0.43
	Autocommit mode: undefined/unknown
	Isolation level: undefined/unknown
	Minimum pool size: undefined/unknown
	Maximum pool size: undefined/unknown
2025-11-25 16:35:23 INFO  o.h.e.t.j.p.i.JtaPlatformInitiator - HHH000489: No JTA platform available (set 'hibernate.transaction.jta.platform' to enable JTA platform integration)
2025-11-25 16:35:23 INFO  o.s.o.j.LocalContainerEntityManagerFactoryBean - Initialized JPA EntityManagerFactory for persistence unit 'default'
2025-11-25 16:35:23 INFO  org.quartz.impl.StdSchedulerFactory - Using default implementation for ThreadExecutor
2025-11-25 16:35:23 INFO  o.quartz.core.SchedulerSignalerImpl - Initialized Scheduler Signaller of type: class org.quartz.core.SchedulerSignalerImpl
2025-11-25 16:35:23 INFO  org.quartz.core.QuartzScheduler - Quartz Scheduler v2.5.0 created.
2025-11-25 16:35:23 INFO  o.s.s.quartz.LocalDataSourceJobStore - Using db table-based data access locking (synchronization).
2025-11-25 16:35:23 INFO  o.s.s.quartz.LocalDataSourceJobStore - JobStoreCMT initialized.
2025-11-25 16:35:23 INFO  org.quartz.core.QuartzScheduler - Scheduler meta-data: Quartz Scheduler (v2.5.0) 'quartzScheduler' with instanceId 'NON_CLUSTERED'
  Scheduler class: 'org.quartz.core.QuartzScheduler' - running locally.
  NOT STARTED.
  Currently in standby mode.
  Number of jobs executed: 0
  Using thread pool 'org.quartz.simpl.SimpleThreadPool' - with 5 threads.
  Using job-store 'org.springframework.scheduling.quartz.LocalDataSourceJobStore' - which supports persistence. and is not clustered.

2025-11-25 16:35:23 INFO  org.quartz.impl.StdSchedulerFactory - Quartz scheduler 'quartzScheduler' initialized from an externally provided properties instance.
2025-11-25 16:35:23 INFO  org.quartz.impl.StdSchedulerFactory - Quartz scheduler version: 2.5.0
2025-11-25 16:35:23 INFO  org.quartz.core.QuartzScheduler - JobFactory set to: org.springframework.scheduling.quartz.SpringBeanJobFactory@6a25c9ad
2025-11-25 16:35:24 INFO  o.s.d.j.r.query.QueryEnhancerFactory - Hibernate is in classpath; If applicable, HQL parser will be used.
2025-11-25 16:35:25 WARN  o.s.b.a.o.j.JpaBaseConfiguration$JpaWebConfiguration - spring.jpa.open-in-view is enabled by default. Therefore, database queries may be performed during view rendering. Explicitly configure spring.jpa.open-in-view to disable this warning
2025-11-25 16:35:25 INFO  o.a.coyote.http11.Http11NioProtocol - Starting ProtocolHandler ["http-nio-8080"]
2025-11-25 16:35:26 INFO  o.s.b.w.e.tomcat.TomcatWebServer - Tomcat started on port 8080 (http) with context path '/'
2025-11-25 16:35:26 INFO  o.s.s.quartz.SchedulerFactoryBean - Starting Quartz Scheduler now
2025-11-25 16:35:26 INFO  o.s.s.quartz.LocalDataSourceJobStore - Freed 0 triggers from 'acquired' / 'blocked' state.
2025-11-25 16:35:26 INFO  o.s.s.quartz.LocalDataSourceJobStore - Recovering 0 jobs that were in-progress at the time of the last shut-down.
2025-11-25 16:35:26 INFO  o.s.s.quartz.LocalDataSourceJobStore - Recovery complete.
2025-11-25 16:35:26 INFO  o.s.s.quartz.LocalDataSourceJobStore - Removed 0 'complete' triggers.
2025-11-25 16:35:26 INFO  o.s.s.quartz.LocalDataSourceJobStore - Removed 0 stale fired job entries.
2025-11-25 16:35:26 INFO  org.quartz.core.QuartzScheduler - Scheduler quartzScheduler_$_NON_CLUSTERED started.
2025-11-25 16:35:26 INFO  c.e.c.CrmSystemBackendApplication - Started CrmSystemBackendApplication in 9.976 seconds (process running for 11.526)
2025-11-25 16:35:33 INFO  o.a.c.c.C.[Tomcat].[localhost].[/] - Initializing Spring DispatcherServlet 'dispatcherServlet'
2025-11-25 16:35:33 INFO  o.s.web.servlet.DispatcherServlet - Initializing Servlet 'dispatcherServlet'
2025-11-25 16:35:33 INFO  o.s.web.servlet.DispatcherServlet - Completed initialization in 2 ms
2025-11-25 16:38:01 INFO  org.quartz.core.QuartzScheduler - Scheduler quartzScheduler_$_NON_CLUSTERED paused.
2025-11-25 16:38:01 INFO  o.s.b.w.e.tomcat.GracefulShutdown - Commencing graceful shutdown. Waiting for active requests to complete
2025-11-25 16:38:10 INFO  o.h.validator.internal.util.Version - HV000001: Hibernate Validator 8.0.3.Final
2025-11-25 16:38:10 INFO  c.e.c.CrmSystemBackendApplication - Starting CrmSystemBackendApplication using Java 17.0.16 with PID 27588 (D:\assignments\case_studys\crm-system\crm-system-backend\target\classes started by Perennial in D:\assignments\case_studys\crm-system)
2025-11-25 16:38:10 INFO  c.e.c.CrmSystemBackendApplication - No active profile set, falling back to 1 default profile: "default"
2025-11-25 16:38:12 INFO  o.s.d.r.c.RepositoryConfigurationDelegate - Bootstrapping Spring Data JPA repositories in DEFAULT mode.
2025-11-25 16:38:12 INFO  o.s.d.r.c.RepositoryConfigurationDelegate - Finished Spring Data repository scanning in 106 ms. Found 5 JPA repository interfaces.
2025-11-25 16:38:12 INFO  o.s.b.w.e.tomcat.TomcatWebServer - Tomcat initialized with port 8080 (http)
2025-11-25 16:38:12 INFO  o.a.coyote.http11.Http11NioProtocol - Initializing ProtocolHandler ["http-nio-8080"]
2025-11-25 16:38:12 INFO  o.a.catalina.core.StandardService - Starting service [Tomcat]
2025-11-25 16:38:12 INFO  o.a.catalina.core.StandardEngine - Starting Servlet engine: [Apache Tomcat/10.1.48]
2025-11-25 16:38:13 INFO  o.apache.jasper.servlet.TldScanner - At least one JAR was scanned for TLDs yet contained no TLDs. Enable debug logging for this logger for a complete list of JARs that were scanned but no TLDs were found in them. Skipping unneeded JARs during scanning can improve startup time and JSP compilation time.
2025-11-25 16:38:13 INFO  o.a.c.c.C.[Tomcat].[localhost].[/] - Initializing Spring embedded WebApplicationContext
2025-11-25 16:38:13 INFO  o.s.b.w.s.c.ServletWebServerApplicationContext - Root WebApplicationContext: initialization completed in 2530 ms
2025-11-25 16:38:13 INFO  com.zaxxer.hikari.HikariDataSource - HikariPool-1 - Starting...
2025-11-25 16:38:13 INFO  com.zaxxer.hikari.pool.HikariPool - HikariPool-1 - Added connection com.mysql.cj.jdbc.ConnectionImpl@1182413a
2025-11-25 16:38:13 INFO  com.zaxxer.hikari.HikariDataSource - HikariPool-1 - Start completed.
2025-11-25 16:38:14 INFO  o.h.jpa.internal.util.LogHelper - HHH000204: Processing PersistenceUnitInfo [name: default]
2025-11-25 16:38:14 INFO  org.hibernate.Version - HHH000412: Hibernate ORM core version 6.6.33.Final
2025-11-25 16:38:14 INFO  o.h.c.i.RegionFactoryInitiator - HHH000026: Second-level cache disabled
2025-11-25 16:38:14 INFO  o.s.o.j.p.SpringPersistenceUnitInfo - No LoadTimeWeaver setup: ignoring JPA class transformer
2025-11-25 16:38:15 INFO  o.hibernate.orm.connections.pooling - HHH10001005: Database info:
	Database JDBC URL [Connecting through datasource 'HikariDataSource (HikariPool-1)']
	Database driver: undefined/unknown
	Database version: 8.0.43
	Autocommit mode: undefined/unknown
	Isolation level: undefined/unknown
	Minimum pool size: undefined/unknown
	Maximum pool size: undefined/unknown
2025-11-25 16:38:16 INFO  o.h.e.t.j.p.i.JtaPlatformInitiator - HHH000489: No JTA platform available (set 'hibernate.transaction.jta.platform' to enable JTA platform integration)
2025-11-25 16:38:16 INFO  o.s.o.j.LocalContainerEntityManagerFactoryBean - Initialized JPA EntityManagerFactory for persistence unit 'default'
2025-11-25 16:38:17 INFO  org.quartz.impl.StdSchedulerFactory - Using default implementation for ThreadExecutor
2025-11-25 16:38:17 INFO  o.quartz.core.SchedulerSignalerImpl - Initialized Scheduler Signaller of type: class org.quartz.core.SchedulerSignalerImpl
2025-11-25 16:38:17 INFO  org.quartz.core.QuartzScheduler - Quartz Scheduler v2.5.0 created.
2025-11-25 16:38:17 INFO  o.s.s.quartz.LocalDataSourceJobStore - Using db table-based data access locking (synchronization).
2025-11-25 16:38:17 INFO  o.s.s.quartz.LocalDataSourceJobStore - JobStoreCMT initialized.
2025-11-25 16:38:17 INFO  org.quartz.core.QuartzScheduler - Scheduler meta-data: Quartz Scheduler (v2.5.0) 'quartzScheduler' with instanceId 'NON_CLUSTERED'
  Scheduler class: 'org.quartz.core.QuartzScheduler' - running locally.
  NOT STARTED.
  Currently in standby mode.
  Number of jobs executed: 0
  Using thread pool 'org.quartz.simpl.SimpleThreadPool' - with 5 threads.
  Using job-store 'org.springframework.scheduling.quartz.LocalDataSourceJobStore' - which supports persistence. and is not clustered.

2025-11-25 16:38:17 INFO  org.quartz.impl.StdSchedulerFactory - Quartz scheduler 'quartzScheduler' initialized from an externally provided properties instance.
2025-11-25 16:38:17 INFO  org.quartz.impl.StdSchedulerFactory - Quartz scheduler version: 2.5.0
2025-11-25 16:38:17 INFO  org.quartz.core.QuartzScheduler - JobFactory set to: org.springframework.scheduling.quartz.SpringBeanJobFactory@3280a79a
2025-11-25 16:38:17 INFO  o.s.d.j.r.query.QueryEnhancerFactory - Hibernate is in classpath; If applicable, HQL parser will be used.
2025-11-25 16:38:18 WARN  o.s.b.a.o.j.JpaBaseConfiguration$JpaWebConfiguration - spring.jpa.open-in-view is enabled by default. Therefore, database queries may be performed during view rendering. Explicitly configure spring.jpa.open-in-view to disable this warning
2025-11-25 16:38:19 INFO  o.a.coyote.http11.Http11NioProtocol - Starting ProtocolHandler ["http-nio-8080"]
2025-11-25 16:38:19 INFO  o.s.b.w.e.tomcat.TomcatWebServer - Tomcat started on port 8080 (http) with context path '/'
2025-11-25 16:38:19 INFO  o.s.s.quartz.SchedulerFactoryBean - Starting Quartz Scheduler now
2025-11-25 16:38:19 INFO  o.s.s.quartz.LocalDataSourceJobStore - Freed 0 triggers from 'acquired' / 'blocked' state.
2025-11-25 16:38:19 INFO  o.s.s.quartz.LocalDataSourceJobStore - Recovering 0 jobs that were in-progress at the time of the last shut-down.
2025-11-25 16:38:19 INFO  o.s.s.quartz.LocalDataSourceJobStore - Recovery complete.
2025-11-25 16:38:19 INFO  o.s.s.quartz.LocalDataSourceJobStore - Removed 0 'complete' triggers.
2025-11-25 16:38:19 INFO  o.s.s.quartz.LocalDataSourceJobStore - Removed 0 stale fired job entries.
2025-11-25 16:38:19 INFO  org.quartz.core.QuartzScheduler - Scheduler quartzScheduler_$_NON_CLUSTERED started.
2025-11-25 16:38:19 INFO  c.e.c.CrmSystemBackendApplication - Started CrmSystemBackendApplication in 10.163 seconds (process running for 11.679)
2025-11-25 16:38:35 INFO  o.a.c.c.C.[Tomcat].[localhost].[/] - Initializing Spring DispatcherServlet 'dispatcherServlet'
2025-11-25 16:38:35 INFO  o.s.web.servlet.DispatcherServlet - Initializing Servlet 'dispatcherServlet'
2025-11-25 16:38:35 INFO  o.s.web.servlet.DispatcherServlet - Completed initialization in 1 ms
2025-11-25 16:38:35 ERROR o.a.c.c.C.[.[.[.[dispatcherServlet] - Servlet.service() for servlet [dispatcherServlet] in context with path [] threw exception [Could not resolve view with name 'users/login' in servlet with name 'dispatcherServlet'] with root cause
jakarta.servlet.ServletException: Could not resolve view with name 'users/login' in servlet with name 'dispatcherServlet'
	at org.springframework.web.servlet.DispatcherServlet.render(DispatcherServlet.java:1413)
	at org.springframework.web.servlet.DispatcherServlet.processDispatchResult(DispatcherServlet.java:1168)
	at org.springframework.web.servlet.DispatcherServlet.doDispatch(DispatcherServlet.java:1106)
	at org.springframework.web.servlet.DispatcherServlet.doService(DispatcherServlet.java:979)
	at org.springframework.web.servlet.FrameworkServlet.processRequest(FrameworkServlet.java:1014)
	at org.springframework.web.servlet.FrameworkServlet.doGet(FrameworkServlet.java:903)
	at jakarta.servlet.http.HttpServlet.service(HttpServlet.java:564)
	at org.springframework.web.servlet.FrameworkServlet.service(FrameworkServlet.java:885)
	at jakarta.servlet.http.HttpServlet.service(HttpServlet.java:658)
	at org.apache.catalina.core.ApplicationFilterChain.internalDoFilter(ApplicationFilterChain.java:193)
	at org.apache.catalina.core.ApplicationFilterChain.doFilter(ApplicationFilterChain.java:138)
	at org.apache.tomcat.websocket.server.WsFilter.doFilter(WsFilter.java:51)
	at org.apache.catalina.core.ApplicationFilterChain.internalDoFilter(ApplicationFilterChain.java:162)
	at org.apache.catalina.core.ApplicationFilterChain.doFilter(ApplicationFilterChain.java:138)
	at org.springframework.web.filter.CharacterEncodingFilter.doFilterInternal(CharacterEncodingFilter.java:201)
	at org.springframework.web.filter.OncePerRequestFilter.doFilter(OncePerRequestFilter.java:116)
	at org.apache.catalina.core.ApplicationFilterChain.internalDoFilter(ApplicationFilterChain.java:162)
	at org.apache.catalina.core.ApplicationFilterChain.doFilter(ApplicationFilterChain.java:138)
	at org.apache.catalina.core.StandardWrapperValve.invoke(StandardWrapperValve.java:165)
	at org.apache.catalina.core.StandardContextValve.invoke(StandardContextValve.java:88)
	at org.apache.catalina.authenticator.AuthenticatorBase.invoke(AuthenticatorBase.java:482)
	at org.apache.catalina.core.StandardHostValve.invoke(StandardHostValve.java:113)
	at org.apache.catalina.valves.ErrorReportValve.invoke(ErrorReportValve.java:83)
	at org.apache.catalina.core.StandardEngineValve.invoke(StandardEngineValve.java:72)
	at org.apache.catalina.connector.CoyoteAdapter.service(CoyoteAdapter.java:342)
	at org.apache.coyote.http11.Http11Processor.service(Http11Processor.java:399)
	at org.apache.coyote.AbstractProcessorLight.process(AbstractProcessorLight.java:63)
	at org.apache.coyote.AbstractProtocol$ConnectionHandler.process(AbstractProtocol.java:903)
	at org.apache.tomcat.util.net.NioEndpoint$SocketProcessor.doRun(NioEndpoint.java:1774)
	at org.apache.tomcat.util.net.SocketProcessorBase.run(SocketProcessorBase.java:52)
	at org.apache.tomcat.util.threads.ThreadPoolExecutor.runWorker(ThreadPoolExecutor.java:973)
	at org.apache.tomcat.util.threads.ThreadPoolExecutor$Worker.run(ThreadPoolExecutor.java:491)
	at org.apache.tomcat.util.threads.TaskThread$WrappingRunnable.run(TaskThread.java:63)
	at java.base/java.lang.Thread.run(Thread.java:842)
2025-11-25 16:39:32 INFO  org.quartz.core.QuartzScheduler - Scheduler quartzScheduler_$_NON_CLUSTERED paused.
2025-11-25 16:39:32 INFO  o.s.b.w.e.tomcat.GracefulShutdown - Commencing graceful shutdown. Waiting for active requests to complete
2025-11-25 16:39:41 INFO  o.h.validator.internal.util.Version - HV000001: Hibernate Validator 8.0.3.Final
2025-11-25 16:39:41 INFO  c.e.c.CrmSystemBackendApplication - Starting CrmSystemBackendApplication using Java 17.0.16 with PID 24816 (D:\assignments\case_studys\crm-system\crm-system-backend\target\classes started by Perennial in D:\assignments\case_studys\crm-system)
2025-11-25 16:39:41 INFO  c.e.c.CrmSystemBackendApplication - No active profile set, falling back to 1 default profile: "default"
2025-11-25 16:39:42 INFO  o.s.d.r.c.RepositoryConfigurationDelegate - Bootstrapping Spring Data JPA repositories in DEFAULT mode.
2025-11-25 16:39:42 INFO  o.s.d.r.c.RepositoryConfigurationDelegate - Finished Spring Data repository scanning in 100 ms. Found 5 JPA repository interfaces.
2025-11-25 16:39:43 INFO  o.s.b.w.e.tomcat.TomcatWebServer - Tomcat initialized with port 8080 (http)
2025-11-25 16:39:43 INFO  o.a.coyote.http11.Http11NioProtocol - Initializing ProtocolHandler ["http-nio-8080"]
2025-11-25 16:39:43 INFO  o.a.catalina.core.StandardService - Starting service [Tomcat]
2025-11-25 16:39:43 INFO  o.a.catalina.core.StandardEngine - Starting Servlet engine: [Apache Tomcat/10.1.48]
2025-11-25 16:39:43 INFO  o.apache.jasper.servlet.TldScanner - At least one JAR was scanned for TLDs yet contained no TLDs. Enable debug logging for this logger for a complete list of JARs that were scanned but no TLDs were found in them. Skipping unneeded JARs during scanning can improve startup time and JSP compilation time.
2025-11-25 16:39:43 INFO  o.a.c.c.C.[Tomcat].[localhost].[/] - Initializing Spring embedded WebApplicationContext
2025-11-25 16:39:43 INFO  o.s.b.w.s.c.ServletWebServerApplicationContext - Root WebApplicationContext: initialization completed in 2066 ms
2025-11-25 16:39:43 INFO  com.zaxxer.hikari.HikariDataSource - HikariPool-1 - Starting...
2025-11-25 16:39:44 INFO  com.zaxxer.hikari.pool.HikariPool - HikariPool-1 - Added connection com.mysql.cj.jdbc.ConnectionImpl@3b96f8b0
2025-11-25 16:39:44 INFO  com.zaxxer.hikari.HikariDataSource - HikariPool-1 - Start completed.
2025-11-25 16:39:44 INFO  o.h.jpa.internal.util.LogHelper - HHH000204: Processing PersistenceUnitInfo [name: default]
2025-11-25 16:39:45 INFO  org.hibernate.Version - HHH000412: Hibernate ORM core version 6.6.33.Final
2025-11-25 16:39:45 INFO  o.h.c.i.RegionFactoryInitiator - HHH000026: Second-level cache disabled
2025-11-25 16:39:45 INFO  o.s.o.j.p.SpringPersistenceUnitInfo - No LoadTimeWeaver setup: ignoring JPA class transformer
2025-11-25 16:39:45 INFO  o.hibernate.orm.connections.pooling - HHH10001005: Database info:
	Database JDBC URL [Connecting through datasource 'HikariDataSource (HikariPool-1)']
	Database driver: undefined/unknown
	Database version: 8.0.43
	Autocommit mode: undefined/unknown
	Isolation level: undefined/unknown
	Minimum pool size: undefined/unknown
	Maximum pool size: undefined/unknown
2025-11-25 16:39:46 INFO  o.h.e.t.j.p.i.JtaPlatformInitiator - HHH000489: No JTA platform available (set 'hibernate.transaction.jta.platform' to enable JTA platform integration)
2025-11-25 16:39:46 INFO  o.s.o.j.LocalContainerEntityManagerFactoryBean - Initialized JPA EntityManagerFactory for persistence unit 'default'
2025-11-25 16:39:47 INFO  org.quartz.impl.StdSchedulerFactory - Using default implementation for ThreadExecutor
2025-11-25 16:39:47 INFO  o.quartz.core.SchedulerSignalerImpl - Initialized Scheduler Signaller of type: class org.quartz.core.SchedulerSignalerImpl
2025-11-25 16:39:47 INFO  org.quartz.core.QuartzScheduler - Quartz Scheduler v2.5.0 created.
2025-11-25 16:39:47 INFO  o.s.s.quartz.LocalDataSourceJobStore - Using db table-based data access locking (synchronization).
2025-11-25 16:39:47 INFO  o.s.s.quartz.LocalDataSourceJobStore - JobStoreCMT initialized.
2025-11-25 16:39:47 INFO  org.quartz.core.QuartzScheduler - Scheduler meta-data: Quartz Scheduler (v2.5.0) 'quartzScheduler' with instanceId 'NON_CLUSTERED'
  Scheduler class: 'org.quartz.core.QuartzScheduler' - running locally.
  NOT STARTED.
  Currently in standby mode.
  Number of jobs executed: 0
  Using thread pool 'org.quartz.simpl.SimpleThreadPool' - with 5 threads.
  Using job-store 'org.springframework.scheduling.quartz.LocalDataSourceJobStore' - which supports persistence. and is not clustered.

2025-11-25 16:39:47 INFO  org.quartz.impl.StdSchedulerFactory - Quartz scheduler 'quartzScheduler' initialized from an externally provided properties instance.
2025-11-25 16:39:47 INFO  org.quartz.impl.StdSchedulerFactory - Quartz scheduler version: 2.5.0
2025-11-25 16:39:47 INFO  org.quartz.core.QuartzScheduler - JobFactory set to: org.springframework.scheduling.quartz.SpringBeanJobFactory@59da4992
2025-11-25 16:39:47 INFO  o.s.d.j.r.query.QueryEnhancerFactory - Hibernate is in classpath; If applicable, HQL parser will be used.
2025-11-25 16:39:48 WARN  o.s.b.a.o.j.JpaBaseConfiguration$JpaWebConfiguration - spring.jpa.open-in-view is enabled by default. Therefore, database queries may be performed during view rendering. Explicitly configure spring.jpa.open-in-view to disable this warning
2025-11-25 16:39:49 INFO  o.a.coyote.http11.Http11NioProtocol - Starting ProtocolHandler ["http-nio-8080"]
2025-11-25 16:39:49 INFO  o.s.b.w.e.tomcat.TomcatWebServer - Tomcat started on port 8080 (http) with context path '/'
2025-11-25 16:39:49 INFO  o.s.s.quartz.SchedulerFactoryBean - Starting Quartz Scheduler now
2025-11-25 16:39:49 INFO  o.s.s.quartz.LocalDataSourceJobStore - Freed 0 triggers from 'acquired' / 'blocked' state.
2025-11-25 16:39:49 INFO  o.s.s.quartz.LocalDataSourceJobStore - Recovering 0 jobs that were in-progress at the time of the last shut-down.
2025-11-25 16:39:49 INFO  o.s.s.quartz.LocalDataSourceJobStore - Recovery complete.
2025-11-25 16:39:49 INFO  o.s.s.quartz.LocalDataSourceJobStore - Removed 0 'complete' triggers.
2025-11-25 16:39:49 INFO  o.s.s.quartz.LocalDataSourceJobStore - Removed 0 stale fired job entries.
2025-11-25 16:39:49 INFO  org.quartz.core.QuartzScheduler - Scheduler quartzScheduler_$_NON_CLUSTERED started.
2025-11-25 16:39:49 INFO  c.e.c.CrmSystemBackendApplication - Started CrmSystemBackendApplication in 8.929 seconds (process running for 10.397)
2025-11-25 16:39:56 INFO  o.a.c.c.C.[Tomcat].[localhost].[/] - Initializing Spring DispatcherServlet 'dispatcherServlet'
2025-11-25 16:39:56 INFO  o.s.web.servlet.DispatcherServlet - Initializing Servlet 'dispatcherServlet'
2025-11-25 16:39:56 INFO  o.s.web.servlet.DispatcherServlet - Completed initialization in 1 ms
2025-11-25 17:23:59 WARN  com.zaxxer.hikari.pool.HikariPool - HikariPool-1 - Thread starvation or clock leap detected (housekeeper delta=29m45s355ms481µs).
2025-11-25 17:31:21 INFO  org.quartz.core.QuartzScheduler - Scheduler quartzScheduler_$_NON_CLUSTERED paused.
2025-11-25 17:31:21 INFO  o.s.b.w.e.tomcat.GracefulShutdown - Commencing graceful shutdown. Waiting for active requests to complete
2025-11-25 17:31:21 INFO  o.s.b.w.e.tomcat.GracefulShutdown - Graceful shutdown complete
2025-11-25 17:31:21 INFO  o.s.s.quartz.SchedulerFactoryBean - Shutting down Quartz Scheduler
2025-11-25 17:31:21 INFO  org.quartz.core.QuartzScheduler - Scheduler quartzScheduler_$_NON_CLUSTERED shutting down.
2025-11-25 17:31:21 INFO  org.quartz.core.QuartzScheduler - Scheduler quartzScheduler_$_NON_CLUSTERED paused.
2025-11-25 17:31:21 INFO  org.quartz.core.QuartzScheduler - Scheduler quartzScheduler_$_NON_CLUSTERED shutdown complete.
2025-11-25 17:31:21 INFO  o.s.o.j.LocalContainerEntityManagerFactoryBean - Closing JPA EntityManagerFactory for persistence unit 'default'
2025-11-25 17:31:21 INFO  com.zaxxer.hikari.HikariDataSource - HikariPool-1 - Shutdown initiated...
2025-11-25 17:31:21 INFO  com.zaxxer.hikari.HikariDataSource - HikariPool-1 - Shutdown completed.
2025-11-25 17:32:24 INFO  o.h.validator.internal.util.Version - HV000001: Hibernate Validator 8.0.3.Final
2025-11-25 17:32:24 INFO  c.e.c.CrmSystemBackendApplication - Starting CrmSystemBackendApplication using Java 17.0.16 with PID 16660 (D:\assignments\case_studys\crm-system\crm-system-backend\target\classes started by Perennial in D:\assignments\case_studys\crm-system)
2025-11-25 17:32:24 INFO  c.e.c.CrmSystemBackendApplication - No active profile set, falling back to 1 default profile: "default"
2025-11-25 17:32:25 INFO  o.s.d.r.c.RepositoryConfigurationDelegate - Bootstrapping Spring Data JPA repositories in DEFAULT mode.
2025-11-25 17:32:26 INFO  o.s.d.r.c.RepositoryConfigurationDelegate - Finished Spring Data repository scanning in 119 ms. Found 5 JPA repository interfaces.
2025-11-25 17:32:26 INFO  o.s.b.w.e.tomcat.TomcatWebServer - Tomcat initialized with port 8080 (http)
2025-11-25 17:32:26 INFO  o.a.coyote.http11.Http11NioProtocol - Initializing ProtocolHandler ["http-nio-8080"]
2025-11-25 17:32:26 INFO  o.a.catalina.core.StandardService - Starting service [Tomcat]
2025-11-25 17:32:26 INFO  o.a.catalina.core.StandardEngine - Starting Servlet engine: [Apache Tomcat/10.1.48]
2025-11-25 17:32:26 INFO  o.apache.jasper.servlet.TldScanner - At least one JAR was scanned for TLDs yet contained no TLDs. Enable debug logging for this logger for a complete list of JARs that were scanned but no TLDs were found in them. Skipping unneeded JARs during scanning can improve startup time and JSP compilation time.
2025-11-25 17:32:26 INFO  o.a.c.c.C.[Tomcat].[localhost].[/] - Initializing Spring embedded WebApplicationContext
2025-11-25 17:32:26 INFO  o.s.b.w.s.c.ServletWebServerApplicationContext - Root WebApplicationContext: initialization completed in 1893 ms
2025-11-25 17:32:27 INFO  com.zaxxer.hikari.HikariDataSource - HikariPool-1 - Starting...
2025-11-25 17:32:27 INFO  com.zaxxer.hikari.pool.HikariPool - HikariPool-1 - Added connection com.mysql.cj.jdbc.ConnectionImpl@6a6da47a
2025-11-25 17:32:27 INFO  com.zaxxer.hikari.HikariDataSource - HikariPool-1 - Start completed.
2025-11-25 17:32:28 INFO  o.h.jpa.internal.util.LogHelper - HHH000204: Processing PersistenceUnitInfo [name: default]
2025-11-25 17:32:28 INFO  org.hibernate.Version - HHH000412: Hibernate ORM core version 6.6.33.Final
2025-11-25 17:32:28 INFO  o.h.c.i.RegionFactoryInitiator - HHH000026: Second-level cache disabled
2025-11-25 17:32:28 INFO  o.s.o.j.p.SpringPersistenceUnitInfo - No LoadTimeWeaver setup: ignoring JPA class transformer
2025-11-25 17:32:28 INFO  o.hibernate.orm.connections.pooling - HHH10001005: Database info:
	Database JDBC URL [Connecting through datasource 'HikariDataSource (HikariPool-1)']
	Database driver: undefined/unknown
	Database version: 8.0.43
	Autocommit mode: undefined/unknown
	Isolation level: undefined/unknown
	Minimum pool size: undefined/unknown
	Maximum pool size: undefined/unknown
2025-11-25 17:32:29 INFO  o.h.e.t.j.p.i.JtaPlatformInitiator - HHH000489: No JTA platform available (set 'hibernate.transaction.jta.platform' to enable JTA platform integration)
2025-11-25 17:32:29 INFO  o.s.o.j.LocalContainerEntityManagerFactoryBean - Initialized JPA EntityManagerFactory for persistence unit 'default'
2025-11-25 17:32:30 INFO  org.quartz.impl.StdSchedulerFactory - Using default implementation for ThreadExecutor
2025-11-25 17:32:30 INFO  o.quartz.core.SchedulerSignalerImpl - Initialized Scheduler Signaller of type: class org.quartz.core.SchedulerSignalerImpl
2025-11-25 17:32:30 INFO  org.quartz.core.QuartzScheduler - Quartz Scheduler v2.5.0 created.
2025-11-25 17:32:30 INFO  o.s.s.quartz.LocalDataSourceJobStore - Using db table-based data access locking (synchronization).
2025-11-25 17:32:30 INFO  o.s.s.quartz.LocalDataSourceJobStore - JobStoreCMT initialized.
2025-11-25 17:32:30 INFO  org.quartz.core.QuartzScheduler - Scheduler meta-data: Quartz Scheduler (v2.5.0) 'quartzScheduler' with instanceId 'NON_CLUSTERED'
  Scheduler class: 'org.quartz.core.QuartzScheduler' - running locally.
  NOT STARTED.
  Currently in standby mode.
  Number of jobs executed: 0
  Using thread pool 'org.quartz.simpl.SimpleThreadPool' - with 5 threads.
  Using job-store 'org.springframework.scheduling.quartz.LocalDataSourceJobStore' - which supports persistence. and is not clustered.

2025-11-25 17:32:30 INFO  org.quartz.impl.StdSchedulerFactory - Quartz scheduler 'quartzScheduler' initialized from an externally provided properties instance.
2025-11-25 17:32:30 INFO  org.quartz.impl.StdSchedulerFactory - Quartz scheduler version: 2.5.0
2025-11-25 17:32:30 INFO  org.quartz.core.QuartzScheduler - JobFactory set to: org.springframework.scheduling.quartz.SpringBeanJobFactory@665574fb
2025-11-25 17:32:30 INFO  o.s.d.j.r.query.QueryEnhancerFactory - Hibernate is in classpath; If applicable, HQL parser will be used.
2025-11-25 17:32:31 WARN  o.s.b.a.o.j.JpaBaseConfiguration$JpaWebConfiguration - spring.jpa.open-in-view is enabled by default. Therefore, database queries may be performed during view rendering. Explicitly configure spring.jpa.open-in-view to disable this warning
2025-11-25 17:32:32 INFO  o.a.coyote.http11.Http11NioProtocol - Starting ProtocolHandler ["http-nio-8080"]
2025-11-25 17:32:32 INFO  o.s.b.w.e.tomcat.TomcatWebServer - Tomcat started on port 8080 (http) with context path '/'
2025-11-25 17:32:32 INFO  o.s.s.quartz.SchedulerFactoryBean - Starting Quartz Scheduler now
2025-11-25 17:32:32 INFO  o.s.s.quartz.LocalDataSourceJobStore - Freed 0 triggers from 'acquired' / 'blocked' state.
2025-11-25 17:32:32 INFO  o.s.s.quartz.LocalDataSourceJobStore - Recovering 0 jobs that were in-progress at the time of the last shut-down.
2025-11-25 17:32:32 INFO  o.s.s.quartz.LocalDataSourceJobStore - Recovery complete.
2025-11-25 17:32:32 INFO  o.s.s.quartz.LocalDataSourceJobStore - Removed 0 'complete' triggers.
2025-11-25 17:32:32 INFO  o.s.s.quartz.LocalDataSourceJobStore - Removed 0 stale fired job entries.
2025-11-25 17:32:32 INFO  org.quartz.core.QuartzScheduler - Scheduler quartzScheduler_$_NON_CLUSTERED started.
2025-11-25 17:32:32 INFO  c.e.c.CrmSystemBackendApplication - Started CrmSystemBackendApplication in 8.049 seconds (process running for 9.399)
2025-11-25 17:33:27 INFO  o.a.c.c.C.[Tomcat].[localhost].[/] - Initializing Spring DispatcherServlet 'dispatcherServlet'
2025-11-25 17:33:27 INFO  o.s.web.servlet.DispatcherServlet - Initializing Servlet 'dispatcherServlet'
2025-11-25 17:33:27 INFO  o.s.web.servlet.DispatcherServlet - Completed initialization in 1 ms
2025-11-25 17:44:51 WARN  com.zaxxer.hikari.pool.HikariPool - HikariPool-1 - Thread starvation or clock leap detected (housekeeper delta=6m54s502ms374µs200ns).
2025-11-25 17:47:18 INFO  org.quartz.core.QuartzScheduler - Scheduler quartzScheduler_$_NON_CLUSTERED paused.
2025-11-25 17:47:18 INFO  o.s.b.w.e.tomcat.GracefulShutdown - Commencing graceful shutdown. Waiting for active requests to complete
2025-11-25 17:47:18 INFO  o.s.b.w.e.tomcat.GracefulShutdown - Graceful shutdown complete
2025-11-25 17:47:18 INFO  o.s.s.quartz.SchedulerFactoryBean - Shutting down Quartz Scheduler
2025-11-25 17:47:18 INFO  org.quartz.core.QuartzScheduler - Scheduler quartzScheduler_$_NON_CLUSTERED shutting down.
2025-11-25 17:47:18 INFO  org.quartz.core.QuartzScheduler - Scheduler quartzScheduler_$_NON_CLUSTERED paused.
2025-11-25 17:47:18 INFO  org.quartz.core.QuartzScheduler - Scheduler quartzScheduler_$_NON_CLUSTERED shutdown complete.
2025-11-25 17:47:18 INFO  o.s.o.j.LocalContainerEntityManagerFactoryBean - Closing JPA EntityManagerFactory for persistence unit 'default'
2025-11-25 17:47:18 INFO  com.zaxxer.hikari.HikariDataSource - HikariPool-1 - Shutdown initiated...
2025-11-25 17:47:18 INFO  com.zaxxer.hikari.HikariDataSource - HikariPool-1 - Shutdown completed.
2025-11-25 17:47:31 INFO  o.h.validator.internal.util.Version - HV000001: Hibernate Validator 8.0.3.Final
2025-11-25 17:47:31 INFO  c.e.c.CrmSystemBackendApplication - Starting CrmSystemBackendApplication using Java 17.0.16 with PID 25888 (D:\assignments\case_studys\crm-system\crm-system-backend\target\classes started by Perennial in D:\assignments\case_studys\crm-system)
2025-11-25 17:47:31 INFO  c.e.c.CrmSystemBackendApplication - No active profile set, falling back to 1 default profile: "default"
2025-11-25 17:47:31 INFO  o.s.d.r.c.RepositoryConfigurationDelegate - Bootstrapping Spring Data JPA repositories in DEFAULT mode.
2025-11-25 17:47:32 INFO  o.s.d.r.c.RepositoryConfigurationDelegate - Finished Spring Data repository scanning in 102 ms. Found 5 JPA repository interfaces.
2025-11-25 17:47:32 INFO  o.s.b.w.e.tomcat.TomcatWebServer - Tomcat initialized with port 8080 (http)
2025-11-25 17:47:32 INFO  o.a.coyote.http11.Http11NioProtocol - Initializing ProtocolHandler ["http-nio-8080"]
2025-11-25 17:47:32 INFO  o.a.catalina.core.StandardService - Starting service [Tomcat]
2025-11-25 17:47:32 INFO  o.a.catalina.core.StandardEngine - Starting Servlet engine: [Apache Tomcat/10.1.48]
2025-11-25 17:47:32 INFO  o.apache.jasper.servlet.TldScanner - At least one JAR was scanned for TLDs yet contained no TLDs. Enable debug logging for this logger for a complete list of JARs that were scanned but no TLDs were found in them. Skipping unneeded JARs during scanning can improve startup time and JSP compilation time.
2025-11-25 17:47:32 INFO  o.a.c.c.C.[Tomcat].[localhost].[/] - Initializing Spring embedded WebApplicationContext
2025-11-25 17:47:32 INFO  o.s.b.w.s.c.ServletWebServerApplicationContext - Root WebApplicationContext: initialization completed in 1794 ms
2025-11-25 17:47:33 INFO  com.zaxxer.hikari.HikariDataSource - HikariPool-1 - Starting...
2025-11-25 17:47:33 INFO  com.zaxxer.hikari.pool.HikariPool - HikariPool-1 - Added connection com.mysql.cj.jdbc.ConnectionImpl@5e69cf07
2025-11-25 17:47:33 INFO  com.zaxxer.hikari.HikariDataSource - HikariPool-1 - Start completed.
2025-11-25 17:47:34 INFO  o.h.jpa.internal.util.LogHelper - HHH000204: Processing PersistenceUnitInfo [name: default]
2025-11-25 17:47:34 INFO  org.hibernate.Version - HHH000412: Hibernate ORM core version 6.6.33.Final
2025-11-25 17:47:34 INFO  o.h.c.i.RegionFactoryInitiator - HHH000026: Second-level cache disabled
2025-11-25 17:47:34 INFO  o.s.o.j.p.SpringPersistenceUnitInfo - No LoadTimeWeaver setup: ignoring JPA class transformer
2025-11-25 17:47:34 INFO  o.hibernate.orm.connections.pooling - HHH10001005: Database info:
	Database JDBC URL [Connecting through datasource 'HikariDataSource (HikariPool-1)']
	Database driver: undefined/unknown
	Database version: 8.0.43
	Autocommit mode: undefined/unknown
	Isolation level: undefined/unknown
	Minimum pool size: undefined/unknown
	Maximum pool size: undefined/unknown
2025-11-25 17:47:35 INFO  o.h.e.t.j.p.i.JtaPlatformInitiator - HHH000489: No JTA platform available (set 'hibernate.transaction.jta.platform' to enable JTA platform integration)
2025-11-25 17:47:36 INFO  o.s.o.j.LocalContainerEntityManagerFactoryBean - Initialized JPA EntityManagerFactory for persistence unit 'default'
2025-11-25 17:47:36 INFO  org.quartz.impl.StdSchedulerFactory - Using default implementation for ThreadExecutor
2025-11-25 17:47:36 INFO  o.quartz.core.SchedulerSignalerImpl - Initialized Scheduler Signaller of type: class org.quartz.core.SchedulerSignalerImpl
2025-11-25 17:47:36 INFO  org.quartz.core.QuartzScheduler - Quartz Scheduler v2.5.0 created.
2025-11-25 17:47:36 INFO  o.s.s.quartz.LocalDataSourceJobStore - Using db table-based data access locking (synchronization).
2025-11-25 17:47:36 INFO  o.s.s.quartz.LocalDataSourceJobStore - JobStoreCMT initialized.
2025-11-25 17:47:36 INFO  org.quartz.core.QuartzScheduler - Scheduler meta-data: Quartz Scheduler (v2.5.0) 'quartzScheduler' with instanceId 'NON_CLUSTERED'
  Scheduler class: 'org.quartz.core.QuartzScheduler' - running locally.
  NOT STARTED.
  Currently in standby mode.
  Number of jobs executed: 0
  Using thread pool 'org.quartz.simpl.SimpleThreadPool' - with 5 threads.
  Using job-store 'org.springframework.scheduling.quartz.LocalDataSourceJobStore' - which supports persistence. and is not clustered.

2025-11-25 17:47:36 INFO  org.quartz.impl.StdSchedulerFactory - Quartz scheduler 'quartzScheduler' initialized from an externally provided properties instance.
2025-11-25 17:47:36 INFO  org.quartz.impl.StdSchedulerFactory - Quartz scheduler version: 2.5.0
2025-11-25 17:47:36 INFO  org.quartz.core.QuartzScheduler - JobFactory set to: org.springframework.scheduling.quartz.SpringBeanJobFactory@4b19ee18
2025-11-25 17:47:36 INFO  o.s.d.j.r.query.QueryEnhancerFactory - Hibernate is in classpath; If applicable, HQL parser will be used.
2025-11-25 17:47:37 WARN  o.s.b.a.o.j.JpaBaseConfiguration$JpaWebConfiguration - spring.jpa.open-in-view is enabled by default. Therefore, database queries may be performed during view rendering. Explicitly configure spring.jpa.open-in-view to disable this warning
2025-11-25 17:47:38 INFO  o.a.coyote.http11.Http11NioProtocol - Starting ProtocolHandler ["http-nio-8080"]
2025-11-25 17:47:38 INFO  o.s.b.w.e.tomcat.TomcatWebServer - Tomcat started on port 8080 (http) with context path '/'
2025-11-25 17:47:38 INFO  o.s.s.quartz.SchedulerFactoryBean - Starting Quartz Scheduler now
2025-11-25 17:47:38 INFO  o.s.s.quartz.LocalDataSourceJobStore - Freed 0 triggers from 'acquired' / 'blocked' state.
2025-11-25 17:47:38 INFO  o.s.s.quartz.LocalDataSourceJobStore - Recovering 0 jobs that were in-progress at the time of the last shut-down.
2025-11-25 17:47:38 INFO  o.s.s.quartz.LocalDataSourceJobStore - Recovery complete.
2025-11-25 17:47:38 INFO  o.s.s.quartz.LocalDataSourceJobStore - Removed 0 'complete' triggers.
2025-11-25 17:47:38 INFO  o.s.s.quartz.LocalDataSourceJobStore - Removed 0 stale fired job entries.
2025-11-25 17:47:38 INFO  org.quartz.core.QuartzScheduler - Scheduler quartzScheduler_$_NON_CLUSTERED started.
2025-11-25 17:47:38 INFO  c.e.c.CrmSystemBackendApplication - Started CrmSystemBackendApplication in 8.042 seconds (process running for 9.063)
2025-11-25 17:47:47 INFO  o.a.c.c.C.[Tomcat].[localhost].[/] - Initializing Spring DispatcherServlet 'dispatcherServlet'
2025-11-25 17:47:47 INFO  o.s.web.servlet.DispatcherServlet - Initializing Servlet 'dispatcherServlet'
2025-11-25 17:47:47 INFO  o.s.web.servlet.DispatcherServlet - Completed initialization in 1 ms
2025-11-25 17:47:56 WARN  o.s.web.servlet.PageNotFound - No mapping for GET /.well-known/appspecific/com.chrome.devtools.json
2025-11-25 17:47:56 WARN  o.s.web.servlet.PageNotFound - No endpoint GET /.well-known/appspecific/com.chrome.devtools.json.
2025-11-25 17:50:10 INFO  org.quartz.core.QuartzScheduler - Scheduler quartzScheduler_$_NON_CLUSTERED paused.
2025-11-25 17:50:10 INFO  o.s.b.w.e.tomcat.GracefulShutdown - Commencing graceful shutdown. Waiting for active requests to complete
2025-11-25 17:50:10 INFO  o.s.b.w.e.tomcat.GracefulShutdown - Graceful shutdown complete
2025-11-25 17:50:10 INFO  o.s.s.quartz.SchedulerFactoryBean - Shutting down Quartz Scheduler
2025-11-25 17:50:10 INFO  org.quartz.core.QuartzScheduler - Scheduler quartzScheduler_$_NON_CLUSTERED shutting down.
2025-11-25 17:50:10 INFO  org.quartz.core.QuartzScheduler - Scheduler quartzScheduler_$_NON_CLUSTERED paused.
2025-11-25 17:50:10 INFO  org.quartz.core.QuartzScheduler - Scheduler quartzScheduler_$_NON_CLUSTERED shutdown complete.
2025-11-25 17:50:10 INFO  o.s.o.j.LocalContainerEntityManagerFactoryBean - Closing JPA EntityManagerFactory for persistence unit 'default'
2025-11-25 17:50:10 INFO  com.zaxxer.hikari.HikariDataSource - HikariPool-1 - Shutdown initiated...
2025-11-25 17:50:10 INFO  com.zaxxer.hikari.HikariDataSource - HikariPool-1 - Shutdown completed.
2025-11-25 17:51:41 INFO  o.h.validator.internal.util.Version - HV000001: Hibernate Validator 8.0.3.Final
2025-11-25 17:51:41 INFO  c.e.c.CrmSystemBackendApplication - Starting CrmSystemBackendApplication using Java 17.0.16 with PID 15016 (D:\assignments\case_studys\crm-system\crm-system-backend\target\classes started by Perennial in D:\assignments\case_studys\crm-system)
2025-11-25 17:51:41 INFO  c.e.c.CrmSystemBackendApplication - No active profile set, falling back to 1 default profile: "default"
2025-11-25 17:51:42 INFO  o.s.d.r.c.RepositoryConfigurationDelegate - Bootstrapping Spring Data JPA repositories in DEFAULT mode.
2025-11-25 17:51:42 INFO  o.s.d.r.c.RepositoryConfigurationDelegate - Finished Spring Data repository scanning in 112 ms. Found 5 JPA repository interfaces.
2025-11-25 17:51:43 INFO  o.s.b.w.e.tomcat.TomcatWebServer - Tomcat initialized with port 8080 (http)
2025-11-25 17:51:43 INFO  o.a.coyote.http11.Http11NioProtocol - Initializing ProtocolHandler ["http-nio-8080"]
2025-11-25 17:51:43 INFO  o.a.catalina.core.StandardService - Starting service [Tomcat]
2025-11-25 17:51:43 INFO  o.a.catalina.core.StandardEngine - Starting Servlet engine: [Apache Tomcat/10.1.48]
2025-11-25 17:51:43 INFO  o.apache.jasper.servlet.TldScanner - At least one JAR was scanned for TLDs yet contained no TLDs. Enable debug logging for this logger for a complete list of JARs that were scanned but no TLDs were found in them. Skipping unneeded JARs during scanning can improve startup time and JSP compilation time.
2025-11-25 17:51:43 INFO  o.a.c.c.C.[Tomcat].[localhost].[/] - Initializing Spring embedded WebApplicationContext
2025-11-25 17:51:43 INFO  o.s.b.w.s.c.ServletWebServerApplicationContext - Root WebApplicationContext: initialization completed in 1800 ms
2025-11-25 17:51:43 INFO  com.zaxxer.hikari.HikariDataSource - HikariPool-1 - Starting...
2025-11-25 17:51:43 INFO  com.zaxxer.hikari.pool.HikariPool - HikariPool-1 - Added connection com.mysql.cj.jdbc.ConnectionImpl@5bb2fb2b
2025-11-25 17:51:43 INFO  com.zaxxer.hikari.HikariDataSource - HikariPool-1 - Start completed.
2025-11-25 17:51:44 INFO  o.h.jpa.internal.util.LogHelper - HHH000204: Processing PersistenceUnitInfo [name: default]
2025-11-25 17:51:44 INFO  org.hibernate.Version - HHH000412: Hibernate ORM core version 6.6.33.Final
2025-11-25 17:51:44 INFO  o.h.c.i.RegionFactoryInitiator - HHH000026: Second-level cache disabled
2025-11-25 17:51:44 INFO  o.s.o.j.p.SpringPersistenceUnitInfo - No LoadTimeWeaver setup: ignoring JPA class transformer
2025-11-25 17:51:45 INFO  o.hibernate.orm.connections.pooling - HHH10001005: Database info:
	Database JDBC URL [Connecting through datasource 'HikariDataSource (HikariPool-1)']
	Database driver: undefined/unknown
	Database version: 8.0.43
	Autocommit mode: undefined/unknown
	Isolation level: undefined/unknown
	Minimum pool size: undefined/unknown
	Maximum pool size: undefined/unknown
2025-11-25 17:51:46 INFO  o.h.e.t.j.p.i.JtaPlatformInitiator - HHH000489: No JTA platform available (set 'hibernate.transaction.jta.platform' to enable JTA platform integration)
2025-11-25 17:51:46 INFO  o.s.o.j.LocalContainerEntityManagerFactoryBean - Initialized JPA EntityManagerFactory for persistence unit 'default'
2025-11-25 17:51:46 INFO  org.quartz.impl.StdSchedulerFactory - Using default implementation for ThreadExecutor
2025-11-25 17:51:46 INFO  o.quartz.core.SchedulerSignalerImpl - Initialized Scheduler Signaller of type: class org.quartz.core.SchedulerSignalerImpl
2025-11-25 17:51:46 INFO  org.quartz.core.QuartzScheduler - Quartz Scheduler v2.5.0 created.
2025-11-25 17:51:46 INFO  o.s.s.quartz.LocalDataSourceJobStore - Using db table-based data access locking (synchronization).
2025-11-25 17:51:46 INFO  o.s.s.quartz.LocalDataSourceJobStore - JobStoreCMT initialized.
2025-11-25 17:51:46 INFO  org.quartz.core.QuartzScheduler - Scheduler meta-data: Quartz Scheduler (v2.5.0) 'quartzScheduler' with instanceId 'NON_CLUSTERED'
  Scheduler class: 'org.quartz.core.QuartzScheduler' - running locally.
  NOT STARTED.
  Currently in standby mode.
  Number of jobs executed: 0
  Using thread pool 'org.quartz.simpl.SimpleThreadPool' - with 5 threads.
  Using job-store 'org.springframework.scheduling.quartz.LocalDataSourceJobStore' - which supports persistence. and is not clustered.

2025-11-25 17:51:46 INFO  org.quartz.impl.StdSchedulerFactory - Quartz scheduler 'quartzScheduler' initialized from an externally provided properties instance.
2025-11-25 17:51:46 INFO  org.quartz.impl.StdSchedulerFactory - Quartz scheduler version: 2.5.0
2025-11-25 17:51:46 INFO  org.quartz.core.QuartzScheduler - JobFactory set to: org.springframework.scheduling.quartz.SpringBeanJobFactory@69eb1f23
2025-11-25 17:51:46 INFO  o.s.d.j.r.query.QueryEnhancerFactory - Hibernate is in classpath; If applicable, HQL parser will be used.
2025-11-25 17:51:47 WARN  o.s.b.a.o.j.JpaBaseConfiguration$JpaWebConfiguration - spring.jpa.open-in-view is enabled by default. Therefore, database queries may be performed during view rendering. Explicitly configure spring.jpa.open-in-view to disable this warning
2025-11-25 17:51:48 INFO  o.a.coyote.http11.Http11NioProtocol - Starting ProtocolHandler ["http-nio-8080"]
2025-11-25 17:51:48 INFO  o.s.b.w.e.tomcat.TomcatWebServer - Tomcat started on port 8080 (http) with context path '/'
2025-11-25 17:51:48 INFO  o.s.s.quartz.SchedulerFactoryBean - Starting Quartz Scheduler now
2025-11-25 17:51:48 INFO  o.s.s.quartz.LocalDataSourceJobStore - Freed 0 triggers from 'acquired' / 'blocked' state.
2025-11-25 17:51:48 INFO  o.s.s.quartz.LocalDataSourceJobStore - Recovering 0 jobs that were in-progress at the time of the last shut-down.
2025-11-25 17:51:48 INFO  o.s.s.quartz.LocalDataSourceJobStore - Recovery complete.
2025-11-25 17:51:48 INFO  o.s.s.quartz.LocalDataSourceJobStore - Removed 0 'complete' triggers.
2025-11-25 17:51:48 INFO  o.s.s.quartz.LocalDataSourceJobStore - Removed 0 stale fired job entries.
2025-11-25 17:51:48 INFO  org.quartz.core.QuartzScheduler - Scheduler quartzScheduler_$_NON_CLUSTERED started.
2025-11-25 17:51:48 INFO  c.e.c.CrmSystemBackendApplication - Started CrmSystemBackendApplication in 7.655 seconds (process running for 8.611)
2025-11-25 17:52:26 INFO  o.a.c.c.C.[Tomcat].[localhost].[/] - Initializing Spring DispatcherServlet 'dispatcherServlet'
2025-11-25 17:52:26 INFO  o.s.web.servlet.DispatcherServlet - Initializing Servlet 'dispatcherServlet'
2025-11-25 17:52:26 INFO  o.s.web.servlet.DispatcherServlet - Completed initialization in 0 ms
2025-11-25 17:52:28 WARN  o.s.web.servlet.PageNotFound - No mapping for GET /.well-known/appspecific/com.chrome.devtools.json
2025-11-25 17:52:28 WARN  o.s.web.servlet.PageNotFound - No endpoint GET /.well-known/appspecific/com.chrome.devtools.json.
2025-11-25 18:01:21 WARN  o.s.web.servlet.PageNotFound - No mapping for GET /GspModel/login
2025-11-25 18:01:21 WARN  o.s.web.servlet.PageNotFound - No endpoint GET /GspModel/login.
2025-11-25 18:02:34 WARN  o.s.web.servlet.PageNotFound - No mapping for GET /.well-known/appspecific/com.chrome.devtools.json
2025-11-25 18:02:34 WARN  o.s.web.servlet.PageNotFound - No endpoint GET /.well-known/appspecific/com.chrome.devtools.json.
2025-11-25 18:31:00 WARN  com.zaxxer.hikari.pool.HikariPool - HikariPool-1 - Thread starvation or clock leap detected (housekeeper delta=46s553ms909µs800ns).
2025-11-25 18:39:07 WARN  com.zaxxer.hikari.pool.HikariPool - HikariPool-1 - Thread starvation or clock leap detected (housekeeper delta=4m36s378ms449µs600ns).
2025-11-25 18:47:52 INFO  org.quartz.core.QuartzScheduler - Scheduler quartzScheduler_$_NON_CLUSTERED paused.
2025-11-25 18:47:52 INFO  o.s.b.w.e.tomcat.GracefulShutdown - Commencing graceful shutdown. Waiting for active requests to complete
2025-11-25 18:47:52 INFO  o.s.b.w.e.tomcat.GracefulShutdown - Graceful shutdown complete
2025-11-25 18:47:52 INFO  o.s.s.quartz.SchedulerFactoryBean - Shutting down Quartz Scheduler
2025-11-25 18:47:52 INFO  org.quartz.core.QuartzScheduler - Scheduler quartzScheduler_$_NON_CLUSTERED shutting down.
2025-11-25 18:47:52 INFO  org.quartz.core.QuartzScheduler - Scheduler quartzScheduler_$_NON_CLUSTERED paused.
2025-11-25 18:47:52 INFO  org.quartz.core.QuartzScheduler - Scheduler quartzScheduler_$_NON_CLUSTERED shutdown complete.
2025-11-25 18:47:52 INFO  o.s.o.j.LocalContainerEntityManagerFactoryBean - Closing JPA EntityManagerFactory for persistence unit 'default'
2025-11-25 18:47:52 INFO  com.zaxxer.hikari.HikariDataSource - HikariPool-1 - Shutdown initiated...
2025-11-25 18:47:52 INFO  com.zaxxer.hikari.HikariDataSource - HikariPool-1 - Shutdown completed.
